{"evaluated_points":[[0.1535620134,0.4035485575,0.5,14.5745464143,13.698316998,10.0543462125,11.9022662141,14.8758014671]],"model_objective_values":[-128994.0241850649],"objective_values":[-274154.7182274993],"standard_deviation_evaluations":[]}