{"evaluated_points":[[0.1653754251,0.01,0.01,12.8104185901,14.9395729325,10.0628590185,10.3439915745,11.4054819588]],"model_objective_values":[-265733.7401006689],"objective_values":[-111676.7356642901],"standard_deviation_evaluations":[]}