{"evaluated_points":[[0.01,0.5,0.3525812647,12.4971091355,14.7612157044,12.7747605128,10.0812406142,12.0611913346]],"model_objective_values":[-266575.8978577325],"objective_values":[-219385.7480474336],"standard_deviation_evaluations":[]}