{"evaluated_points":[[0.01,0.5,0.0335645127,14.490245459,11.2509587322,14.8588067288,10.5994794759,10.5242099431]],"model_objective_values":[-264920.9113611217],"objective_values":[-96690.1936153333],"standard_deviation_evaluations":[]}