{"evaluated_points":[[0.5,0.01,0.386506671,10.051972022,12.6344286137,12.6481814794,11.3975787537,12.3397795973]],"model_objective_values":[-147965.1265402035],"objective_values":[-244985.3327155551],"standard_deviation_evaluations":[]}