{"evaluated_points":[[0.01,0.01,0.1534194329,11.6368031825,11.3672092447,14.7051545742,13.6569649641,13.708040878]],"model_objective_values":[-194531.8236226324],"objective_values":[-154476.4361810737],"standard_deviation_evaluations":[]}