{"evaluated_points":[[0.5,0.01,0.01,11.9183817219,14.4349831431,13.3158108516,10.4719068419,12.8649623263]],"model_objective_values":[-255445.5388510299],"objective_values":[-116128.9885422256],"standard_deviation_evaluations":[]}