{"evaluated_points":[[0.01,0.5,0.5,13.318676325,10.7022413282,14.4776831314,10.0614187372,14.3935336199]],"model_objective_values":[-223577.3054811288],"objective_values":[-269648.0102824749],"standard_deviation_evaluations":[]}