{"evaluated_points":[[0.3792060077,0.5,0.4320875978,10.4908191889,11.6304814513,13.1015607379,14.9633555116,12.7485576866]],"model_objective_values":[-185494.7967621818],"objective_values":[-267027.8729568132],"standard_deviation_evaluations":[]}