{"evaluated_points":[[0.5,0.5,0.0207119064,10.0,13.7793257718,10.0,14.9898342965,12.2888455253]],"model_objective_values":[-172910.9790225828],"objective_values":[-118860.2521843255],"standard_deviation_evaluations":[]}