{"evaluated_points":[[0.01,0.5,0.5,12.8692719887,10.2870237827,12.8664669884,14.8513348185,10.4668325355]],"model_objective_values":[-226039.3541171336],"objective_values":[-253347.587802703],"standard_deviation_evaluations":[]}