{"evaluated_points":[[0.3250443069,0.143254195,0.01,10.7679627391,12.6694175134,11.7497420942,10.0,13.7459339027]],"model_objective_values":[-230739.5920893106],"objective_values":[-127308.0596746295],"standard_deviation_evaluations":[]}