{"evaluated_points":[[0.4980809971,0.01,0.01,10.0058515312,13.2001968414,14.7368306647,14.8244070288,11.0662926114]],"model_objective_values":[-184791.8106757691],"objective_values":[-113926.0386650139],"standard_deviation_evaluations":[]}