{"evaluated_points":[[0.2881799831,0.1492985987,0.01,14.6137442993,11.9484125942,14.8993899227,15.0,10.2647271323]],"model_objective_values":[-237042.8831021205],"objective_values":[-118753.0557306192],"standard_deviation_evaluations":[]}