{"evaluated_points":[[0.3761338067,0.011657591,0.01,14.8097525492,12.9078699125,10.2213260145,10.0,14.7303934496]],"model_objective_values":[-151045.8859472986],"objective_values":[-127060.1180293851],"standard_deviation_evaluations":[]}