{"evaluated_points":[[0.5,0.4357293714,0.5,13.4371795863,14.9605383555,10.1461131021,14.3245832966,12.9807262076]],"model_objective_values":[-146381.1499268627],"objective_values":[-270456.4211059092],"standard_deviation_evaluations":[]}