{"evaluated_points":[[0.0546300879,0.01,0.0366915641,14.1357918282,12.5747793922,11.5486091049,12.3090653723,13.1318869309]],"model_objective_values":[-261660.8063982799],"objective_values":[-107981.5543970014],"standard_deviation_evaluations":[]}