{"evaluated_points":[[0.5,0.5,0.0156905314,14.5819026381,10.690682346,11.4596792459,14.0244422489,10.0]],"model_objective_values":[-262913.3469122581],"objective_values":[-112085.5308988981],"standard_deviation_evaluations":[]}