{"evaluated_points":[[0.5,0.1145643928,0.5,10.5133285449,10.708856821,11.6286454738,12.6189822594,15.0]],"model_objective_values":[-148761.8492828681],"objective_values":[-282307.8146385296],"standard_deviation_evaluations":[]}