{"evaluated_points":[[0.5,0.0889202105,0.5,11.1288420852,13.6166028671,14.0450817231,10.3618432015,14.1883546393]],"model_objective_values":[-179969.4261889975],"objective_values":[-277988.0500905557],"standard_deviation_evaluations":[]}