{"evaluated_points":[[0.0810681864,0.5,0.5,14.1910246757,13.6012388392,14.3023010159,14.9873690271,13.5210125093]],"model_objective_values":[-215937.8322115362],"objective_values":[-258541.015453845],"standard_deviation_evaluations":[]}