{"evaluated_points":[[0.4909547681,0.1326342276,0.5,14.3819662825,12.2956900161,10.7089375571,10.296431444,15.0]],"model_objective_values":[-150339.1625220873],"objective_values":[-279308.4287135056],"standard_deviation_evaluations":[]}