{"evaluated_points":[[0.01,0.2135380108,0.1313912922,10.0653649127,12.947610021,11.0338055439,13.0241189932,14.5152866067]],"model_objective_values":[-238463.7704755764],"objective_values":[-147631.383302355],"standard_deviation_evaluations":[]}