{"evaluated_points":[[0.5,0.5,0.01,12.2657868616,13.4839984991,14.9418818214,14.0342387856,10.0109551648]],"model_objective_values":[-216604.0635487912],"objective_values":[-111488.852797523],"standard_deviation_evaluations":[]}