{"evaluated_points":[[0.5,0.3214160487,0.2326042531,13.3059715287,13.9440751274,12.5161347978,15.0,13.0776361201]],"model_objective_values":[-237453.5253151536],"objective_values":[-199570.7158755554],"standard_deviation_evaluations":[]}