{"evaluated_points":[[0.1605265257,0.5,0.5,12.0417963364,13.0056942515,14.7574410705,10.2240631032,10.0]],"model_objective_values":[-174242.3451978609],"objective_values":[-258498.1514706769],"standard_deviation_evaluations":[]}