{"evaluated_points":[[0.01,0.025112159,0.1013856001,13.2034884591,10.3848507119,12.8055714712,10.0,11.7878804069]],"model_objective_values":[-258750.215110286],"objective_values":[-127265.6339848295],"standard_deviation_evaluations":[]}