{"evaluated_points":[[0.0532540697,0.01,0.2842545785,11.3690034634,11.0334564635,12.4649864975,10.6253283262,15.0]],"model_objective_values":[-259381.1758103565],"objective_values":[-205234.5368457033],"standard_deviation_evaluations":[]}