{"evaluated_points":[[0.01,0.01,0.5,14.9110125,13.8258730177,14.4476954412,12.4746810971,10.1626320701]],"model_objective_values":[-133739.0762990704],"objective_values":[-251669.2911149051],"standard_deviation_evaluations":[]}