{"0":{"std":75705.9415789546,"n_samples":400,"ci_up":183463.3227504126,"ci_low":168624.9582009375,"mean":176044.140475675},"1":{"std":72703.8748657248,"n_samples":400,"ci_up":163606.8291029481,"ci_low":149356.8696292661,"mean":156481.8493661071},"2":{"std":66433.0108168804,"n_samples":400,"ci_up":151843.180282252,"ci_low":138822.3101621434,"mean":145332.7452221977},"3":{"std":65357.7807842493,"n_samples":400,"ci_up":148714.7750482884,"ci_low":135904.6500145755,"mean":142309.712531432},"4":{"std":58397.466893468,"n_samples":400,"ci_up":139564.9663637257,"ci_low":128119.062852606,"mean":133842.0146081659},"5":{"std":62868.8442661024,"n_samples":400,"ci_up":143632.9698870659,"ci_low":131310.6764109098,"mean":137471.8231489878},"6":{"std":63380.4005890819,"n_samples":400,"ci_up":143615.8954248859,"ci_low":131193.3369094259,"mean":137404.6161671559},"7":{"std":60299.6434709029,"n_samples":400,"ci_up":139209.8651234367,"ci_low":127391.1350031397,"mean":133300.5000632882},"8":{"std":59678.6407024307,"n_samples":400,"ci_up":137963.0193513202,"ci_low":126266.0057736438,"mean":132114.512562482},"9":{"std":61050.7275855914,"n_samples":400,"ci_up":140043.8589960866,"ci_low":128077.9163893107,"mean":134060.8876926987},"10":{"std":58432.1810172911,"n_samples":400,"ci_up":135890.3642168013,"ci_low":124437.6567374122,"mean":130164.0104771068},"11":{"std":56289.412726094,"n_samples":400,"ci_up":133089.7165710725,"ci_low":122056.991676758,"mean":127573.3541239153},"12":{"std":57147.2410116166,"n_samples":400,"ci_up":132915.0471191464,"ci_low":121714.1878808695,"mean":127314.617500008},"13":{"std":55839.9916430621,"n_samples":400,"ci_up":130822.4331842117,"ci_low":119877.7948221715,"mean":125350.1140031916},"14":{"std":54421.7569959133,"n_samples":400,"ci_up":129953.8661193041,"ci_low":119287.2017481051,"mean":124620.5339337046},"15":{"std":52755.1931649307,"n_samples":400,"ci_up":128470.335068707,"ci_low":118130.3172083806,"mean":123300.3261385438},"16":{"std":51041.1538588063,"n_samples":400,"ci_up":125965.0310249033,"ci_low":115960.9648685772,"mean":120962.9979467402},"17":{"std":49700.974353486,"n_samples":400,"ci_up":124765.0445894461,"ci_low":115023.6536161628,"mean":119894.3491028044},"18":{"std":46205.6394764226,"n_samples":400,"ci_up":121691.6014248482,"ci_low":112635.2960874694,"mean":117163.4487561588},"19":{"std":48561.0450147191,"n_samples":400,"ci_up":123217.2583238091,"ci_low":113699.2935009241,"mean":118458.2759123666},"20":{"std":48946.311911707,"n_samples":400,"ci_up":123506.3501641754,"ci_low":113912.8730294808,"mean":118709.6115968281},"21":{"std":45344.5587716064,"n_samples":400,"ci_up":120041.71139072,"ci_low":111154.1778714851,"mean":115597.9446311026}}