{"0":{"std":77706.1699419475,"n_samples":30,"ci_up":213355.5477362273,"ci_low":157741.9561471021,"mean":185548.7519416647},"1":{"std":65159.9017443915,"n_samples":30,"ci_up":159397.4330866493,"ci_low":112763.0903271573,"mean":136080.2617069033},"2":{"std":78647.4640690088,"n_samples":30,"ci_up":202481.2412911669,"ci_low":146193.9741472339,"mean":174337.6077192004},"3":{"std":69473.7048837403,"n_samples":30,"ci_up":166682.4003473448,"ci_low":116960.7083314571,"mean":141821.5543394009},"4":{"std":39300.0564270474,"n_samples":29,"ci_up":133703.5664117661,"ci_low":105096.0443188628,"mean":119399.8053653145},"5":{"std":11543.2814137299,"n_samples":7,"ci_up":123617.422132334,"ci_low":106514.6570490905,"mean":115066.0395907123}}