{"type_bounds":[0,0,1,1],"max_steps_out":1000,"dimensions":[4],"bounds_domain":[[0.0,1.0],[0.0,1.0],[0.25,0.5,0.75],[0.2,0.4,0.6,0.8]],"mean_value":[0.0],"samples_parameters":[[0.0,0.0,0.0988085365,422.6267559246,0.7057762033,0.4227364637],[0.0,0.0,0.0988252266,484.7803680401,0.7050384028,0.4226895843],[0.0,0.0,0.0988383405,650.3076546003,0.7049876672,0.4228862675],[0.0,0.0,0.0988207165,675.4198069167,0.7053459122,0.4229707312],[0.0,0.0,0.0988078238,329.8372750479,0.7055300202,0.4229981664],[0.0,0.0,0.0988328603,871.2250216335,0.7048261022,0.4227509532],[0.0,0.0,0.0987930632,939.5293286287,0.705154885,0.4229172306],[0.0,0.0,0.0988252851,612.56376836,0.7049786657,0.422858371],[0.0,0.0,0.0987972147,918.8944230244,0.704665045,0.4230291551],[0.0,0.0,0.098841924,664.61565087,0.7049557336,0.4230120995],[0.0,0.0,0.0988250809,986.8412518069,0.7047281685,0.4227708967],[0.0,0.0,0.0828245685,493.0353416323,177.2964785395,0.1287680464],[0.0,0.0,0.0133134749,621.7722380757,0.2488165329,31.1019574801],[0.0,0.0,0.0133301305,587.4901854745,0.255322346,1.9256186304],[0.0,0.0,0.0133791125,731.8644535825,0.2629137712,1.4170818528],[0.0,0.0,0.013399405,596.4546590129,0.2682895065,1.2194545532],[0.0,0.0,0.0134023424,839.3164462344,0.2692313515,1.1999192649],[0.0,0.0,0.0134040393,804.8265114994,0.269991555,1.1807101787],[0.0,0.0,0.013407613,505.7760524779,0.2701728283,1.1686953455],[0.0,0.0,0.0134100254,617.7448297944,0.270661878,1.1632468959],[0.0,0.0,0.01340735,847.7682000765,0.2706559087,1.1622182503],[0.0,0.0,0.0133456086,734.4334981752,0.1900541228,104.5292015149],[0.0,0.0,0.0133133642,351.2861975388,0.2007783343,163.3131319596],[0.0,0.0,0.0133172434,819.40823113,0.200846828,187.0597132254],[0.0,0.0,0.0133186409,857.3888621308,0.2007407751,198.035797291],[0.0,0.0,0.0133198551,352.2529725832,0.2007485623,193.2650284898],[0.0,0.0,0.0133170825,731.8343134507,0.2006981481,199.8424977851],[0.0,0.0,0.0133154367,992.3418114539,0.2007704767,180.2775302575],[0.0,0.0,0.0133159307,577.7018958193,0.2008385898,198.7052124606],[0.0,0.0,0.0133136838,681.0681631579,0.2008197702,193.6122465014],[0.0,0.0,0.0133134724,390.9940526611,0.2007406964,198.8395314063],[0.0,0.0,0.0136986849,437.5207050399,0.2019051655,197.1789077052],[0.0,0.0,0.0135245185,770.5462781956,0.2017405211,192.5679453525],[0.0,0.0,0.0135218774,438.2223442253,0.201832611,192.3974148391],[0.0,0.0,0.0135245437,930.4798393545,0.2018719688,191.4119791497],[0.0,0.0,0.0135279788,669.5014519527,0.201679958,154.3172572899],[0.0,0.0,0.0135225441,511.6489169129,0.2018072893,184.2429498533],[0.0,0.0,0.0135257569,793.0676707981,0.2017595095,177.9747357936],[0.0,0.0,0.0135248954,613.7196300009,0.201805981,170.1361032885],[0.0,0.0,0.0135223205,412.1224967053,0.2018240385,184.5935857495],[0.0,0.0,0.0135186415,932.9651001862,0.2017816841,146.7136495164],[0.0,0.0,0.0135317398,245.9774447023,0.2028553227,193.1741733091],[0.0,0.0,0.0135830285,883.7551580188,0.2023553073,169.5208678099],[0.0,0.0,0.0135849692,950.4058535771,0.2023288637,183.1185957206],[0.0,0.0,0.0135855728,656.7873374536,0.2023538143,199.0962886195],[0.0,0.0,0.0135845772,950.005025897,0.2024040649,160.1931335945],[0.0,0.0,0.0135821289,578.7448842061,0.2024170339,191.9523157582],[0.0,0.0,0.0135834837,124.4275388547,0.202366102,170.4804743569],[0.0,0.0,0.0135796418,618.8613867143,0.2024330504,194.3680497716],[0.0,0.0,0.0135797572,582.624239089,0.202336458,198.8991112845],[0.0,0.0,0.0135847826,712.8521725481,0.2023776128,165.95320388],[0.0,0.0,0.0135815461,687.0673163176,0.202384942,171.885721447],[0.0,0.0,0.0135841694,926.3977086603,0.2023615175,173.7402440811],[0.0,0.0,0.0135864401,816.106238561,0.2024316242,130.3506513556],[0.0,0.0,0.0135808004,326.1078080233,0.2024188373,179.8766359613],[0.0,0.0,0.0135852396,929.8366333994,0.2023938232,136.0931650137],[0.0,0.0,0.0135835983,804.5562157064,0.2023642165,182.3065446679],[0.0,0.0,0.0135845015,524.5893666222,0.2024206877,192.8892011159],[0.0,0.0,0.0135817907,735.3934039118,0.2023809189,199.4926922872],[0.0,0.0,0.0135817925,864.7683289486,0.2024330236,182.8798479812],[0.0,0.0,0.0135813284,438.0447547657,0.2024243749,172.3247859792],[0.0,0.0,0.0150483987,914.2297480098,0.2024037503,148.2802450453],[0.0,0.0,0.014553625,2.375065708,0.2035437487,124.1746399393],[0.0,0.0,0.0166565631,0.7296069683,0.2066552033,136.0593188769],[0.0,0.0,0.0186647358,0.6006719577,0.2083952682,2.2201251545],[0.0,0.0,0.1131940845,0.3865180011,0.2194640462,0.5107755213],[0.0,0.0,0.1131210226,0.3870344328,0.219442825,0.5118459533],[0.0,0.0,0.11310994,0.3868670316,0.219509319,0.5117277265],[0.0,0.0,0.1131262675,0.3869244769,0.2195727259,0.5118800855],[0.0,0.0,0.1130747046,0.3870364428,0.2195494794,0.5117906825],[0.0,0.0,0.1130502187,0.3869257117,0.219515899,0.5115461295],[0.0,0.0,0.1117375302,0.3630228917,0.2199938082,0.5110760454],[0.0,0.0,0.1134421869,0.3659111143,0.2197600937,0.5109700342],[0.0,0.0,0.1133965055,0.3658368618,0.2197929071,0.5105444293],[0.0,0.0,0.113405746,0.3658411869,0.2197935826,0.5107561562],[0.0,0.0,0.1134498012,0.3658651948,0.2198246004,0.5107432495],[0.0,0.0,0.1134234926,0.3658126734,0.2197980835,0.5108639718],[0.0,0.0,0.1133876042,0.3657823171,0.219763817,0.510563387],[0.0,0.0,0.1134330915,0.3658929315,0.2197076737,0.5105722726],[0.0,0.0,0.1134095166,0.365787709,0.2198231795,0.5106781548],[0.0,0.0,0.1134110065,0.3658654498,0.2197662696,0.5105960838],[0.0,0.0,0.1133877984,0.3661019845,0.2172987103,0.5084180754],[0.0,0.0,0.1132419337,0.3660163174,0.2173163232,0.5081121188],[0.0,0.0,0.1131914698,0.3659753279,0.2172436734,0.5083827859],[0.0,0.0,0.1131849639,0.3661033902,0.2173157828,0.5083137487],[0.0,0.0,0.1131999362,0.3660550411,0.2173435097,0.5083729892],[0.0,0.0,0.1132030543,0.3660170096,0.2173236098,0.5082399281],[0.0,0.0,0.113218256,0.3659952036,0.2172611509,0.5084346367],[0.0,0.0,0.1131864997,0.3660480496,0.2173011604,0.5081284966],[0.0,0.0,0.1132348433,0.3659981987,0.2173154906,0.5082198383],[0.0,0.0,0.1132006742,0.3659665895,0.2171734462,0.5081417621],[0.0,0.0,0.1111622999,0.3645062261,0.217688522,0.4768456647],[0.0,0.0,0.1077691789,0.3652501323,0.2181926494,0.427637738],[0.0,0.0,0.1077867953,0.3651145761,0.2180427087,0.4277894088],[0.0,0.0,0.1077728769,0.3652067421,0.21810831,0.4277006668],[0.0,0.0,0.1077234459,0.3651310613,0.2181096783,0.4274694318],[0.0,0.0,0.1077420451,0.3651659001,0.2181152058,0.4275517374],[0.0,0.0,0.1078090038,0.3651596234,0.2181840697,0.427710417],[0.0,0.0,0.1077419224,0.3652475991,0.2181295046,0.4276708346],[0.0,0.0,0.1077109273,0.3652233979,0.2181702937,0.4276615053],[0.0,0.0,0.1077039572,0.3651691809,0.2181262642,0.4273975704],[0.0,0.0,0.1077457024,0.3754405667,0.2117820415,0.0014767343],[0.0,0.0,0.0539898346,0.3854978256,0.2125300885,0.19590489],[0.0,0.0,0.0539342465,0.3855300598,0.2123772948,0.19593652],[0.0,0.0,0.0539943614,0.385626405,0.2124256668,0.1960538433],[0.0,0.0,0.0539961065,0.3855054547,0.2123557113,0.1959177829],[0.0,0.0,0.0539623051,0.3855659575,0.2124576313,0.1958468527],[0.0,0.0,0.0539594081,0.3856310803,0.2124444684,0.1959210137],[0.0,0.0,0.0540685248,0.3854663396,0.2124850372,0.1960591317],[0.0,0.0,0.0540505403,0.3855293938,0.212506784,0.1959941415],[0.0,0.0,0.0539777735,0.3855094175,0.2124550284,0.1960407985],[0.0,0.0,0.2013034707,0.3561247677,0.2104578451,0.178795024],[0.0,0.0,0.1761915719,0.3184571203,0.20931567,0.250626785],[0.0,0.0,0.1761813993,0.3180566632,0.2099942677,0.2507003172],[0.0,0.0,0.1761950185,0.3180053639,0.2100202089,0.2507192988],[0.0,0.0,0.1761736019,0.3179566448,0.2100121204,0.2506944805],[0.0,0.0,0.1761807595,0.3179585824,0.2099802989,0.2506821026],[0.0,0.0,0.1761998808,0.3180428308,0.2099963416,0.2507215119],[0.0,0.0,0.1761513963,0.3180393772,0.2100310298,0.2506774434],[0.0,0.0,0.1761966294,0.3180036802,0.2100254987,0.2506462499],[0.0,0.0,0.1761871217,0.3180211416,0.2099629715,0.2507103735]],"thinning":10,"kernel_values":[0.8747084512,0.8826492785,0.675154321,0.7458847737],"type_kernel":["Matern52"],