{"type_bounds":[0,0,1,1],"max_steps_out":1000,"dimensions":[4],"bounds_domain":[[0.0,1.0],[0.0,1.0],[0.25,0.5,0.75],[0.2,0.4,0.6,0.8]],"mean_value":[0.0],"samples_parameters":[[0.0,0.0,1.3238480909,0.0850958285,247.7611938423,0.5604519292],[0.0,0.0,1.3239944964,0.0850879185,246.974768802,0.5604210636],[0.0,0.0,1.3241882574,0.0850887125,244.2484970931,0.5604015476],[0.0,0.0,1.3240937869,0.0850883506,248.1145578669,0.5603594181],[0.0,0.0,1.324372349,0.0850900873,247.0176122751,0.560137439],[0.0,0.0,1.3242060141,0.0850837451,247.3192771757,0.5602992086],[0.0,0.0,1.324225967,0.0850914685,239.7809842872,0.5603508737],[0.0,0.0,1.3244300238,0.0850978161,249.0158652245,0.5603101658],[0.0,0.0,1.3232706192,0.085088949,246.2797727701,0.5604631848],[0.0,0.0,1.3237951238,0.0850977659,249.2089033738,0.5603308345],[0.0,0.0,1.3246256871,0.0851000746,249.3276066344,0.5602510961],[0.0,0.0,0.7559312384,0.0837931857,249.0371476274,0.5151112307],[0.0,0.0,1.082923937,0.0845110169,248.320262861,0.3726765517],[0.0,0.0,1.0824815146,0.0845075517,247.2345671802,0.372614916],[0.0,0.0,1.082602598,0.0845123876,248.1777495757,0.3725915242],[0.0,0.0,1.0824694193,0.0845013508,238.9314886906,0.3726741526],[0.0,0.0,1.0825828448,0.0845080009,249.8311857233,0.3726002447],[0.0,0.0,1.082865575,0.0845038261,248.6695964168,0.3726989458],[0.0,0.0,1.0821431586,0.0845084356,247.2930932878,0.3726992005],[0.0,0.0,1.0825052191,0.0844974822,246.9578511524,0.3726607035],[0.0,0.0,1.0826004369,0.0845043354,247.0730782877,0.3726731688],[0.0,0.0,1.1065744348,0.0844982763,249.5403912535,0.3713210146],[0.0,0.0,1.1049834785,0.0844565617,249.9082935538,0.3702399586],[0.0,0.0,1.1047856405,0.0844448691,249.8711414547,0.3701640158],[0.0,0.0,1.1047958799,0.0844405107,247.2646059569,0.3702041339],[0.0,0.0,1.1047621249,0.0844341798,245.9185468436,0.3702344109],[0.0,0.0,1.1050268396,0.0844430794,245.0825097976,0.3702452055],[0.0,0.0,1.1049023711,0.0844562752,249.4075804777,0.3701942982],[0.0,0.0,1.1050841979,0.0844559932,249.2596508214,0.3702316897],[0.0,0.0,1.1044825081,0.0844518175,247.8974702818,0.3702799163],[0.0,0.0,1.1046675005,0.0844546915,246.7837178939,0.3702569607],[0.0,0.0,1.1273808636,0.0782597913,249.4522992472,0.3638994594],[0.0,0.0,1.325449544,0.0785170556,237.3582292783,0.3441612737],[0.0,0.0,1.3252150109,0.0785049097,247.7458581667,0.3441323741],[0.0,0.0,1.3251732435,0.0785036807,232.7406328892,0.3440788896],[0.0,0.0,1.3256943038,0.0785083287,239.8821432494,0.3440983469],[0.0,0.0,1.3249157023,0.0785123444,247.7362138271,0.3441075072],[0.0,0.0,1.3247520019,0.0785204716,249.4099376569,0.344123994],[0.0,0.0,1.3250689673,0.0785104065,247.9099636916,0.3441385849],[0.0,0.0,1.3248202735,0.0785121866,249.2009365392,0.3441595678],[0.0,0.0,1.3250252178,0.0785084343,248.0065353795,0.3440689216],[0.0,0.0,1.3254539438,0.0785079958,247.8895829324,0.3440597487],[0.0,0.0,1.3248301797,0.078513601,247.0365227936,0.3441510751],[0.0,0.0,1.3254666847,0.0785085405,241.016792355,0.3441214502],[0.0,0.0,1.3249786113,0.0785200225,246.7558959084,0.3440725355],[0.0,0.0,1.3252410379,0.0785174026,249.0611983626,0.3440877332],[0.0,0.0,1.3254535872,0.0785034856,246.7115872934,0.3441370334],[0.0,0.0,1.3252317085,0.0785167637,249.946292733,0.3441717856],[0.0,0.0,1.3246416733,0.0785226994,245.1750024327,0.3440754552],[0.0,0.0,1.3254206496,0.0785069247,247.8525540151,0.344103741],[0.0,0.0,1.3255583732,0.0785002386,248.6698612988,0.3440927857],[0.0,0.0,0.9687629793,0.0902682658,122.3723623306,0.1103468726],[0.0,0.0,2.7037258178,0.0862724372,2.2885183688,0.1358387677],[0.0,0.0,647.4272172429,0.1326121707,0.4463012879,0.258830617],[0.0,0.0,936.2511592029,0.1313017418,0.4451784343,0.2592497227],[0.0,0.0,864.8380618789,0.1313092664,0.4452168012,0.259261181],[0.0,0.0,769.1585957304,0.1312930843,0.445197718,0.2592936564],[0.0,0.0,853.4573268204,0.1312893948,0.4452272886,0.2592787244],[0.0,0.0,882.2084962196,0.131293129,0.4452053697,0.2592821688],[0.0,0.0,992.7115204277,0.1312748921,0.4452460899,0.2592786887],[0.0,0.0,929.8034256413,0.1313022164,0.4452133607,0.259283795],[0.0,0.0,643.9158056226,0.1234960314,0.2900530578,0.2596738373],[0.0,0.0,0.9926410305,0.1369614811,0.4701752417,0.2621788638],[0.0,0.0,1.0491030145,0.1360741956,0.4491085863,0.2601426109],[0.0,0.0,1.049073395,0.1360712952,0.4490557938,0.260123176],[0.0,0.0,1.0489520938,0.1360951527,0.4490964149,0.2601098308],[0.0,0.0,1.049102215,0.136074154,0.4490921104,0.2601126708],[0.0,0.0,1.0490690509,0.1360573852,0.4490676989,0.2601146683],[0.0,0.0,1.0490636049,0.1360697127,0.4490164415,0.2601241429],[0.0,0.0,1.0489952921,0.1360699353,0.4490930005,0.2601062417],[0.0,0.0,1.0491199765,0.1360459413,0.4490173352,0.2601328446],[0.0,0.0,1.0489556106,0.136038117,0.449134025,0.2602110222],[0.0,0.0,1.0457225873,0.1361864184,0.4496022008,0.2601290709],[0.0,0.0,1.0457114394,0.1361637806,0.4495541315,0.2601210394],[0.0,0.0,1.0456397001,0.1361823097,0.4495427678,0.2601124372],[0.0,0.0,1.0456552073,0.1361699802,0.4495436886,0.260117533],[0.0,0.0,1.045644256,0.1361802685,0.4495798783,0.2601077783],[0.0,0.0,1.0455186165,0.1361718396,0.449595126,0.2601171976],[0.0,0.0,1.0457478425,0.1361904523,0.4495351879,0.2601407765],[0.0,0.0,1.0458925987,0.1362030488,0.449526316,0.2601125646],[0.0,0.0,1.0455474392,0.136195568,0.4495713171,0.2601192311],[0.0,0.0,1.045603193,0.1355400378,0.4495736625,0.2601799726],[0.0,0.0,1.0472068459,0.1358120775,0.4493367312,0.2601904903],[0.0,0.0,1.0470308835,0.1358356417,0.4493779927,0.2601797085],[0.0,0.0,1.0471092469,0.1358116988,0.4493657826,0.260177912],[0.0,0.0,1.0471655884,0.1357731977,0.4493408649,0.2602012474],[0.0,0.0,1.0472014011,0.1358250738,0.4493873096,0.260213769],[0.0,0.0,1.0470616519,0.1358047275,0.4494067427,0.2601989262],[0.0,0.0,1.0472249575,0.1358120427,0.4492899065,0.2602075844],[0.0,0.0,1.0470177984,0.1357906692,0.4493090582,0.2601808961],[0.0,0.0,1.0470476536,0.1358009163,0.4494050656,0.2601925662],[0.0,0.0,0.9972412469,0.148303645,0.455026916,0.0221403918],[0.0,0.0,0.8894663273,0.1415095189,0.5328983124,0.0689092836],[0.0,0.0,0.8885550815,0.1414075081,0.5338461888,0.068871782],[0.0,0.0,0.8884999719,0.1413727716,0.534040161,0.0688731726],[0.0,0.0,0.8883797616,0.1414010855,0.5339203742,0.0688714034],[0.0,0.0,0.8883923426,0.1414100505,0.5339138962,0.0688722589],[0.0,0.0,0.8884602829,0.1413719152,0.5340394809,0.068868855],[0.0,0.0,0.8885258123,0.1413906512,0.5339278586,0.0688721067],[0.0,0.0,0.8884539808,0.1413883399,0.5340248028,0.0688669496],[0.0,0.0,0.888444241,0.141379617,0.533972646,0.0688611757],[0.0,0.0,0.8546471446,0.133539659,0.5413451878,0.0691980573],[0.0,0.0,0.8381400749,0.1258799288,0.6166613712,0.0666700747],[0.0,0.0,0.8370902731,0.1258561254,0.6181550867,0.0666920825],[0.0,0.0,0.8370218759,0.1258644578,0.618277841,0.0666802502],[0.0,0.0,0.8369618234,0.1258596906,0.6184829585,0.0666698588],[0.0,0.0,0.837044674,0.1258499344,0.6183424213,0.0666702757],[0.0,0.0,0.8370229167,0.1258471127,0.6182225942,0.0666836007],[0.0,0.0,0.8371052746,0.1258520026,0.6183616621,0.0666677441],[0.0,0.0,0.8369764429,0.1258553734,0.6184603468,0.0666668025],[0.0,0.0,0.8367783023,0.1258451501,0.6187974705,0.0666556768],[0.0,0.0,0.8257314556,0.0889643638,0.7046632633,0.0610454576],[0.0,0.0,0.724960332,0.1155389381,248.6829144697,0.0364106829],[0.0,0.0,0.7249900365,0.1155333179,249.8692473811,0.0364128683],[0.0,0.0,0.724923201,0.1155377607,243.5909366862,0.0364088098],[0.0,0.0,0.7250058586,0.115535808,242.6938535249,0.0364122437],[0.0,0.0,0.7249909859,0.1155399061,248.2502225631,0.0364133848],[0.0,0.0,0.7249428674,0.1155451331,240.755128493,0.0364137123],[0.0,0.0,0.72493864,0.1155486107,249.258432822,0.036410569],[0.0,0.0,0.7249493646,0.1155409261,244.9909664649,0.0364139994],[0.0,0.0,0.7249824347,0.1155420236,242.8682810089,0.0364161387],[0.0,0.0,0.7249479893,0.115572503,242.9145970036,0.0364150851],[0.0,0.0,0.7249048901,0.1157522911,235.2308852319,0.0364139195],[0.0,0.0,0.7249063094,0.1157471403,242.5711810395,0.0364122194],[0.0,0.0,0.7249549819,0.1157407648,