{"type_bounds":[0,0,1,1],"max_steps_out":1000,"dimensions":[4],"bounds_domain":[[0.0,1.0],[0.0,1.0],[0.25,0.5,0.75],[0.2,0.4,0.6,0.8]],"mean_value":[0.0],"samples_parameters":[[0.0,0.0,271.3161435453,0.1624710758,0.1978759341,0.3463546411],[0.0,0.0,611.5535057964,0.1624303943,0.1978217814,0.3461102285],[0.0,0.0,644.5937265395,0.162460836,0.1977422638,0.3464992927],[0.0,0.0,880.9403739505,0.1624605114,0.1975941679,0.3461856277],[0.0,0.0,891.8935271232,0.1624862619,0.1978351898,0.3463387358],[0.0,0.0,753.4793206813,0.1624282653,0.1977629959,0.3464179098],[0.0,0.0,966.2979407092,0.162478077,0.197701524,0.3462526379],[0.0,0.0,703.458346129,0.1625295816,0.1977223889,0.3461310671],[0.0,0.0,781.076292075,0.1624744417,0.1976968987,0.3463408938],[0.0,0.0,400.8336906566,0.1624882645,0.197880999,0.3461901945],[0.0,0.0,817.1610006197,0.1624465072,0.1977659699,0.3461832186],[0.0,0.0,586.1561136603,0.1624636962,0.1978097251,0.3462971458],[0.0,0.0,971.0445845746,0.1624193266,0.1979750879,0.3462753149],[0.0,0.0,724.3647151225,0.1622789723,0.1977232937,0.3464328232],[0.0,0.0,447.4777259495,0.162368745,0.1978238708,0.3460969431],[0.0,0.0,868.2231670472,0.162236895,0.1977465682,0.3465167993],[0.0,0.0,966.5054555707,0.1622920128,0.1978740713,0.3464685757],[0.0,0.0,683.9774295421,0.1623441858,0.1978126984,0.3464677759],[0.0,0.0,817.7968166876,0.1622731257,0.197804016,0.346397503],[0.0,0.0,806.1905666555,0.1623526889,0.1979157866,0.3462762135],[0.0,0.0,793.4927624579,0.1622565229,0.1977217171,0.3463672116],[0.0,0.0,679.9989520931,0.1376246178,0.1704059324,0.346057709],[0.0,0.0,2.9556917081,0.1672069399,0.1976435981,0.3641178191],[0.0,0.0,2.7581005441,0.1647627502,0.1970825017,0.3542901688],[0.0,0.0,2.7539610344,0.1648573436,0.1970729265,0.3538673958],[0.0,0.0,2.75674127,0.1647144518,0.1969739491,0.3542550341],[0.0,0.0,2.7548692429,0.1647442064,0.1968563141,0.3541396338],[0.0,0.0,2.7543457966,0.1648133857,0.1971331464,0.3542736824],[0.0,0.0,2.7527289097,0.1647737587,0.1969994577,0.3538819537],[0.0,0.0,2.7563640192,0.164809207,0.196900965,0.3538952468],[0.0,0.0,2.7569205676,0.1647624153,0.196980806,0.3541573846],[0.0,0.0,3.0817749771,0.1537504641,0.1993085395,0.178036295],[0.0,0.0,2.5069584598,0.1526160586,0.215715542,0.2017788101],[0.0,0.0,2.5052427343,0.1526166472,0.2158412225,0.2016435566],[0.0,0.0,2.4952453647,0.1526651385,0.2157523023,0.2018220583],[0.0,0.0,2.5048333891,0.1526399265,0.2157661363,0.2018864901],[0.0,0.0,2.5031240121,0.1525359337,0.2160590002,0.2017641725],[0.0,0.0,2.5020039313,0.1526144205,0.2156133613,0.2016848771],[0.0,0.0,2.4985349729,0.1527892414,0.2157076183,0.201805922],[0.0,0.0,2.5020215656,0.1526164083,0.2157953214,0.2017987903],[0.0,0.0,2.5030454564,0.1525827344,0.2157674565,0.2018178711],[0.0,0.0,4.2957682344,0.1634244553,0.1428263301,0.1770999562],[0.0,0.0,881.60831785,0.1642430513,0.183079414,0.1368241417],[0.0,0.0,811.6685198831,0.1642150952,0.1829398517,0.1368214525],[0.0,0.0,769.9501473451,0.1643018006,0.1831045279,0.1367964147],[0.0,0.0,954.7125277677,0.1643579616,0.1831730731,0.1367940926],[0.0,0.0,753.5775067939,0.1642491629,0.1830305146,0.136764672],[0.0,0.0,667.0872724572,0.1641671796,0.1832506608,0.1367133823],[0.0,0.0,859.3834131867,0.1643033983,0.1830056957,0.1367703667],[0.0,0.0,678.6905221024,0.1642735052,0.183137431,0.1368312308],[0.0,0.0,687.1632855588,0.1642646672,0.183029993,0.1368171686],[0.0,0.0,741.2629246877,0.0825710744,0.2375488414,0.1380179472],[0.0,0.0,987.271855056,0.1197093891,0.1998217898,0.1376584278],[0.0,0.0,558.2551315419,0.1197473084,0.200074506,0.1376791593],[0.0,0.0,793.4214174946,0.1196728403,0.1996691608,0.1376479919],[0.0,0.0,853.6019057491,0.1197151552,0.2002007637,0.1376694649],[0.0,0.0,945.8416821767,0.1196609334,0.199738842,0.1376601862],[0.0,0.0,689.7446628226,0.1196937952,0.1999154111,0.1376939775],[0.0,0.0,934.7768065858,0.1197204612,0.2000771257,0.1376742235],[0.0,0.0,970.2047685136,0.1196346111,0.1999265666,0.1375442169],[0.0,0.0,568.8667253018,0.1196902533,0.199789126,0.1376704075]],"thinning":10,"kernel_values":[0.9954766793,0.987119077,0.589420439,0.5744170096],"type_kernel":["Matern52"],"training_data":{"evaluations":[2415.6149761607,226.3400548049,524.3380189645,3773.9291161454,294.2406736512,1558.350577842,1522.2359254545,11.674833587,289.4249811584,589.3043111767,3989.542369676,773.8727990139],"points":[[0.0152000422,0.9461825921,0.5,0.2],[0.9888571036,0.8084727295,0.25,0.6],[0.6744093067,0.5228758738,0.25,0.4],[0.4596838424,0.726572346,0.75,0.4],[0.3760784622,0.3132318516,0.25,0.4],[0.2703861096,0.7661959988,0.5,0.6],[0.1479811539,0.4238585001,0.25,0.6],[0.5534275694,0.0944065255,0.25,0.6],[0.2353335044,0.7487168398,0.25,0.2],[0.3290320901,0.4942463151,0.25,0.4],[0.9856748805,0.9791529474,0.5,0.6],[0.3139423518,0.1517579808,0.75,0.8]],"var_noise":[]},"var_noise_value":[0.0],"n_burning":500,"same_correlation":true,"problem_name":"branin","data":{"evaluations":[2415.6149761607,226.3400548049,524.3380189645,3773.9291161454,294.2406736512,1558.350577842,1522.2359254545,11.674833587,289.4249811584,589.3043111767,3989.542369676,773.8727990139,51.9611226823,3565.5868300288,420.3093055045,2027.5602152598,2192.0476544417,986.1537732621],"points":[[0.0152000422,0.9461825921,0.5,0.2],[0.9888571036,0.8084727295,0.25,0.6],[0.6744093067,0.5228758738,0.25,0.4],[0.4596838424,0.726572346,0.75,0.4],[0.3760784622,0.3132318516,0.25,0.4],[0.2703861096,0.7661959988,0.5,0.6],[0.1479811539,0.4238585001,0.25,0.6],[0.5534275694,0.0944065255,0.25,0.6],[0.2353335044,0.7487168398,0.25,0.2],[0.3290320901,0.4942463151,0.25,0.4],[0.9856748805,0.9791529474,0.5,0.6],[0.3139423518,0.1517579808,0.75,0.8],[1.0,0.0,0.25,0.7466103023],[0.1391834654,1.0,0.475355952,0.546598818],[1.0,0.6424343115,0.75,0.2],[1.0,1.0,0.43317555,0.4712406896],[0.616733924,0.2360590445,0.7389582905,0.8],[0.0740431872,0.8766765295,0.4617226427,0.2]],"var_noise":[]},"start_point_sampler":[0.0,0.0,271.3161435453,0.1624710758,0.1978759341,0.3463546411],"name_model":"gp_fitting_gaussian","training_name":"default_training_data_12_points_rs_507"}