{"type_bounds":[0,0,1,1],"max_steps_out":1000,"dimensions":[4],"bounds_domain":[[0.0,1.0],[0.0,1.0],[0.25,0.5,0.75],[0.2,0.4,0.6,0.8]],"mean_value":[0.0],"samples_parameters":[[0.0,0.0,877.8737912985,0.1278880347,0.5273003064,0.295387583],[0.0,0.0,564.7058962738,0.1278471478,0.5278267414,0.2953263885],[0.0,0.0,682.8660801573,0.1279245096,0.5271765856,0.2952301993],[0.0,0.0,807.9662845709,0.1278997943,0.5272562752,0.2953699069],[0.0,0.0,542.3686141031,0.1278333672,0.527798693,0.2953701997],[0.0,0.0,885.4664216714,0.127880983,0.5276792521,0.2953476967],[0.0,0.0,881.584814807,0.1278925313,0.5272682078,0.2953338118],[0.0,0.0,649.1823906496,0.1278633961,0.5280303013,0.2953442979],[0.0,0.0,361.1955442606,0.1278797442,0.5273664507,0.2951859922],[0.0,0.0,596.9285746832,0.1278607528,0.5281462429,0.2954157661],[0.0,0.0,510.0374756689,0.1279706708,0.5277008161,0.2954437994],[0.0,0.0,535.7176170853,0.1309741537,0.6021684212,0.2956221793],[0.0,0.0,985.2061371756,0.1281142697,0.5759655951,0.2966862201],[0.0,0.0,391.2285621835,0.1280883428,0.5758330819,0.2966025589],[0.0,0.0,662.6194695874,0.1280765061,0.5751419676,0.2966508754],[0.0,0.0,284.2112479471,0.1281063833,0.575574686,0.2966848215],[0.0,0.0,282.1186073466,0.1280869643,0.5753561998,0.2966783631],[0.0,0.0,725.6667086787,0.1280616257,0.5756259239,0.2967084425],[0.0,0.0,934.8211557717,0.1280499129,0.5759971413,0.2964869832],[0.0,0.0,541.2985668833,0.1280546363,0.575263865,0.2966399295],[0.0,0.0,862.7367887538,0.1280134243,0.5761290925,0.2967381982],[0.0,0.0,937.8504092216,0.2284261829,0.3381631203,0.2342196075],[0.0,0.0,993.7266562471,0.1933288269,0.630683175,0.1801932826],[0.0,0.0,860.7241584538,0.1933368255,0.6306166174,0.180254452],[0.0,0.0,965.5884207366,0.1933455703,0.6301765993,0.180255828],[0.0,0.0,853.1276169971,0.1933313422,0.6302882767,0.1802682534],[0.0,0.0,845.0286895068,0.1933246354,0.630488582,0.1802391974],[0.0,0.0,902.9864279165,0.1933432832,0.6303600457,0.1802461252],[0.0,0.0,904.6362004641,0.1933138389,0.630334668,0.1802839159],[0.0,0.0,947.7221198419,0.193346218,0.6302240878,0.1802514299],[0.0,0.0,881.4758835411,0.193313821,0.6302744165,0.1802683991],[0.0,0.0,315.7468937557,0.1929256831,0.6047499527,0.1801653143],[0.0,0.0,1.3756692688,0.2075182267,0.6321338399,0.1811577523],[0.0,0.0,1.3771266652,0.2060321377,0.639975206,0.1801487159],[0.0,0.0,1.3771585904,0.2060524392,0.6400287567,0.1801542426],[0.0,0.0,1.3770356313,0.2060041783,0.6401926936,0.1801570153],[0.0,0.0,1.3775456375,0.2060142364,0.6399206929,0.1801826156],[0.0,0.0,1.3768522664,0.2060462228,0.6400649897,0.1801689324],[0.0,0.0,1.3769088585,0.2060111095,0.6401299791,0.1801332031],[0.0,0.0,1.3772686157,0.2060045525,0.6403000303,0.1801516065],[0.0,0.0,1.3766212717,0.2060361185,0.6403925733,0.1801498822],[0.0,0.0,1.6325566418,0.2191327948,0.4746310102,0.2377297258],[0.0,0.0,1.5684182805,0.2136337155,0.3162016003,0.2151735881],[0.0,0.0,1.568678301,0.2136173655,0.3161772499,0.215227984],[0.0,0.0,1.5686830509,0.2136312606,0.3161355887,0.2151778092],[0.0,0.0,1.5684259661,0.2136050804,0.3161433448,0.2151879451],[0.0,0.0,1.5684579245,0.2136109796,0.3161295395,0.2151868087],[0.0,0.0,1.5689005963,0.2136006125,0.3161393536,0.2152090483],[0.0,0.0,1.5682126386,0.2136280865,0.316179212,0.2151907494],[0.0,0.0,1.5686741559,0.2135969512,0.3161598063,0.2151806236],[0.0,0.0,1.5696651096,0.2136051892,0.3161595519,0.2152007423],[0.0,0.0,0.9576891733,0.2187148804,0.3155412465,0.0306371048],[0.0,0.0,1.5622308401,0.222760285,0.3152462133,0.017751875],[0.0,0.0,1.5637809456,0.2227060937,0.3152737087,0.017758875],[0.0,0.0,1.564082535,0.2227236158,0.3152682093,0.0177528317],[0.0,0.0,1.5637141227,0.2226646541,0.3152734142,0.0177587015],[0.0,0.0,1.5636694944,0.2227242595,0.3152474753,0.0177535521],[0.0,0.0,1.5634749228,0.2227031383,0.3152563936,0.0177508471],[0.0,0.0,1.5635567496,0.2227163881,0.3152861885,0.0177372941],[0.0,0.0,1.5632799333,0.2227138809,0.3152625262,0.0177573191],[0.0,0.0,1.5641639061,0.222679284,0.3152541239,0.0177510833],[0.0,0.0,1.5635229807,0.2226861303,0.3149473933,0.017740845],[0.0,0.0,1.5643103121,0.2227166856,0.3152511233,0.0177547098],[0.0,0.0,1.5646361947,0.2227248855,0.3152881398,0.0177471439],[0.0,0.0,1.5640074012,0.222695105,0.3152636508,0.0177624638],[0.0,0.0,1.5642806616,0.2226897135,0.3152753756,0.0177478332],[0.0,0.0,1.5638106493,0.2227080838,0.31527193,0.0177617938],[0.0,0.0,1.5637778284,0.2227119539,0.3152630241,0.0177545256],[0.0,0.0,1.5647318355,0.2226946253,0.3152896715,0.0177586532],[0.0,0.0,1.5642289143,0.2227301628,0.3152562398,0.0177409689],[0.0,0.0,1.5637373804,0.2227122253,0.3152695852,0.0177564419],[0.0,0.0,1.5639559619,0.2227437022,0.3152598088,0.0177491372],[0.0,0.0,1.563401532,0.2226804212,0.3152558866,0.0177437836],[0.0,0.0,1.5627756703,0.222698345,0.3152686073,0.017748441],[0.0,0.0,1.5633043444,0.2226883651,0.3152926232,0.0177543163],[0.0,0.0,1.5637510882,0.2227172819,0.3152672803,0.0177559641],[0.0,0.0,1.5638588467,0.2227077915,0.3152629738,0.0177401076],[0.0,0.0,1.5639282804,0.2227267989,0.3152598402,0.0177528061],[0.0,0.0,1.5637800635,0.2226902473,0.315264337,0.0177531117],[0.0,0.0,1.563738251,0.2226984434,0.3152612141,0.0177508486],[0.0,0.0,1.563216614,0.222730046,0.3152448091,0.017742406],[0.0,0.0,1.5647462058,0.2226938093,0.315245472,0.0177532082],[0.0,0.0,1.5640543048,0.222691526,0.3152525474,0.0177533016],[0.0,0.0,1.5639180042,0.2226917511,0.3152546203,0.0177540044],[0.0,0.0,1.5640853537,0.2226863591,0.3152932351,0.0177437241],[0.0,0.0,1.5633189518,0.2227006805,0.315269079,0.0177506667],[0.0,0.0,1.5637111193,0.2227081742,0.3152827726,0.017754641],[0.0,0.0,1.5637046252,0.2227449257,0.3152529939,0.0177512363],[0.0,0.0,1.564506516,0.2227424114,0.3152457633,0.0177545749],[0.0,0.0,1.5639616115,0.2227024347,0.3152303118,0.0177618556],[0.0,0.0,1.5636028797,0.2227092588,0.3152770652,0.0177453938],[0.0,0.0,1.5332040705,0.2234868547,0.3152856306,0.0177101287],[0.0,0.0,1.5031659755,0.2234243532,0.3152810263,0.0177495424],[0.0,0.0,1.5029629434,0.2234296345,0.3152667016,0.0177556746],[0.0,0.0,1.5024966449,0.2234117502,0.3152737337,0.0177475456],[0.0,0.0,1.5031698929,0.2234017896,0.3152613051,0.0177544038],[0.0,0.0,1.5027387885,0.2234247427,0.31527675,0.0177568286],[0.0,0.0,1.5026413539,0.2234377113,0.3152814131,0.0177555434],[0.0,0.0,1.5029984064,0.2234158271,0.3152535993,0.0177557893],[0.0,0.0,1.5029633609,0.2234303613,0.3152549986,0.0177627109],[0.0,0.0,1.5029950133,0.2234049531,0.3152625073,0.0177465813],[0.0,0.0,1.5100435712,0.2217067834,0.3152902473,0.00136115],[0.0,0.0,1.558293591,0.2227042604,0.3152842195,0.001073687],[0.0,0.0,1.558458151,0.2227310507,0.3152697015,0.0010732297],[0.0,0.0,1.5582480333,0.2227511859,0.3152710829,0.0010730475],[0.0,0.0,1.5583342874,0.2227517753,0.3152663086,0.0010729565],[0.0,0.0,1.5580303294,0.2227420009,0.3152717687,0.0010724118],[0.0,0.0,1.5585649416,0.2227434864,0.3152623228,0.0010732592],[0.0,0.0,1.5579102367,0.2227064697,0.3152726965,0.001072948],[0.0,0.0,1.5583303923,0.2227245616,0.3152425924,0.0010732376],[0.0,0.0,1.5579567805,0.222735278,0.3152845604,0.0010727961]],"thinning":10,"kernel_values":[1.0004907315,1.1100122947,0.7287379973,0.8744855967],"type_kernel":["Matern52"],"training_data":{"evaluations":[220.897762408,179.0532202422,2308.3140220517,500.8285865118,518.588679082,3035.5015298961,2038.2782114598,2053.857556389,1300.7754768423,2016.9864282156,427.1019698348,7728.7228193138],"points":[[0.4375046331,0.2232580134,0.25,0.8],[0.6902826863,0.5521515778,0.25,0.2],[0.0511212405,0.8708652341,0.25,0.2],[0.4561343729,0.7263229384,0.75,0.2],[0.628858255,0.4078220232,0.25,0.8],[0.2624756148,0.9697228711,0.75,0.4],[0.1009632598,0.1446901823,0.5,0.2],[0.8090096858,0.1175399145,0.75,0.8],[0.195987535,0.977722711,0.25,0.2],[0.1101005733,0.0983470745,0.25,0.4],[0.2781756693,0.4271350943,0.5,0.6],[0.9603118151,0.6838292665,0.75,0.8]],"var_noise":[]},"var_noise_value":[0.0],"n_burning":500,"same_correlation":true,"problem_name":"branin",