{"type_bounds":[0,0,1,1],"max_steps_out":1000,"dimensions":[4],"bounds_domain":[[0.0,1.0],[0.0,1.0],[0.25,0.5,0.75],[0.2,0.4,0.6,0.8]],"mean_value":[0.0],"samples_parameters":[[0.0,0.0,0.4824018341,0.4299679602,0.2121145318,0.1610496919],[0.0,0.0,0.4822866866,0.4299331094,0.212066991,0.1610541954],[0.0,0.0,0.4822717808,0.4300566432,0.2121226561,0.1610012891],[0.0,0.0,0.4822903619,0.4301375254,0.2121107709,0.1610558854],[0.0,0.0,0.4821308188,0.4299909519,0.2121328794,0.1610664302],[0.0,0.0,0.4823788899,0.4300427447,0.2121390236,0.1610801851],[0.0,0.0,0.48213547,0.4300722102,0.21214339,0.1610679492],[0.0,0.0,0.4822152147,0.4299588554,0.2121499148,0.1610384298],[0.0,0.0,0.482195708,0.429988997,0.2121188894,0.1610751701],[0.0,0.0,0.4821864451,0.4298945218,0.2121336869,0.1610713182],[0.0,0.0,0.4823026032,0.4300548712,0.212114557,0.1609960642],[0.0,0.0,0.477785244,0.4154515358,0.212098805,0.1610812347],[0.0,0.0,0.4854986448,0.4091737447,0.2119450077,0.1611777386],[0.0,0.0,0.4855290718,0.4094044169,0.2119276719,0.1611040538],[0.0,0.0,0.485623669,0.409272263,0.2119318143,0.1611568593],[0.0,0.0,0.4855578681,0.4094104525,0.2119434327,0.1611518454],[0.0,0.0,0.4854352866,0.4096012814,0.2119434419,0.1611814791],[0.0,0.0,0.4855839026,0.4092378863,0.2119232756,0.1610887161],[0.0,0.0,0.4856133272,0.4092192263,0.2119326936,0.1611604376],[0.0,0.0,0.4853311716,0.4096473966,0.2119305397,0.1611592122],[0.0,0.0,0.4854181553,0.4096219585,0.2119623678,0.1611763123],[0.0,0.0,0.4845933485,0.4106627442,0.2118795995,0.1612088407],[0.0,0.0,0.4851872769,0.4104688973,0.2119225389,0.1611668926],[0.0,0.0,0.4850132206,0.4104348299,0.2119112051,0.1612031568],[0.0,0.0,0.4850583609,0.4102321015,0.2119114797,0.1611784876],[0.0,0.0,0.4849768844,0.4105077966,0.2119503429,0.1612272558],[0.0,0.0,0.4850523141,0.4103678996,0.2119059696,0.1612113282],[0.0,0.0,0.4850243896,0.4105979811,0.2119322804,0.1612227482],[0.0,0.0,0.4850432432,0.4104162754,0.2119104403,0.1612025252],[0.0,0.0,0.4848732791,0.4106873437,0.2118640208,0.1612435795],[0.0,0.0,0.4850846386,0.4105949644,0.2118961497,0.1612159116],[0.0,0.0,0.4851695688,0.4103309312,0.2119170514,0.1611916732],[0.0,0.0,0.4850372536,0.4107213188,0.2119264346,0.1611954088],[0.0,0.0,0.4851558115,0.4104343418,0.2118601692,0.1611651075],[0.0,0.0,0.484891869,0.410686471,0.2119332181,0.1612294753],[0.0,0.0,0.4850906135,0.4104702259,0.2118893021,0.161179356],[0.0,0.0,0.4851383739,0.4103580028,0.211955738,0.161189055],[0.0,0.0,0.4851690099,0.4102419137,0.211856772,0.1612244883],[0.0,0.0,0.4850115128,0.4102388637,0.2119623839,0.1612471399],[0.0,0.0,0.4850291368,0.4104520146,0.2119016825,0.1612150874],[0.0,0.0,0.4849504644,0.4104528204,0.2119304958,0.1611881383],[0.0,0.0,0.0451426249,0.3771535939,0.0609007131,0.1588901472],[0.0,0.0,0.0368691159,263.5812833553,0.0693530493,0.1565579744],[0.0,0.0,0.0324572838,643.0472479992,182.3286174056,0.1097326553],[0.0,0.0,0.0387668523,386.6709939448,242.3268021437,0.0864727627],[0.0,0.0,0.2384043301,0.5736767681,0.2420377047,0.0676628129],[0.0,0.0,0.6114702037,0.3302357662,0.1563724387,0.0709203688],[0.0,0.0,0.6195435489,0.3273596998,0.1564685059,0.0708803318],[0.0,0.0,0.6333807385,0.3225507127,0.1561461409,0.070910695],[0.0,0.0,0.6662399934,0.3097018994,0.1549813705,0.0709811922],[0.0,0.0,0.7663303857,0.2909096006,0.1530699361,0.0711746813]],"thinning":10,"kernel_values":[0.8741789648,1.1566159466,0.5787037037,0.7458847737],"type_kernel":["Matern52"],"training_data":{"evaluations":[14571.7192391194,3735.6622206135,720.1880190816,1763.0165609256,2156.8288221607,1055.7662810222,5306.427016938,501.0240388042,1386.5373719002,406.4005810437,2583.2431244319,2270.0863304347],"points":[[0.0208189578,0.9655533956,0.5,0.6],[0.4636783965,0.8756628154,0.5,0.8],[0.6034780947,0.1738227711,0.5,0.4],[0.7889022261,0.7995583051,0.25,0.4],[0.6585235271,0.1804170965,0.75,0.8],[0.7203282148,0.0292000062,0.5,0.8],[0.2749759992,0.9883229793,0.25,0.6],[0.0260862121,0.6631613041,0.5,0.2],[0.5485432723,0.8664253099,0.75,0.2],[0.7282799372,0.2576957258,0.25,0.4],[0.7529549214,0.5293674008,0.5,0.6],[0.4024252598,0.3790760978,0.75,0.8]],"var_noise":[]},"var_noise_value":[0.0],"n_burning":500,"same_correlation":true,"problem_name":"branin","data":{"evaluations":[14571.7192391194,3735.6622206135,720.1880190816,1763.0165609256,2156.8288221607,1055.7662810222,5306.427016938,501.0240388042,1386.5373719002,406.4005810437,2583.2431244319,2270.0863304347,16.1931684677,46.6557516772,46.6557516772,22975.1253711605,4801.9631397883],"points":[[0.0208189578,0.9655533956,0.5,0.6],[0.4636783965,0.8756628154,0.5,0.8],[0.6034780947,0.1738227711,0.5,0.4],[0.7889022261,0.7995583051,0.25,0.4],[0.6585235271,0.1804170965,0.75,0.8],[0.7203282148,0.0292000062,0.5,0.8],[0.2749759992,0.9883229793,0.25,0.6],[0.0260862121,0.6631613041,0.5,0.2],[0.5485432723,0.8664253099,0.75,0.2],[0.7282799372,0.2576957258,0.25,0.4],[0.7529549214,0.5293674008,0.5,0.6],[0.4024252598,0.3790760978,0.75,0.8],[0.1576215439,0.5140397666,0.75,0.2],[1.0,0.0,0.25,0.8],[1.0,0.0,0.25,0.8],[0.0,1.0,0.4665117066,0.651956468],[0.0,0.0,0.75,0.2]],"var_noise":[]},"start_point_sampler":[0.0,0.0,0.4824018341,0.4299679602,0.2121145318,0.1610496919],"name_model":"gp_fitting_gaussian","training_name":"default_training_data_12_points_rs_503"}