{"type_bounds":[0,0,1,1],"max_steps_out":1000,"dimensions":[4],"bounds_domain":[[0.0,1.0],[0.0,1.0],[0.25,0.5,0.75],[0.2,0.4,0.6,0.8]],"mean_value":[0.0],"samples_parameters":[[0.0,0.0,0.0764816628,0.5151125508,0.7289751886,0.1226499973],[0.0,0.0,0.0764748558,0.5147863356,0.7272204677,0.1226543234],[0.0,0.0,0.076504515,0.5144567223,0.7296282533,0.1226392174],[0.0,0.0,0.0764808188,0.5146509911,0.7275528996,0.1226733808],[0.0,0.0,0.0765255324,0.5150572191,0.7295776242,0.1226590144],[0.0,0.0,0.0765042524,0.5140060321,0.7253789555,0.1226959056],[0.0,0.0,0.0764918491,0.514085565,0.7278120499,0.1227007643],[0.0,0.0,0.0765147952,0.5145999042,0.7238165868,0.1227564146],[0.0,0.0,0.0764791022,0.5144218722,0.7291045739,0.1226761922],[0.0,0.0,0.0764702173,0.514117618,0.7274642212,0.1227270676],[0.0,0.0,0.0764796583,0.5144569865,0.7253653954,0.1227519657],[0.0,0.0,0.0765544806,0.5068631046,0.73147613,0.1232981151],[0.0,0.0,0.0765129018,0.5059798211,0.7048667981,0.1234986159],[0.0,0.0,0.0764817631,0.5058498354,0.7108099659,0.1234265201],[0.0,0.0,0.0764875519,0.5066152779,0.7096642859,0.1234461682],[0.0,0.0,0.0764869033,0.5057572475,0.7089906597,0.1235045772],[0.0,0.0,0.0764866577,0.5058666263,0.7115246028,0.1234543803],[0.0,0.0,0.0765298949,0.505724277,0.7112388349,0.1233889899],[0.0,0.0,0.0765062723,0.5056648164,0.7104509812,0.1234652711],[0.0,0.0,0.0765127198,0.5061466133,0.7121187786,0.1234273198],[0.0,0.0,0.0765087475,0.5061777785,0.7139875706,0.1233943578],[0.0,0.0,0.0769497329,0.1813775024,154.5354642484,0.133255686],[0.0,0.0,0.069707414,0.1608940191,0.3799040969,0.4558212612],[0.0,0.0,0.03909016,0.275480944,0.3854382035,193.5498939449],[0.0,0.0,0.0382557686,0.3081996879,0.36025274,189.6658694352],[0.0,0.0,0.0381933136,0.3084758452,0.3601142401,198.8777559881],[0.0,0.0,0.0382195791,0.3084437837,0.3599678348,183.1447836286],[0.0,0.0,0.0382078862,0.3082946346,0.3603614025,193.7444925609],[0.0,0.0,0.0382035196,0.3082427909,0.3602050325,188.0400834593],[0.0,0.0,0.0381943401,0.3085787417,0.3600983245,191.3457628515],[0.0,0.0,0.0382269796,0.3081458956,0.3603223799,196.8378261635],[0.0,0.0,0.0264739025,0.5911872597,0.2735353351,199.5065708097],[0.0,0.0,0.030094631,0.5599034158,0.3121997981,192.9212334271],[0.0,0.0,0.0300728085,0.5603136222,0.3121244918,196.9430044716],[0.0,0.0,0.0300549698,0.5609092296,0.312067356,198.458629826],[0.0,0.0,0.0300571385,0.5605616,0.312085036,196.3110926223],[0.0,0.0,0.0300577402,0.5610765622,0.3119711522,195.6640978051],[0.0,0.0,0.0300688202,0.560657728,0.3120084498,196.9793325579],[0.0,0.0,0.0300793103,0.5603741442,0.3120893472,195.6002163894],[0.0,0.0,0.0300861459,0.5605155154,0.3122888562,199.2531550211],[0.0,0.0,0.0300816667,0.5604075859,0.3121841249,199.6530655565],[0.0,0.0,0.0317862813,0.3752525642,0.3107009826,199.8137691713],[0.0,0.0,0.0370247088,0.328913461,0.3523655098,199.3749814839],[0.0,0.0,0.0370157683,0.3290379304,0.352197811,195.8416781465],[0.0,0.0,0.0370031703,0.3289175417,0.3524667959,187.9988985049],[0.0,0.0,0.0370325581,0.3287164125,0.3526471047,187.6653321878],[0.0,0.0,0.0370112857,0.3289518242,0.3523659773,197.7096215572],[0.0,0.0,0.0370067922,0.3289085776,0.3523155864,188.6794153134],[0.0,0.0,0.0370135924,0.3289508468,0.3523595143,193.4294208967],[0.0,0.0,0.0370107592,0.3288694723,0.3524171462,190.3442824721],[0.0,0.0,0.037001485,0.3288557807,0.3524852381,198.1343816068],[0.0,0.0,0.0370258299,0.3287705875,0.3523151773,198.6079802219],[0.0,0.0,0.0370298441,0.3288515232,0.352434869,169.1511987945],[0.0,0.0,0.0370339837,0.3286266046,0.3525836043,187.6140694182],[0.0,0.0,0.0370063372,0.3289264202,0.3524219687,194.4012144089],[0.0,0.0,0.0370428013,0.3287871889,0.3524403414,192.3641136429],[0.0,0.0,0.0370172878,0.3288728073,0.3523927394,199.514727369],[0.0,0.0,0.0370293408,0.3288276469,0.3525642852,191.3520121595],[0.0,0.0,0.0370184978,0.3289067175,0.3522965622,199.3916804656],[0.0,0.0,0.0370494502,0.3287222692,0.3523123853,174.9589864773],[0.0,0.0,0.0370160382,0.3288346343,0.3525009592,192.0416031958],[0.0,0.0,0.0406307416,0.3185887418,0.3483983476,198.7243845927],[0.0,0.0,0.0405341181,0.3212113053,0.3532861523,180.2406365169],[0.0,0.0,0.0405229297,0.3213683788,0.3531454815,192.0106847796],[0.0,0.0,0.0405150515,0.3212741384,0.3533301531,195.0054388906],[0.0,0.0,0.0405259815,0.3213007187,0.3532024074,198.9468362003],[0.0,0.0,0.0405162426,0.3213655633,0.3531540987,194.9919426307],[0.0,0.0,0.0405471129,0.3212218272,0.3531434517,197.7633457862],[0.0,0.0,0.0405370878,0.3213893682,0.353029132,198.3684910764],[0.0,0.0,0.0405218114,0.321358849,0.3530477037,167.3756076062],[0.0,0.0,0.0405254604,0.3213761529,0.3529848732,193.3457835173],[0.0,0.0,0.0405987985,0.3209305238,0.3530296186,179.2372707393],[0.0,0.0,0.040556997,0.3208207719,0.353240482,191.2238449545],[0.0,0.0,0.0405823944,0.3207321279,0.3534214743,197.3677303007],[0.0,0.0,0.0405914232,0.3206939415,0.3532875755,192.9878160859],[0.0,0.0,0.0405737494,0.3208601723,0.3533686583,198.3477409827],[0.0,0.0,0.040586344,0.3208136396,0.3534513233,184.450852086],[0.0,0.0,0.0405822208,0.3207332586,0.353226599,186.1861369371],[0.0,0.0,0.0405897931,0.3206402564,0.3534535257,188.567275968],[0.0,0.0,0.0405700346,0.3207783489,0.3533967427,176.559893426],[0.0,0.0,0.0405994537,0.3207351067,0.3533067763,198.4322533416],[0.0,0.0,0.0409625656,0.3123488374,0.3597205717,197.3970547775],[0.0,0.0,0.0411528318,0.3140897284,0.3555967552,199.1931465485],[0.0,0.0,0.0411583941,0.3139706754,0.3559048097,196.3740487829],[0.0,0.0,0.0411491786,0.3140310201,0.3560236038,193.7766242242],[0.0,0.0,0.041142495,0.3140989735,0.3556738694,197.461262772],[0.0,0.0,0.0411445843,0.3141443878,0.3557992259,193.0688226653],[0.0,0.0,0.0411376115,0.3141183248,0.3556586177,196.0668300238],[0.0,0.0,0.0411615558,0.3141203602,0.3558390903,193.5827315474],[0.0,0.0,0.0411774346,0.3140301386,0.3558022652,197.2006674912],[0.0,0.0,0.041149863,0.3141022273,0.3558103831,199.5457822457],[0.0,0.0,0.0402198877,0.3114655934,0.3558059836,99.4720189975],[0.0,0.0,0.0402694144,0.3175864533,0.353498022,2.5135375988],[0.0,0.0,0.0402700396,0.3175908455,0.3532875585,2.5154652811],[0.0,0.0,0.0402504757,0.3176764097,0.3530936173,2.5083938478],[0.0,0.0,0.0402433254,0.317707774,0.353323844,2.5265305866],[0.0,0.0,0.0402663674,0.3177170312,0.3531130043,2.5142439725],[0.0,0.0,0.0402751098,0.317672327,0.3534597716,2.5155552787],[0.0,0.0,0.0402422098,0.3177155391,0.3531400126,2.505597271],[0.0,0.0,0.0402617362,0.3178149125,0.3534327113,2.5058112477],[0.0,0.0,0.0402623617,0.3175451374,0.353439935,2.5140015962],[0.0,0.0,0.0401604851,0.3175192142,0.3533135052,2.879794747],[0.0,0.0,0.0402226663,0.3175321093,0.3534358406,2.704657461],[0.0,0.0,0.0402169465,0.3174107015,0.3535158933,2.6977593744],[0.0,0.0,0.0402128549,0.3175479405,0.3533007733,2.6961212178],[0.0,0.0,0.0402348703,0.3174927186,0.3533395445,2.7054978896],[0.0,0.0,0.0402191284,0.3175224016,0.3535073943,2.697059402],[0.0,0.0,0.0402527298,0.3173566474,0.3534601687,2.6948602076],[0.0,0.0,0.040236285,0.3173064014,0.3533733614,2.7047471359],[0.0,0.0,0.0402233994,0.3174581179,0.3532586586,2.7113263081],[0.0,0.0,0.0402329929,0.3175723245,0.3531089696,2.7009790573],[0.0,0.0,0.0403356222,0.31220942,0.3524536326,2.6617362838],[0.0,0.0,0.041096709,0.3084294226,0.3543296175,2.6321710829],[0.0,0.0,0.0410859356,0.3085402877,0.3543100286,2.6235907138],[0.0,0.0,0.0410661055,0.3084639346,0.3543974476,2.6414004969],[0.0,0.0,0.0410920489,0.3084160656,0.3545587225,2.6318977089],[0.0,0.0,0.0410943557,0.3083989256,0.3541302296,2.6333853242],[0.0,0.0,0.0411051585,0.3084194262,0.3543029171,2.620047455],[0.0,0.0,0.0410738426,0.3085030994,0.3542739457,2.6265142086],[0.0,0.0,0.0410735898,0.3084940691,0.3547137703,2.6292713168],[0.0,0.0,0.0410766131,0.3084647651,0.3542010088,2.6296290084],[0.0,0.0,0.0410631712,0.3072553113,0.3531041044,2.7223671848],[0.0,0.0,0.0410815025,0.3076684654,0.3526079361,2.7615384904],[0.0,0.0,0.0410705102,0.3078150133,0.3526566682,2.7569816443],[0.0,0.0,0.0410685727,0.3078910095,0.3524286274,