{"type_bounds":[0,0,1,1],"max_steps_out":1000,"dimensions":[4],"bounds_domain":[[0.0,1.0],[0.0,1.0],[0.25,0.5,0.75],[0.2,0.4,0.6,0.8]],"mean_value":[0.0],"samples_parameters":[[0.0,0.0,0.6677053328,0.284014711,0.2806733059,0.0947815254],[0.0,0.0,0.668693023,0.2839538836,0.2809589787,0.0947722726],[0.0,0.0,0.6667407721,0.2839977848,0.2808439126,0.0947992185],[0.0,0.0,0.6666224961,0.2841972622,0.2805645143,0.0948096418],[0.0,0.0,0.6684468427,0.2840110519,0.280985655,0.0947732581],[0.0,0.0,0.6679737185,0.284000717,0.2807131894,0.0947945034],[0.0,0.0,0.6683999676,0.2841452448,0.2806090775,0.09475549],[0.0,0.0,0.6682339238,0.2840264858,0.2807922213,0.0947743893],[0.0,0.0,0.6692384707,0.283963065,0.2808789074,0.0947678727],[0.0,0.0,0.6689813766,0.2839779409,0.2809963214,0.0947710154],[0.0,0.0,0.6673799948,0.2840409393,0.2807974592,0.0947936508],[0.0,0.0,0.9662601214,0.2839225455,0.2659286708,0.048343024],[0.0,0.0,0.2130466854,0.2963168611,0.2538398702,0.1137102666],[0.0,0.0,0.2140268033,0.2961946501,0.2543723114,0.113434856],[0.0,0.0,0.2140034809,0.2962996237,0.2544318795,0.1134844414],[0.0,0.0,0.214123676,0.2962222367,0.2547008418,0.1134070185],[0.0,0.0,0.2142253693,0.2961275871,0.2546491597,0.1133210099],[0.0,0.0,0.2139499758,0.2962337568,0.2545472509,0.113465498],[0.0,0.0,0.2141373513,0.2962493451,0.2544066258,0.11348752],[0.0,0.0,0.2141300872,0.2962056089,0.2546282292,0.1133525321],[0.0,0.0,0.2140825597,0.2961611236,0.2548128156,0.1134133251],[0.0,0.0,0.2132194768,0.3310762045,0.3519649791,0.1117287791],[0.0,0.0,0.220378828,0.3236478298,0.3054835319,0.10841951],[0.0,0.0,0.2203220726,0.3237565721,0.305473019,0.1084210938],[0.0,0.0,0.2203342841,0.3238149913,0.3054778753,0.1084677803],[0.0,0.0,0.2202970938,0.323924714,0.305430719,0.1084281772],[0.0,0.0,0.2202419294,0.3239010778,0.3053360077,0.1084743343],[0.0,0.0,0.220276881,0.3238684119,0.3056195826,0.1084314781],[0.0,0.0,0.2203184085,0.3238724519,0.3054639371,0.1084163077],[0.0,0.0,0.2202253319,0.3238289533,0.3055319218,0.1084413041],[0.0,0.0,0.2202992588,0.3238752107,0.3053464336,0.1084396467],[0.0,0.0,498.4161847268,0.3226223129,0.6734387184,0.048949035],[0.0,0.0,630.7028315391,0.0602766484,0.4929500127,0.1048061016],[0.0,0.0,827.5154813499,0.0603233791,0.4928905247,0.1048431362],[0.0,0.0,884.9990039567,0.0603370141,0.4928598253,0.1048192471],[0.0,0.0,596.3373585643,0.0603301107,0.4928994952,0.1048608313],[0.0,0.0,955.8773767538,0.0603452313,0.492867057,0.1048437964],[0.0,0.0,651.3014302845,0.0603382478,0.4929108058,0.1048549965],[0.0,0.0,855.1885121141,0.0603340772,0.4928600989,0.1048292922],[0.0,0.0,942.2046910565,0.0603314455,0.4928797671,0.1048254512],[0.0,0.0,344.2477928325,0.0603297021,0.4928764244,0.1048337115],[0.0,0.0,217.1508458387,0.0621588477,0.4928812626,0.1051488874],[0.0,0.0,720.7067325594,0.0612770836,0.4925505815,0.1051510612],[0.0,0.0,911.1315863087,0.0613041671,0.4925344671,0.1051385645],[0.0,0.0,950.1693292023,0.0612889436,0.4925444704,0.1051563623],[0.0,0.0,581.3498612996,0.0612879548,0.4925262978,0.1050980018],[0.0,0.0,992.1037490733,0.0612750842,0.4925258923,0.1051305414],[0.0,0.0,414.852179538,0.0612877558,0.4925012035,0.1051606333],[0.0,0.0,961.0548741594,0.0612895805,0.4925439282,0.1051368681],[0.0,0.0,840.0077394419,0.0612976934,0.4925081304,0.1051155501],[0.0,0.0,882.3100697525,0.0612676277,0.4925321089,0.1051214477],[0.0,0.0,975.0283103993,0.0590623902,0.4936044864,0.1049988778],[0.0,0.0,838.43392886,0.0594003317,0.4933743532,0.1050364723],[0.0,0.0,980.365405781,0.059394302,0.4933472517,0.1050289391],[0.0,0.0,986.505727081,0.0594066184,0.4933996282,0.1050652709],[0.0,0.0,947.5479170032,0.059397972,0.4933562958,0.1050123065],[0.0,0.0,985.3649176422,0.0593991859,0.4933577668,0.1050264004],[0.0,0.0,572.6961267216,0.0594012708,0.4933739569,0.1050545379],[0.0,0.0,527.3524258655,0.0594037934,0.4934040303,0.1049900543],[0.0,0.0,978.314599197,0.0594003331,0.4933687028,0.1050222474],[0.0,0.0,853.3506872709,0.0593980467,0.4933694614,0.1050270709],[0.0,0.0,877.4211351877,0.05939296,0.4933479664,0.1055148485],[0.0,0.0,940.3156760893,0.0593863419,0.4933012383,0.1062778129],[0.0,0.0,939.8858383431,0.0593813197,0.4932892094,0.1062811343],[0.0,0.0,812.052077292,0.0593871695,0.4932900991,0.1062707817],[0.0,0.0,882.8225486443,0.0593827796,0.4932832067,0.1062497746],[0.0,0.0,864.5872511037,0.0593892314,0.4933312152,0.1062598059],[0.0,0.0,807.4275775797,0.0593856173,0.4932877014,0.1062722854],[0.0,0.0,971.4926330349,0.0593853109,0.4933283533,0.1062569854],[0.0,0.0,975.4839652762,0.0593862091,0.4933160554,0.1062588608],[0.0,0.0,453.3249651377,0.0593811322,0.4932609843,0.1062511516],[0.0,0.0,897.1682622781,0.0596620116,0.4932688501,0.1071844657],[0.0,0.0,684.8745082303,0.0595345398,0.4933286389,0.1086197991],[0.0,0.0,816.1432295364,0.0595339027,0.4932951893,0.108594817],[0.0,0.0,864.3191628802,0.0595298496,0.4933026594,0.1085864954],[0.0,0.0,661.5887724542,0.0595299982,0.4932890508,0.1085784611],[0.0,0.0,993.7364522931,0.05953035,0.4932759946,0.1085949368],[0.0,0.0,999.5115560477,0.0595295712,0.4932726037,0.1086145658],[0.0,0.0,969.5213047319,0.0595321229,0.4932878307,0.1085976684],[0.0,0.0,865.3324429933,0.0595338591,0.4933066221,0.1085827445],[0.0,0.0,831.519658756,0.0595289016,0.4933335163,0.1086144806],[0.0,0.0,513.4862943331,0.0158549228,0.0769548535,151.0193471231],[0.0,0.0,762.924861229,0.0581623936,0.1921897638,0.1204347071],[0.0,0.0,939.4498318918,0.0605991687,0.1931038726,0.1195411924],[0.0,0.0,992.1818741209,0.0605944654,0.1931319617,0.1195783812],[0.0,0.0,947.1870222711,0.060588497,0.1931213041,0.1195349676],[0.0,0.0,916.5371289916,0.0605888057,0.1931232241,0.1195253256],[0.0,0.0,992.0885350367,0.0605918958,0.1931192359,0.1195309491],[0.0,0.0,949.1084647794,0.0605917531,0.1931305445,0.1195357946],[0.0,0.0,844.5423999201,0.060590753,0.1931167134,0.1195346517],[0.0,0.0,961.3365618504,0.0605926633,0.1931156549,0.1195924289],[0.0,0.0,854.8372802763,0.0596610963,0.1933857614,0.1196466353],[0.0,0.0,909.1175127917,0.0597515731,0.193367261,0.1208265621],[0.0,0.0,987.5948178911,0.0597423409,0.1933502837,0.1208528517],[0.0,0.0,973.9820670118,0.0597505515,0.1933378484,0.1208112097],[0.0,0.0,933.4493170502,0.0597316492,0.1933631923,0.1208659674],[0.0,0.0,841.3880324785,0.0597430562,0.1933368837,0.1208697605],[0.0,0.0,976.0308029555,0.0597498103,0.1933514544,0.1208697688],[0.0,0.0,935.2952995685,0.059749866,0.1933460814,0.120831416],[0.0,0.0,988.9088024143,0.0597459052,0.1933434522,0.1208465101],[0.0,0.0,981.2278085842,0.0597551296,0.1933559396,0.1208181169],[0.0,0.0,629.5370211517,0.038309328,0.1773330111,0.1209812845],[0.0,0.0,827.9723717796,0.0099796563,0.1847955139,0.1208610499],[0.0,0.0,901.7872290173,0.0099786227,0.1847944028,0.1208598628],[0.0,0.0,972.5052169318,0.009979648,0.1847848917,0.1209013853],[0.0,0.0,901.5851145976,0.0099801438,0.1847813854,0.1208432855],[0.0,0.0,979.8332165267,0.0099801611,0.1847861831,0.120877166],[0.0,0.0,885.644673633,0.0099796882,0.1847885728,0.1208557786],[0.0,0.0,957.3482263886,0.0099797056,0.1847734361,0.1208337253],[0.0,0.0,989.5731593828,0.0099794768,0.1847814393,0.1208749827],[0.0,0.0,842.252589379,0.0099799753,0.1847940994,0.1208670464],[0.0,0.0,458.8361833039,0.0102489816,0.1923895328,0.090365632],[0.0,0.0,0.8295914749,0.0685153056,0.1784832276,0.1265722892],[0.0,0.0,0.850870657,0.0659870096,0.1840197118,0.12406228],[0.0,0.0,0.8509658782,0.0659692619,0.1840169346,0.124039888],[0.0,0.0,0.8509720263,0.0659724926,0.1840119694,0.1240649389],[0.0,0.0,0.8509917486,0.0659831292,0.1840319994,0.124057139],[0.0,0.0,0.8509432817,0.0659816507,0.1840067401,0.1240441322],[0.0,0.0,0.8508376381,0.0659839752,0.1840059717,0.1240517202],[0.0,0.0,0.8508350661,0.0659808249,0.1840114839,0.1240519737],[0.0,0.0,0.8510288507,0.0659845614,0.1840010001,0.1240473325],[0.0,0.0,0.8389258053,0.0657921186,0.1831249024,0.113384669],[0.0,0.0,0.8436496933,0.0654054859,0.1824229579,0.1177078747],[0.0,0.0,0.8437240638,0.0654030093,0.1824323596,0.1176835538],[0.0,0.0,0.8437300458,