{"type_bounds":[0,0,1,1],"max_steps_out":1000,"dimensions":[4],"bounds_domain":[[0.0,1.0],[0.0,1.0],[0.25,0.5,0.75],[0.2,0.4,0.6,0.8]],"mean_value":[0.0],"samples_parameters":[[0.0,0.0,0.4356914528,0.1995843629,0.108264242,0.9534416211],[0.0,0.0,0.4356080521,0.1996032021,0.1082892213,0.9539285417],[0.0,0.0,0.4355099573,0.1995590194,0.1082758156,0.9521730213],[0.0,0.0,0.435567315,0.1995599325,0.1083019745,0.9541157975],[0.0,0.0,0.4355802456,0.1995857353,0.1083258787,0.953131852],[0.0,0.0,0.4354096689,0.1996302588,0.1083378602,0.9545166192],[0.0,0.0,0.4356561982,0.1995628064,0.1083262356,0.9536859591],[0.0,0.0,0.4355271912,0.1996154834,0.1083238661,0.9539159801],[0.0,0.0,0.4355889701,0.1995632786,0.1083092086,0.9528259086],[0.0,0.0,0.4354724649,0.1995697402,0.1083288789,0.9535745292],[0.0,0.0,0.4357101568,0.1996176678,0.1082938547,0.9530041375],[0.0,0.0,0.431257986,0.1902868896,0.1062722908,1.0143558473],[0.0,0.0,0.4311270556,0.1906980495,0.1072567583,1.0306267773],[0.0,0.0,0.4311088366,0.1907285641,0.1071426624,1.0332977456],[0.0,0.0,0.431192446,0.1907062456,0.1072407825,1.0311497768],[0.0,0.0,0.4311961204,0.1907038361,0.1072373691,1.0309385646],[0.0,0.0,0.4310353493,0.190632529,0.1072263117,1.0329409655],[0.0,0.0,0.4312302729,0.190748384,0.1072062466,1.0318557856],[0.0,0.0,0.4311933948,0.1906532212,0.1072477224,1.0299251132],[0.0,0.0,0.4309957757,0.1907094994,0.1072500236,1.0331997919],[0.0,0.0,0.4311079772,0.1906636078,0.1072557335,1.0307116704],[0.0,0.0,0.4327910512,0.1772394299,0.1078487062,0.9026146047],[0.0,0.0,0.4761528767,0.1881658655,0.1142269407,0.4985721787],[0.0,0.0,0.4759919464,0.1881339256,0.1141931518,0.49859231],[0.0,0.0,0.4758321202,0.1881328675,0.1141767394,0.4985718242],[0.0,0.0,0.4760075729,0.1881077374,0.1142763001,0.4982259193],[0.0,0.0,0.4761237897,0.1881502046,0.1142202821,0.4983653506],[0.0,0.0,0.4761829701,0.188128195,0.114284289,0.4984001003],[0.0,0.0,0.4760458193,0.1881189949,0.1142372829,0.4987976719],[0.0,0.0,0.4761435037,0.1880760739,0.1142864116,0.4981191041],[0.0,0.0,0.475973245,0.188088432,0.1142743121,0.4984877466],[0.0,0.0,0.4750068325,0.1880822665,0.1142191096,0.4984733499],[0.0,0.0,0.4749016823,0.1880892751,0.1142389231,0.4997014926],[0.0,0.0,0.4748819858,0.1880666976,0.1142321271,0.4993458952],[0.0,0.0,0.4748212886,0.1880861525,0.1142694351,0.4992589021],[0.0,0.0,0.4748600134,0.1881203553,0.1142368633,0.4995821175],[0.0,0.0,0.4747950912,0.1880929061,0.11421116,0.4996142202],[0.0,0.0,0.475081499,0.1880813213,0.1141996167,0.4992221494],[0.0,0.0,0.4749286273,0.1880511854,0.114237443,0.4994041113],[0.0,0.0,0.4749112288,0.1881240489,0.1142213519,0.4993540922],[0.0,0.0,0.4749215213,0.1881149889,0.1142165341,0.499384647],[0.0,0.0,0.4745549002,0.187891186,0.1161857569,0.4996554769],[0.0,0.0,0.4745770444,0.1877643044,0.1155798678,0.5007213664],[0.0,0.0,0.4747173893,0.1877287413,0.1155361408,0.5004048701],[0.0,0.0,0.4746891092,0.1878377837,0.1155246112,0.500575212],[0.0,0.0,0.4744273002,0.1877975734,0.1156072033,0.5009676119],[0.0,0.0,0.4745722035,0.1877550332,0.1155955559,0.5010562139],[0.0,0.0,0.4744598145,0.1878187947,0.1156108544,0.5005590586],[0.0,0.0,0.4745109616,0.187766432,0.1155649992,0.5005277086],[0.0,0.0,0.474712061,0.1877845001,0.1155692936,0.5006493721],[0.0,0.0,0.4746149015,0.1877622645,0.1155687599,0.5002659662],[0.0,0.0,0.4172732882,0.1714059738,0.115884101,0.5092178962],[0.0,0.0,0.335534893,0.1836430419,0.1176062476,0.5833648277],[0.0,0.0,0.3354349554,0.1836597233,0.1176452622,0.5835544983],[0.0,0.0,0.3353304363,0.1836095031,0.1176319409,0.5833358333],[0.0,0.0,0.4862378115,0.1881998216,0.0047985341,0.5078658483],[0.0,0.0,0.4759579214,0.1878580057,0.0048389967,0.5226033923],[0.0,0.0,0.4761596539,0.1877785725,0.0048393193,0.5226761534],[0.0,0.0,0.4758178843,0.1878242349,0.0048426231,0.5225972764],[0.0,0.0,0.4757769789,0.18780292,0.0048391507,0.5229244522],[0.0,0.0,0.4759830067,0.1878583641,0.0048384444,0.5226577708],[0.0,0.0,0.4734128971,0.1878860123,0.0048374528,0.5259686986],[0.0,0.0,0.4727585077,0.1879563067,0.0048424841,0.5254574202],[0.0,0.0,0.4725273977,0.1879764481,0.0048413062,0.5254091132],[0.0,0.0,0.4726085605,0.1879463377,0.0048367443,0.5256002416],[0.0,0.0,0.4726082838,0.1880167829,0.0048415163,0.5255462093],[0.0,0.0,0.4726488594,0.1880176486,0.0048418551,0.5255510007],[0.0,0.0,0.4725112174,0.1879964402,0.004841664,0.5255014016],[0.0,0.0,0.4727213993,0.1880360109,0.0048407254,0.5255397908],[0.0,0.0,0.4726688946,0.1880009869,0.0048372451,0.5255440465],[0.0,0.0,0.4726121031,0.1880021068,0.0048389898,0.5250370895],[0.0,0.0,0.4944430835,0.1915537852,0.004913618,0.5263498769],[0.0,0.0,0.5326834946,0.1910201714,0.0048372006,0.4748497351],[0.0,0.0,0.5325622083,0.191025903,0.0048353631,0.4750808339],[0.0,0.0,0.5325151517,0.191083255,0.0048338014,0.4750193242],[0.0,0.0,0.5327930456,0.1910496237,0.0048360107,0.4750879164],[0.0,0.0,0.5327391725,0.1910960414,0.004835512,0.4746016969],[0.0,0.0,0.532598097,0.1910760687,0.004838033,0.4751082105],[0.0,0.0,0.5326235327,0.1910698256,0.0048331553,0.4751051347],[0.0,0.0,0.532646215,0.191066961,0.004836968,0.4749989211],[0.0,0.0,0.5324547858,0.1910502718,0.0048424175,0.4752507487],[0.0,0.0,0.5325912656,0.1910945133,0.0049833217,0.4753502836],[0.0,0.0,0.5317659692,0.1910782145,0.0049273144,0.4757504119],[0.0,0.0,0.5318960196,0.1911279239,0.0049258297,0.4754407946],[0.0,0.0,0.5322120661,0.1910719928,0.0049268504,0.4754752346],[0.0,0.0,0.5319055766,0.1910958516,0.0049259544,0.4754742686],[0.0,0.0,0.5316918029,0.19108657,0.0049291679,0.4761909274],[0.0,0.0,0.5317816154,0.1910665445,0.004929703,0.4758705688],[0.0,0.0,0.5320572882,0.1911387475,0.0049287407,0.4754765762],[0.0,0.0,0.532008847,0.191092761,0.0049285165,0.4754476551],[0.0,0.0,0.5319161588,0.191059342,0.0049290351,0.4754312034],[0.0,0.0,0.5319300281,0.1911031922,0.0049269782,0.475755698],[0.0,0.0,0.5318346702,0.1910733706,0.0049277417,0.4759766138],[0.0,0.0,0.531912591,0.1910582278,0.0049265018,0.4755904483],[0.0,0.0,0.5319380575,0.1910769049,0.0049245253,0.4756668528],[0.0,0.0,0.5318575653,0.1910489449,0.0049241358,0.4756107553],[0.0,0.0,0.5317738172,0.1910823628,0.004923155,0.4754233786],[0.0,0.0,0.5318090573,0.1910075564,0.0049244986,0.4756350283],[0.0,0.0,0.5320466216,0.1910853616,0.0049248103,0.475733392],[0.0,0.0,0.5318864821,0.1911080992,0.004927281,0.4759282474],[0.0,0.0,0.5317959121,0.1910860615,0.0049254598,0.4758382501]],"thinning":10,"kernel_values":[1.1024312621,0.7983418759,0.63228738,0.8401920439],"type_kernel":["Matern52"],"training_data":{"evaluations":[282.781946558,2848.3743702504,9176.1354094276,3329.2356343157,1546.9371177561,450.0650228442,4523.7597029642,415.5845640945,2120.5841866623,1288.7653683204,1143.1697889219,283.9707623829],"points":[[0.8928138797,0.3269230798,0.25,0.8],[0.2531118508,0.7614455613,0.75,0.8],[0.8348078944,0.8489994858,0.75,0.4],[0.8781979212,0.5869627349,0.75,0.4],[0.6967829223,0.2909155511,0.5,0.8],[0.7117520754,0.5599608596,0.5,0.2],[0.0953898519,0.4529815132,0.25,0.8],[0.9890433555,0.8791179017,0.5,0.2],[0.6938031684,0.2711313593,0.5,0.2],[0.4277446834,0.9572418875,0.25,0.4],[0.1647629071,0.7162444154,0.5,0.6],[0.1006138024,0.5299692959,0.75,0.8]],"var_noise":[]},"var_noise_value":[0.0],"n_burning":500,"same_correlation":true,"problem_name":"branin","data":{"evaluations":[282.781946558,2848.3743702504,9176.1354094276,3329.2356343157,1546.9371177561,450.0650228442,4523.7597029642,415.5845640945,2120.5841866623,1288.7653683204,1143.1697889219,283.9707623829,4251.4357772533,1722.753329802,75.7442924097,755.7874725648,1686.0158259322,83.084278391,2424.8191885521,514.5205315411,753.871629638,40199.2005412939],