{"type_bounds":[0,0,1,1],"max_steps_out":1000,"dimensions":[4],"bounds_domain":[[0.0,1.0],[0.0,1.0],[0.25,0.5,0.75],[0.2,0.4,0.6,0.8]],"mean_value":[0.0],"samples_parameters":[[0.0,0.0,0.2819608557,0.0890984032,246.3172702904,0.1508528447],[0.0,0.0,0.2820049459,0.0890788246,248.5082513096,0.1508133478],[0.0,0.0,0.2820370111,0.0890886869,238.6579435202,0.1508676162],[0.0,0.0,0.2819669139,0.0891268571,246.8457304238,0.1508632598],[0.0,0.0,0.2820399767,0.089118309,231.0903902771,0.1507754702],[0.0,0.0,0.2820070881,0.0890829831,248.7334208164,0.1510148309],[0.0,0.0,0.2819959656,0.0890909962,235.1701613291,0.1508935232],[0.0,0.0,0.2820186502,0.0890989019,242.9072950141,0.1508688055],[0.0,0.0,0.281962418,0.0891226464,241.7028052672,0.1508851055],[0.0,0.0,0.2820227296,0.0890807814,230.7745013182,0.1509237195],[0.0,0.0,0.2820223258,0.0891086501,249.9275168859,0.1508894069],[0.0,0.0,0.2822448642,0.0892838458,207.7353688687,0.1511652582],[0.0,0.0,0.2820262181,0.0896708981,226.8400813511,0.1512967196],[0.0,0.0,0.2820432795,0.0896756147,228.8000060355,0.1511341198],[0.0,0.0,0.2819890847,0.0896961129,230.572388972,0.1512357755],[0.0,0.0,0.2820458358,0.0896684437,240.3050733115,0.1512800992],[0.0,0.0,0.282057625,0.0896751703,248.035539315,0.1511113856],[0.0,0.0,0.2820152,0.0896659016,249.202653716,0.1512344953],[0.0,0.0,0.2819954769,0.0896830221,237.8029178955,0.1513272244],[0.0,0.0,0.282036489,0.089669375,236.5857796412,0.1512415629],[0.0,0.0,0.2819920597,0.0896830768,249.3515365647,0.151256301],[0.0,0.0,0.2659861663,0.0711794666,148.7440621355,0.1537682765],[0.0,0.0,0.2580598906,0.0936492292,0.2800731914,0.2437953828],[0.0,0.0,0.261124771,0.0951033352,0.2663553593,0.2446997236],[0.0,0.0,0.2611275737,0.0951001079,0.2663757982,0.2448065438],[0.0,0.0,0.2610586291,0.095106504,0.2663081096,0.244745378],[0.0,0.0,0.2610498145,0.09509246,0.2664252292,0.2448199533],[0.0,0.0,0.2610360736,0.0951049903,0.2663143696,0.2447901566],[0.0,0.0,0.2610695956,0.0950758705,0.2663952208,0.2447521635],[0.0,0.0,0.2610938794,0.0951145884,0.2663462319,0.2447401282],[0.0,0.0,0.2610842045,0.0951264977,0.2662604643,0.2447523118],[0.0,0.0,0.2617248713,0.0951292884,0.2694211114,0.2428640674],[0.0,0.0,0.2608477709,0.0954218916,0.2711921256,0.2429951623],[0.0,0.0,0.2607790346,0.0954136466,0.2711439272,0.2429438823],[0.0,0.0,0.2608326089,0.0954172952,0.2712496932,0.2430033282],[0.0,0.0,0.2608539539,0.0954546917,0.27102843,0.2429313651],[0.0,0.0,0.2609026774,0.0953885631,0.2711192087,0.2430577279],[0.0,0.0,0.2607978299,0.0954200873,0.2711481497,0.2429457402],[0.0,0.0,0.2608265864,0.0954527489,0.271104017,0.2429106699],[0.0,0.0,0.2608311662,0.095421063,0.2710219285,0.2431281443],[0.0,0.0,0.2608235186,0.0954058834,0.2711922177,0.2430245616],[0.0,0.0,0.2605642896,0.0960049074,0.2684207107,0.2430632126],[0.0,0.0,0.2651860708,0.1012183121,0.2294745943,0.2486811841],[0.0,0.0,0.2650673075,0.1012220902,0.2295638761,0.2487936166],[0.0,0.0,0.2651036741,0.1012083858,0.2294541065,0.2486620184],[0.0,0.0,0.2650768963,0.1011711127,0.2294868627,0.2489104149],[0.0,0.0,0.2650956646,0.1011675214,0.2295286928,0.248836536],[0.0,0.0,0.2651813829,0.101154427,0.2295159041,0.2487725243],[0.0,0.0,0.2651169049,0.1011967664,0.2295129744,0.2489111116],[0.0,0.0,0.2651827797,0.1011923727,0.2294419767,0.248862558],[0.0,0.0,0.2651717718,0.101176922,0.2294928348,0.2488154223],[0.0,0.0,0.264752165,0.1009919037,0.2292980094,0.2491933019],[0.0,0.0,0.2651065438,0.1009564879,0.2292199592,0.2491534923],[0.0,0.0,0.2650904081,0.1009309746,0.2292343504,0.2491349031],[0.0,0.0,0.2650973329,0.1009270467,0.2292672654,0.2491667047],[0.0,0.0,0.2650113388,0.1009572475,0.2292936783,0.249187498],[0.0,0.0,0.2650738324,0.1009563086,0.2292846486,0.2492199419],[0.0,0.0,0.2650912824,0.1009462027,0.2292655497,0.2491282071],[0.0,0.0,0.2651123461,0.1009584442,0.2291821573,0.2491685086],[0.0,0.0,0.265166812,0.100965291,0.2292957012,0.2491433323],[0.0,0.0,0.2651091966,0.1009516259,0.2293090516,0.2492426961],[0.0,0.0,0.2658803849,0.087792501,0.2298195565,0.2629123782],[0.0,0.0,0.2710568079,0.0920036055,0.2313443058,0.2613282068],[0.0,0.0,0.2710675065,0.0919650844,0.2312710956,0.2612645294],[0.0,0.0,0.2711579069,0.0919798129,0.2312958428,0.2613042942],[0.0,0.0,0.2710004961,0.0920080224,0.231328457,0.2613059972],[0.0,0.0,0.2710846355,0.0919770906,0.2312932554,0.2612507759],[0.0,0.0,0.271051707,0.0920028929,0.2312901713,0.2612324228],[0.0,0.0,0.2710193488,0.0919922922,0.2314043955,0.2612465452],[0.0,0.0,0.2710428559,0.0920544205,0.2312762193,0.2613053793],[0.0,0.0,0.2710394749,0.0920158121,0.2312781372,0.2612631373],[0.0,0.0,0.2705462052,0.092014833,0.2276054415,0.2634282779],[0.0,0.0,0.2720493212,0.0916542367,0.2264433424,0.2637732912],[0.0,0.0,0.2720259123,0.0916393484,0.2263803217,0.2636878103],[0.0,0.0,0.2719516372,0.0916549193,0.226449105,0.2637965571],[0.0,0.0,0.2720119593,0.0916502822,0.2264500731,0.2638243106],[0.0,0.0,0.2719913289,0.0916463175,0.2263706643,0.263759406],[0.0,0.0,0.2719969564,0.091664697,0.2265471846,0.2637224771],[0.0,0.0,0.2719874692,0.091618053,0.2264643155,0.2637894464],[0.0,0.0,0.2720250652,0.0916233926,0.2264550452,0.2638761825],[0.0,0.0,0.2719767707,0.0916396856,0.2264535629,0.2638156706],[0.0,0.0,0.2606490428,0.0927963849,0.2307489221,0.2638799272],[0.0,0.0,0.265592982,0.0935805888,0.2310381394,0.267263041],[0.0,0.0,0.2656476529,0.0935769605,0.2310350943,0.2672474951],[0.0,0.0,0.2655409488,0.0935757954,0.2311199112,0.2673476017],[0.0,0.0,0.2656442102,0.0935845419,0.2310617398,0.2672729087],[0.0,0.0,0.2656557126,0.0935773922,0.2310211201,0.2673086949],[0.0,0.0,0.2656004902,0.0936194863,0.2309857985,0.2673171703],[0.0,0.0,0.2656483669,0.0936171199,0.231038123,0.2672696158],[0.0,0.0,0.2655845116,0.0936198397,0.2310639676,0.2673243771],[0.0,0.0,0.2656107692,0.0935602968,0.2311239793,0.2673046731],[0.0,0.0,0.2658961272,0.0950207676,0.2316666924,0.2762561561],[0.0,0.0,0.264611593,0.097468255,0.2318585393,0.2803217705],[0.0,0.0,0.2644956462,0.0974601915,0.2319640345,0.2803157244],[0.0,0.0,0.2644881096,0.0974490938,0.2318791586,0.2802289811],[0.0,0.0,0.2645467808,0.0974425527,0.2319914882,0.2804160346],[0.0,0.0,0.2645738368,0.0974769787,0.2319358614,0.2802803702],[0.0,0.0,0.2645104356,0.0974741994,0.2318902996,0.2803192712],[0.0,0.0,0.2645317522,0.0974542706,0.2319382175,0.2803244348],[0.0,0.0,0.2645392405,0.0974965234,0.2319434686,0.280252667],[0.0,0.0,0.2644821704,0.0974858063,0.2319113144,0.2803025177],[0.0,0.0,0.2649895496,0.0975947453,0.2332801527,0.2832032035],[0.0,0.0,0.2645049188,0.0973869322,0.2350253439,0.285569373],[0.0,0.0,0.2644814705,0.0973345829,0.2350378326,0.2855969739],[0.0,0.0,0.2644602312,0.0974086362,0.235099524,0.2855633318],[0.0,0.0,0.2644712331,0.0974250983,0.2350191086,0.2855423379],[0.0,0.0,0.2644951311,0.0974193603,0.2349292006,0.285517357],[0.0,0.0,0.2643841063,0.0974081968,0.2351004884,0.2855020301],[0.0,0.0,0.2644734511,0.0974210122,0.2350057736,0.2855063772],[0.0,0.0,0.2644706892,0.0974051678,0.23501007,0.2856069615],[0.0,0.0,0.2644612896,0.0974138213,0.2349655199,0.2855437219],[0.0,0.0,0.264451336,0.0974143042,0.2350170248,0.2857766283],[0.0,0.0,0.2644572781,0.0973956574,0.2349859742,0.2855080876],[0.0,0.0,0.2643762399,0.0973973707,0.2350749132,0.2855605412],[0.0,0.0,0.2644314929,0.0974229328,0.2349884337,0.2856056018],[0.0,0.0,0.2645351312,0.0973611875,0.2350304905,0.2855305872],[0.0,0.0,0.2645646073,0.0973931669,0.2349951709,0.2855798297],[0.0,0.0,0.2645425857,0.0973618508,0.2349953705,0.2856353232],[0.0,0.0,0.2644650987,0.0973747411,0.2350333423,0.2855360208],[0.0,0.0,0.2645148652,0.0973707182,0.2350085414,0.2856196391],[0.0,0.0,0.2644362039,0.0973452939,0.2350852312,0.2856238037],[0.0,0.0,0.2644651777,0.0973402114,0.2349995316,0.2855960384],[0.0,0.0,0.2645295874,0.09724137,0.2349928876,0.2855990676],[0.0,0.0,0.2644959285,0.0972120533,0.2350525113,0.2855609261],[0.0,0.0,0.264521841,0.0971982635,0.2350808801,0.2855511716],[0.0,0.0,0.2645642373,0.0972047335,0.2349968822,0.2856328492],[0.0,0.0,