{"type_bounds":[0,0,1,1],"max_steps_out":1000,"dimensions":[4],"bounds_domain":[[0.0,1.0],[0.0,1.0],[0.25,0.5,0.75],[0.2,0.4,0.6,0.8]],"mean_value":[0.0],"samples_parameters":[[0.0,0.0,0.1092610492,0.3178757304,0.3224535769,191.2302824073],[0.0,0.0,0.1091773508,0.3177055178,0.3229116708,193.8841008853],[0.0,0.0,0.1091756891,0.3177817709,0.3228052884,188.335510386],[0.0,0.0,0.1092470655,0.3179005197,0.3226146029,190.0001625641],[0.0,0.0,0.1092822723,0.317838506,0.3225493429,183.9427048345],[0.0,0.0,0.109233758,0.3177309599,0.3225987409,195.5035502732],[0.0,0.0,0.1092352004,0.3177481618,0.3227634799,189.7270758066],[0.0,0.0,0.1091632451,0.3179556494,0.3230495239,188.9211829573],[0.0,0.0,0.1091577859,0.3177419846,0.3227993369,197.9377988938],[0.0,0.0,0.109229784,0.317889025,0.3226405502,188.1687494246],[0.0,0.0,0.1092539315,0.3177055498,0.3226556065,198.4400722921],[0.0,0.0,0.112297886,0.3191473354,0.3145071199,198.9462272778],[0.0,0.0,0.1266457793,0.3216968043,0.2699221692,183.2068990704],[0.0,0.0,0.1319924146,0.3224533453,0.2581849455,186.9254363043],[0.0,0.0,0.1593489562,0.3234225631,0.2306255896,186.1574051683],[0.0,0.0,0.2584625766,0.3084143416,0.1821482722,194.4657659475],[0.0,0.0,0.2603472964,0.307359158,0.1820326692,192.8231426358],[0.0,0.0,0.2605766528,0.3072875154,0.1819835503,198.0338355422],[0.0,0.0,0.2607944108,0.3073396639,0.1818753104,195.9401022893],[0.0,0.0,0.2604351388,0.3073667976,0.1819728142,175.2016050244],[0.0,0.0,0.2606694535,0.3071605816,0.1819745869,199.3931883809],[0.0,0.0,0.1697776839,0.3231748337,0.1889305831,194.5930993934],[0.0,0.0,0.1971716683,0.321740459,0.1977348844,177.435371467],[0.0,0.0,0.1971646357,0.3217200876,0.1977952221,195.0499334497],[0.0,0.0,0.1971218523,0.3217353184,0.1977888291,173.1152027831],[0.0,0.0,0.1971690791,0.3216131499,0.1978491142,175.8762374197],[0.0,0.0,0.1971674832,0.3216971238,0.1977904463,177.4522933296],[0.0,0.0,0.1971752412,0.3217364016,0.197795378,197.8293304141],[0.0,0.0,0.1971603341,0.3217837873,0.1977830513,195.397950871],[0.0,0.0,0.19709004,0.3217114474,0.1979309062,192.9856877207],[0.0,0.0,0.197069633,0.3217454005,0.1977754792,199.93839488],[0.0,0.0,0.2333454769,0.3904828727,0.2443747536,184.1482723874],[0.0,0.0,0.2103139386,0.4073804723,0.2378330965,195.9767525101],[0.0,0.0,0.2124955091,0.4070876766,0.2366416722,189.9025151496],[0.0,0.0,0.2127253614,0.4071770982,0.2365763475,198.7600643801],[0.0,0.0,0.2130481863,0.4070763678,0.2364038803,194.4616908363],[0.0,0.0,0.2132677994,0.4070278465,0.236262752,199.9767628147],[0.0,0.0,0.2130577026,0.4069693276,0.2363405686,195.8785099073],[0.0,0.0,0.2129877272,0.4070852341,0.2363985458,199.8490255852],[0.0,0.0,0.2125686819,0.4071965954,0.2366098212,179.8259723133],[0.0,0.0,0.2128707603,0.406986475,0.2364387974,176.1334850432],[0.0,0.0,0.2159837299,0.3986011292,0.2389727277,167.0660452348],[0.0,0.0,0.258031572,0.399365933,0.225368945,1.8177747031],[0.0,0.0,0.6021530785,0.3704438858,0.2047964169,0.4727516305],[0.0,0.0,0.5672136921,0.3715370747,0.2064132324,0.4646734395],[0.0,0.0,0.5672282345,0.3715830402,0.2064464265,0.4648564217],[0.0,0.0,0.5672760479,0.3714077204,0.2064512601,0.4647157335],[0.0,0.0,0.5674016354,0.3715171638,0.2064226957,0.4646558801],[0.0,0.0,0.5673347025,0.3715014778,0.2064216687,0.4648664637],[0.0,0.0,0.5676720098,0.3715036461,0.2064196119,0.4649025908],[0.0,0.0,0.5673563099,0.3715118836,0.2064178013,0.4649016842],[0.0,0.0,0.4685632407,0.3616720537,0.230932212,0.2762274059],[0.0,0.0,0.558407348,0.3650630824,0.2098241955,0.3253738768],[0.0,0.0,0.5585947284,0.3649515635,0.2097546845,0.3253404542],[0.0,0.0,0.5584128043,0.3649545091,0.2098525768,0.3252897014],[0.0,0.0,0.5584583368,0.365005954,0.2097879867,0.3253279315],[0.0,0.0,0.5584834188,0.365032529,0.2097598097,0.3253734804],[0.0,0.0,0.5584179592,0.3650929297,0.2098272654,0.3253252876],[0.0,0.0,0.5584257566,0.3650282282,0.2098151909,0.325447385],[0.0,0.0,0.5585157291,0.3650258109,0.2098179522,0.3253579557],[0.0,0.0,0.5589354137,0.3651026642,0.2097364879,0.3253319413],[0.0,0.0,0.5250835567,0.287245224,0.2024091713,0.3314799598],[0.0,0.0,0.4861948804,0.3175597688,0.208021241,0.3303797254],[0.0,0.0,0.4864654922,0.317588525,0.2079851536,0.3304342489],[0.0,0.0,0.4866501329,0.3175366727,0.2080025348,0.3303771979],[0.0,0.0,0.4864306396,0.317503765,0.2080311905,0.3302784171],[0.0,0.0,0.4863721211,0.3175727946,0.2080409983,0.3303187887],[0.0,0.0,0.4868669712,0.3174224371,0.2079355394,0.3303825191],[0.0,0.0,0.4864395853,0.3176708762,0.2079899226,0.3303586551],[0.0,0.0,0.4865852732,0.3176456026,0.2080048584,0.3303960903],[0.0,0.0,0.4866018906,0.3174861986,0.2079467473,0.330378312]],"thinning":10,"kernel_values":[1.046199322,0.9002852901,0.63228738,0.5744170096],"type_kernel":["Matern52"],"training_data":{"evaluations":[135.2602808303,361.8630742373,388.0295706508,1474.3531244463,187.1164773014,542.7501914835,87.297645865,663.9955232799,2996.2568672616,2513.1887537893,3317.5341189599,5643.6541935455],"points":[[0.5598363673,0.6264072194,0.25,0.4],[0.06419865,0.0988675481,0.75,0.4],[0.0265919822,0.1800058366,0.5,0.6],[0.5760829837,0.5418972082,0.5,0.6],[0.5423946339,0.8097304397,0.25,0.4],[0.953009771,0.4523307588,0.5,0.4],[0.472273839,0.1191611976,0.5,0.6],[0.2993129167,0.1180568949,0.75,0.8],[0.750110578,0.9328389806,0.75,0.2],[0.0816752583,0.5016252754,0.25,0.4],[0.0258965252,0.5153751438,0.5,0.6],[0.6887836419,0.4508304575,0.75,0.8]],"var_noise":[]},"var_noise_value":[0.0],"n_burning":500,"same_correlation":true,"problem_name":"branin","data":{"evaluations":[135.2602808303,361.8630742373,388.0295706508,1474.3531244463,187.1164773014,542.7501914835,87.297645865,663.9955232799,2996.2568672616,2513.1887537893,3317.5341189599,5643.6541935455,1215.6349843798,1434.3899968211,9977.9230279128,639.9722953672,1635.7819784101,1304.9221270438,1304.9221270438],"points":[[0.5598363673,0.6264072194,0.25,0.4],[0.06419865,0.0988675481,0.75,0.4],[0.0265919822,0.1800058366,0.5,0.6],[0.5760829837,0.5418972082,0.5,0.6],[0.5423946339,0.8097304397,0.25,0.4],[0.953009771,0.4523307588,0.5,0.4],[0.472273839,0.1191611976,0.5,0.6],[0.2993129167,0.1180568949,0.75,0.8],[0.750110578,0.9328389806,0.75,0.2],[0.0816752583,0.5016252754,0.25,0.4],[0.0258965252,0.5153751438,0.5,0.6],[0.6887836419,0.4508304575,0.75,0.8],[1.0,0.1040333374,0.75,0.8],[1.0,0.5771893236,0.75,0.2923552388],[0.0,1.0,0.75,0.8],[0.5013515014,1.0,0.25,0.8],[0.0,1.0,0.75,0.2],[1.0,0.0,0.75,0.8],[1.0,0.0,0.75,0.8]],"var_noise":[]},"start_point_sampler":[0.0,0.0,0.1092610492,0.3178757304,0.3224535769,191.2302824073],"name_model":"gp_fitting_gaussian","training_name":"default_training_data_12_points_rs_510"}