{"type_bounds":[0,0,1,1],"max_steps_out":1000,"dimensions":[4],"bounds_domain":[[0.0,1.0],[0.0,1.0],[0.25,0.5,0.75],[0.2,0.4,0.6,0.8]],"mean_value":[0.0],"samples_parameters":[[0.0,0.0,920.0916449195,0.1096882623,0.236187254,0.6327246059],[0.0,0.0,781.1118208433,0.1096987972,0.2362693644,0.6328049029],[0.0,0.0,953.6629926775,0.1096759075,0.2363571329,0.6326268273],[0.0,0.0,897.3403963077,0.1096945898,0.2362919922,0.632748929],[0.0,0.0,864.655029939,0.1096995849,0.2362084377,0.6330689746],[0.0,0.0,914.1359729006,0.109708827,0.2363279977,0.6327032919],[0.0,0.0,886.0013593613,0.1096848315,0.2363043147,0.6330690111],[0.0,0.0,700.1614665656,0.1097027575,0.2363455474,0.6328240878],[0.0,0.0,965.0187480611,0.1097085028,0.236201542,0.6325822611],[0.0,0.0,892.8514425466,0.1097244811,0.236225469,0.6325561391],[0.0,0.0,907.7621680605,0.1096701009,0.236291235,0.63270274],[0.0,0.0,852.5256472445,0.1454089048,0.1855814461,0.6353959662],[0.0,0.0,1.4089528605,0.1527781207,0.1846787997,0.5794880644],[0.0,0.0,1.1832113689,0.1567477971,0.1854058093,0.5530460379],[0.0,0.0,1.1815827194,0.1567702056,0.1853929088,0.5529158813],[0.0,0.0,1.1825526274,0.1567368608,0.1853632546,0.5532107999],[0.0,0.0,1.1810746093,0.1567668619,0.1853769793,0.5527596658],[0.0,0.0,1.1797757626,0.1567661724,0.1853594893,0.5530670684],[0.0,0.0,1.1811549793,0.1567678665,0.1853678575,0.5531576886],[0.0,0.0,1.1829381937,0.1567535872,0.1853843188,0.5534486958],[0.0,0.0,1.1810990442,0.1567634723,0.185361072,0.5527922676],[0.0,0.0,0.6919632084,0.0443189443,0.3422072185,0.6745104337],[0.0,0.0,939.7501428712,0.0916918626,0.3098788225,0.5999792521],[0.0,0.0,343.234036945,0.0916601461,0.309863691,0.5997669212],[0.0,0.0,973.8049780864,0.0916729145,0.3098629826,0.5999804355],[0.0,0.0,822.1404284186,0.091650157,0.3098914512,0.5996689451],[0.0,0.0,998.0918888126,0.0916712569,0.3098800479,0.5998522519],[0.0,0.0,697.9082055959,0.0917002872,0.3098836683,0.5998272323],[0.0,0.0,864.6796644457,0.0916337125,0.3098847641,0.5994915394],[0.0,0.0,697.114092374,0.0916549478,0.3098957819,0.5999721916],[0.0,0.0,870.7941894995,0.0916866284,0.3098722587,0.6000398504],[0.0,0.0,763.0018943036,0.0916823455,0.3098773245,0.5995461644],[0.0,0.0,865.788126671,0.0916835073,0.3099071536,0.5997321729],[0.0,0.0,807.7387034027,0.0916843762,0.3098986321,0.5997866279],[0.0,0.0,777.04128227,0.0916713256,0.309922963,0.5998600836],[0.0,0.0,653.4071313069,0.0916946952,0.309880147,0.5999040187],[0.0,0.0,402.4329479429,0.0917133683,0.3098742423,0.5993594669],[0.0,0.0,876.1779574373,0.0917040553,0.3098984596,0.5999197264],[0.0,0.0,742.2936094524,0.0916853876,0.3098904697,0.5999978576],[0.0,0.0,903.2788823964,0.0916843702,0.3098658936,0.5996857844],[0.0,0.0,444.3249585893,0.0916777966,0.3098805207,0.599967521],[0.0,0.0,622.2883103393,0.0921754526,0.2981759798,0.4619355392],[0.0,0.0,982.7514801989,0.0906209197,0.3111923631,0.3140146452],[0.0,0.0,482.6896007437,0.0907285331,0.3109755152,0.3125898564],[0.0,0.0,945.7668064596,0.0907032823,0.310938731,0.3126446049],[0.0,0.0,512.0826478574,0.0907185029,0.3109269227,0.3125586315],[0.0,0.0,888.8003075057,0.0906908249,0.3109382008,0.312578391],[0.0,0.0,953.5706537348,0.0907074028,0.3109282882,0.3126441796],[0.0,0.0,661.2844416939,0.0907052012,0.3109586439,0.312581652],[0.0,0.0,957.3973741808,0.0906753479,0.3109319045,0.3126289745],[0.0,0.0,770.0427903814,0.0907145179,0.3109402194,0.312640755],[0.0,0.0,522.631050814,0.0898763226,0.3102405281,0.3128026981],[0.0,0.0,944.6633836215,0.089505394,0.3108625001,0.3127489787],[0.0,0.0,806.9391568462,0.0895152527,0.3108828401,0.3128031521],[0.0,0.0,970.537118869,0.0895138344,0.3108956845,0.3127816568],[0.0,0.0,549.2614368923,0.0895243022,0.3108839158,0.3128460227],[0.0,0.0,646.1548752728,0.0895186317,0.3108666032,0.3128392175],[0.0,0.0,459.9808262878,0.0895074528,0.3108730655,0.3128220907],[0.0,0.0,651.6544386908,0.0895085833,0.3108748584,0.3128765979],[0.0,0.0,876.2801366667,0.0895227483,0.3108712022,0.3127942723],[0.0,0.0,599.7450329582,0.0895161775,0.310865531,0.3128791563],[0.0,0.0,999.5673932511,0.0895229589,0.3108697998,0.3128501002],[0.0,0.0,862.9005234143,0.0895204953,0.3108554954,0.3127118184],[0.0,0.0,749.610920517,0.0895096921,0.3108800151,0.3126976036],[0.0,0.0,724.4231397697,0.0895210551,0.3108783154,0.3126657679],[0.0,0.0,843.8592416641,0.0895106671,0.3108679068,0.3127496026],[0.0,0.0,912.7163419636,0.0895053524,0.3108761264,0.3127462103],[0.0,0.0,469.4478338872,0.089512719,0.3108944105,0.3127226915],[0.0,0.0,691.8742564785,0.0895194954,0.3108840304,0.3126761264],[0.0,0.0,948.0173440632,0.0895012447,0.3108785466,0.312718041],[0.0,0.0,803.5554440441,0.0895061806,0.3108648251,0.3127359168],[0.0,0.0,682.3943997864,0.0893394539,0.3111532247,0.3114804696],[0.0,0.0,836.5407789129,0.0892639141,0.3112052785,0.310730314],[0.0,0.0,955.2771082743,0.0892541921,0.3112300303,0.3107974207],[0.0,0.0,457.4576846079,0.089242528,0.3112274542,0.3106925215],[0.0,0.0,565.9302415108,0.0892519301,0.3112225191,0.3108394257],[0.0,0.0,961.2558338459,0.0892466868,0.311217901,0.3107433393],[0.0,0.0,701.8182776152,0.0892486899,0.3112013817,0.310667675],[0.0,0.0,765.0610237063,0.0892588401,0.3112139251,0.3106736392],[0.0,0.0,479.4941725352,0.0892594211,0.3111884949,0.3107438047],[0.0,0.0,794.8267267467,0.089251916,0.31122084,0.3107206379],[0.0,0.0,767.4423012706,0.0891028815,0.3121175686,0.3125556079],[0.0,0.0,464.7621291568,0.0883873544,0.31325599,0.3196251822],[0.0,0.0,593.9804912581,0.0883712654,0.3132618045,0.3196456728],[0.0,0.0,543.2691700308,0.0883682163,0.3132510401,0.3196001397],[0.0,0.0,599.9049494174,0.0883731558,0.313260346,0.3196378246],[0.0,0.0,620.9666364033,0.0883746192,0.3132495469,0.3196198527],[0.0,0.0,987.2410821237,0.0883712264,0.3132535497,0.3196321389],[0.0,0.0,996.3220973586,0.0883707072,0.3132622032,0.3197213434],[0.0,0.0,923.9559167802,0.08837693,0.3132635737,0.319679028],[0.0,0.0,661.7102165376,0.0883667192,0.3132554133,0.319708324],[0.0,0.0,792.4921324652,0.0484438093,0.221779201,0.3171473724],[0.0,0.0,0.6155648446,0.1127712798,0.3153596731,0.3112526952],[0.0,0.0,0.6530331267,0.1185078296,0.3107351969,0.3055800988],[0.0,0.0,0.6532126389,0.1185139427,0.3107188081,0.3055924694],[0.0,0.0,0.6531507463,0.1185444653,0.3107224758,0.305620256],[0.0,0.0,0.6532352652,0.118514958,0.310711434,0.3055952227],[0.0,0.0,0.6533409938,0.1184999621,0.3107219625,0.3056516103],[0.0,0.0,0.6532389895,0.1185188429,0.3107359512,0.3056322501],[0.0,0.0,0.6532900352,0.1185147896,0.3107299044,0.305643347],[0.0,0.0,0.6533202648,0.1185033171,0.3107341646,0.3056366744],[0.0,0.0,0.6629720349,0.1192915636,0.294208737,0.4012676545],[0.0,0.0,0.6763098295,0.1091344645,0.3076869082,0.426833218],[0.0,0.0,0.6762995505,0.1091407396,0.3077007441,0.4268298583],[0.0,0.0,0.6762522232,0.10910209,0.3077577364,0.4268578525],[0.0,0.0,0.6762529495,0.1091135871,0.3077227253,0.4268550156],[0.0,0.0,0.6763088174,0.1091334833,0.3077127218,0.4268288546],[0.0,0.0,0.676437239,0.1091103834,0.3077532676,0.4268661495],[0.0,0.0,0.6763529835,0.1091274687,0.3077027483,0.4268493253],[0.0,0.0,0.6762697817,0.109119833,0.3077395732,0.4268309455],[0.0,0.0,0.6763305438,0.10909071,0.3077311968,0.4268419412],[0.0,0.0,0.6763636204,0.109491359,0.3076935031,0.4265752055],[0.0,0.0,0.6756000849,0.109574372,0.3075176053,0.426618889],[0.0,0.0,0.6756643297,0.1095954948,0.3074804082,0.4266430134],[0.0,0.0,0.6758007424,0.1095896348,0.3075019666,0.4266333437],[0.0,0.0,0.6757013535,0.1095713943,0.3075167717,0.4266317291],[0.0,0.0,0.6757253517,0.1095997819,0.3075341512,0.4266266635],[0.0,0.0,0.6756938615,0.109600578,0.3075170073,0.4266401307],[0.0,0.0,0.6756858176,0.1095929969,0.3074785706,0.4266148074],[0.0,0.0,0.6755517339,0.1096175425,0.3075077582,0.426618265],[0.0,0.0,0.6756104426,0.109607564,0.3075219781,0.4266322925],[0.0,0.0,0.6756582078,0.1095973388,0.3075165964,0.4266187419],[0.0,0.0,0.6757343714,0.1095860997,0.3074870938,0.4266256064],[0.0,0.0,0.6757869224,0.1095913407,0.3074873364,0.4266027739],[0.0,0.0,0.675748104,0.1096262763,