{"type_bounds":[0,0,1,1],"max_steps_out":1000,"dimensions":[4],"bounds_domain":[[0.0,1.0],[0.0,1.0],[0.25,0.5,0.75],[0.2,0.4,0.6,0.8]],"mean_value":[0.0],"samples_parameters":[[0.0,0.0,920.0916449195,0.1096882623,0.236187254,0.6327246059],[0.0,0.0,781.1118208433,0.1096987972,0.2362693644,0.6328049029],[0.0,0.0,953.6629926775,0.1096759075,0.2363571329,0.6326268273],[0.0,0.0,897.3403963077,0.1096945898,0.2362919922,0.632748929],[0.0,0.0,864.655029939,0.1096995849,0.2362084377,0.6330689746],[0.0,0.0,914.1359729006,0.109708827,0.2363279977,0.6327032919],[0.0,0.0,886.0013593613,0.1096848315,0.2363043147,0.6330690111],[0.0,0.0,700.1614665656,0.1097027575,0.2363455474,0.6328240878],[0.0,0.0,965.0187480611,0.1097085028,0.236201542,0.6325822611],[0.0,0.0,892.8514425466,0.1097244811,0.236225469,0.6325561391],[0.0,0.0,907.7621680605,0.1096701009,0.236291235,0.63270274],[0.0,0.0,852.5256472445,0.1454089048,0.1855814461,0.6353959662],[0.0,0.0,1.4089528605,0.1527781207,0.1846787997,0.5794880644],[0.0,0.0,1.1832113689,0.1567477971,0.1854058093,0.5530460379],[0.0,0.0,1.1815827194,0.1567702056,0.1853929088,0.5529158813],[0.0,0.0,1.1825526274,0.1567368608,0.1853632546,0.5532107999],[0.0,0.0,1.1810746093,0.1567668619,0.1853769793,0.5527596658],[0.0,0.0,1.1797757626,0.1567661724,0.1853594893,0.5530670684],[0.0,0.0,1.1811549793,0.1567678665,0.1853678575,0.5531576886],[0.0,0.0,1.1829381937,0.1567535872,0.1853843188,0.5534486958],[0.0,0.0,1.1810990442,0.1567634723,0.185361072,0.5527922676],[0.0,0.0,0.6919632084,0.0443189443,0.3422072185,0.6745104337],[0.0,0.0,939.7501428712,0.0916918626,0.3098788225,0.5999792521],[0.0,0.0,343.234036945,0.0916601461,0.309863691,0.5997669212],[0.0,0.0,973.8049780864,0.0916729145,0.3098629826,0.5999804355],[0.0,0.0,822.1404284186,0.091650157,0.3098914512,0.5996689451],[0.0,0.0,998.0918888126,0.0916712569,0.3098800479,0.5998522519],[0.0,0.0,697.9082055959,0.0917002872,0.3098836683,0.5998272323],[0.0,0.0,864.6796644457,0.0916337125,0.3098847641,0.5994915394],[0.0,0.0,697.114092374,0.0916549478,0.3098957819,0.5999721916],[0.0,0.0,870.7941894995,0.0916866284,0.3098722587,0.6000398504],[0.0,0.0,763.0018943036,0.0916823455,0.3098773245,0.5995461644],[0.0,0.0,865.788126671,0.0916835073,0.3099071536,0.5997321729],[0.0,0.0,807.7387034027,0.0916843762,0.3098986321,0.5997866279],[0.0,0.0,777.04128227,0.0916713256,0.309922963,0.5998600836],[0.0,0.0,653.4071313069,0.0916946952,0.309880147,0.5999040187],[0.0,0.0,402.4329479429,0.0917133683,0.3098742423,0.5993594669],[0.0,0.0,876.1779574373,0.0917040553,0.3098984596,0.5999197264],[0.0,0.0,742.2936094524,0.0916853876,0.3098904697,0.5999978576],[0.0,0.0,903.2788823964,0.0916843702,0.3098658936,0.5996857844],[0.0,0.0,444.3249585893,0.0916777966,0.3098805207,0.599967521]],"thinning":10,"kernel_values":[1.0511453074,0.6714593703,0.589420439,0.7716049383],"type_kernel":["Matern52"],"training_data":{"evaluations":[1392.3784664474,5041.8613720279,2093.5542380705,4242.4291708551,1046.0902350309,2982.7832670799,4790.5263247923,1189.3521609641,168.7467076991,1787.4464135652,403.5672819426,1850.8400815347],"points":[[0.0768495493,0.7973720808,0.75,0.8],[0.4902130282,0.5645962731,0.75,0.8],[0.0186822817,0.7355502736,0.75,0.4],[0.8517268901,0.632038477,0.75,0.4],[0.0396458912,0.3337803972,0.5,0.6],[0.5474779056,0.3710768085,0.75,0.8],[0.0709991944,0.6774911875,0.5,0.8],[0.3459516638,0.3662571127,0.75,0.2],[0.504258041,0.1668382731,0.25,0.2],[0.1851339562,0.6299356857,0.25,0.4],[0.2023837662,0.4994209474,0.5,0.6],[0.9896995717,0.2742949408,0.75,0.8]],"var_noise":[]},"var_noise_value":[0.0],"n_burning":500,"same_correlation":true,"problem_name":"branin","data":{"evaluations":[1392.3784664474,5041.8613720279,2093.5542380705,4242.4291708551,1046.0902350309,2982.7832670799,4790.5263247923,1189.3521609641,168.7467076991,1787.4464135652,403.5672819426,1850.8400815347,40199.2005412939,9977.9230279128,250.3489277526,1635.7819784101],"points":[[0.0768495493,0.7973720808,0.75,0.8],[0.4902130282,0.5645962731,0.75,0.8],[0.0186822817,0.7355502736,0.75,0.4],[0.8517268901,0.632038477,0.75,0.4],[0.0396458912,0.3337803972,0.5,0.6],[0.5474779056,0.3710768085,0.75,0.8],[0.0709991944,0.6774911875,0.5,0.8],[0.3459516638,0.3662571127,0.75,0.2],[0.504258041,0.1668382731,0.25,0.2],[0.1851339562,0.6299356857,0.25,0.4],[0.2023837662,0.4994209474,0.5,0.6],[0.9896995717,0.2742949408,0.75,0.8],[0.0,1.0,0.25,0.8],[0.0,1.0,0.75,0.8],[1.0,0.0,0.25,0.2],[0.0,1.0,0.75,0.2]],"var_noise":[]},"start_point_sampler":[0.0,0.0,920.0916449195,0.1096882623,0.236187254,0.6327246059],"name_model":"gp_fitting_gaussian","training_name":"default_training_data_12_points_rs_526"}