{"type_bounds":[0,0,1,1],"max_steps_out":1000,"dimensions":[4],"bounds_domain":[[0.0,1.0],[0.0,1.0],[0.25,0.5,0.75],[0.2,0.4,0.6,0.8]],"mean_value":[0.0],"samples_parameters":[[0.0,0.0,937.6428885061,0.3034575509,0.4288635776,0.1397354207],[0.0,0.0,553.2401749479,0.303532431,0.4286753008,0.1397230009],[0.0,0.0,372.3029518352,0.3035232328,0.4288495045,0.1397035147],[0.0,0.0,857.7378402536,0.3034598905,0.4284978386,0.1397422683],[0.0,0.0,868.3593973654,0.3035109813,0.4285242102,0.1397086845],[0.0,0.0,519.853974212,0.3034230358,0.428787703,0.1396746729],[0.0,0.0,518.3743696842,0.3030925979,0.4293539156,0.1396429954],[0.0,0.0,878.8299566332,0.3035748596,0.4286174797,0.1397260757],[0.0,0.0,837.8168096283,0.303576565,0.4288374678,0.1396592564],[0.0,0.0,219.9513926824,0.303370301,0.4285646266,0.1397328798],[0.0,0.0,367.6684606996,0.3035298739,0.4291353607,0.1396200953],[0.0,0.0,481.2172718267,0.1161356536,0.0037695826,0.025903779],[0.0,0.0,0.5318481996,0.2461923645,12.2302006194,0.0982213169],[0.0,0.0,0.5202685324,0.240561252,0.4235637633,0.1123476081],[0.0,0.0,0.5173584437,0.2431010811,0.4032878447,0.1135017376],[0.0,0.0,0.5174331123,0.2431970813,0.4031133766,0.1135349946],[0.0,0.0,0.5172494235,0.2433618875,0.4022636033,0.1135918254],[0.0,0.0,0.517246845,0.2432995215,0.402698444,0.1135776997],[0.0,0.0,0.5172184768,0.2433154581,0.40231299,0.1135869706],[0.0,0.0,0.5174855073,0.2431555103,0.4033617914,0.1135125338],[0.0,0.0,0.5173173011,0.2433475238,0.4021419997,0.1135903405],[0.0,0.0,0.516460923,0.2434326446,0.3950766146,0.1156538556],[0.0,0.0,0.5160745415,0.2450105974,0.3871410899,0.1155231153],[0.0,0.0,0.5159771605,0.2449715801,0.3869768209,0.115630324],[0.0,0.0,0.5162046318,0.2449536524,0.3870810494,0.1154805642],[0.0,0.0,0.5161580253,0.2449863343,0.3879941017,0.1155313922],[0.0,0.0,0.5161168979,0.2449458336,0.3874193686,0.1155682647],[0.0,0.0,0.5161529605,0.2448988771,0.387597668,0.1156024884],[0.0,0.0,0.5159577372,0.2448638727,0.3874026817,0.1155137608],[0.0,0.0,0.516156886,0.2449322945,0.3870383226,0.1156040786],[0.0,0.0,0.5163767569,0.244913036,0.3873837541,0.1155477882],[0.0,0.0,0.0738130793,0.3076878309,0.3275685809,0.1086083386],[0.0,0.0,0.0956463804,0.3596886947,0.1839441829,0.2053938221],[0.0,0.0,0.1546612165,0.3768884844,0.1757162527,0.1054494968],[0.0,0.0,0.1549004454,0.3760083961,0.1754636262,0.105718965],[0.0,0.0,0.1549125409,0.375754486,0.175489169,0.1057073458],[0.0,0.0,0.1549804541,0.3757374059,0.1754958012,0.1057231627],[0.0,0.0,0.1548192653,0.3758990477,0.1755473944,0.105735106],[0.0,0.0,0.1548790189,0.3757893948,0.1755150266,0.1057142136],[0.0,0.0,0.1549460828,0.3759325648,0.1755404505,0.1056813288],[0.0,0.0,0.1548567775,0.3758458097,0.1755263126,0.1057194243],[0.0,0.0,0.166291875,0.3756078185,0.1760260732,0.1083155234],[0.0,0.0,950.5965360609,0.1721544321,0.3124567104,0.1644892671],[0.0,0.0,611.1321819358,0.0050046961,0.4394928582,0.2332115395],[0.0,0.0,586.6816590769,0.0047278568,0.50305036,0.1913881103],[0.0,0.0,458.9927660867,0.0046962882,0.5335605605,0.181506665],[0.0,0.0,688.7897000526,0.0046543354,0.5573710918,0.1744222245],[0.0,0.0,474.0861562052,0.0046322092,0.5790826533,0.1710512317],[0.0,0.0,810.4866036118,0.00461647,0.5937785784,0.1685667645],[0.0,0.0,27.5287449457,0.0046105175,0.604701689,0.1671468746],[0.0,0.0,64.9350097124,0.0045921222,0.6198285996,0.1649109623],[0.0,0.0,63.335885106,0.0045930355,0.3085272694,0.2212009423],[0.0,0.0,984.350072609,0.0464154588,0.2410918348,0.2775184672],[0.0,0.0,958.3306670702,0.0464011551,0.2409720674,0.2774386245],[0.0,0.0,950.3653856686,0.046384622,0.2409728347,0.2774097443],[0.0,0.0,961.2422705032,0.0463979664,0.2409834853,0.2773370654],[0.0,0.0,996.2764983283,0.0463809846,0.240983646,0.2773945444],[0.0,0.0,948.8236355608,0.0464028466,0.2409746861,0.2773293436],[0.0,0.0,849.4112100389,0.0463898228,0.2409892977,0.2774017347],[0.0,0.0,872.7831873634,0.0463989758,0.2409764804,0.2773986158],[0.0,0.0,915.2757911204,0.046371271,0.2409865817,0.2773731685],[0.0,0.0,929.9625781407,0.0463943387,0.2409559732,0.2771719706],[0.0,0.0,900.0219623389,0.0464011491,0.2409680895,0.2771632889],[0.0,0.0,960.6497399172,0.0463983761,0.2409706573,0.2771883754],[0.0,0.0,973.5590490063,0.0464060122,0.2409814515,0.2771944689],[0.0,0.0,947.7150209832,0.0464094413,0.2409544605,0.2771813035],[0.0,0.0,913.0612029296,0.0464201101,0.240966003,0.2771540454],[0.0,0.0,948.2179288945,0.0464220246,0.2409728965,0.2771348646],[0.0,0.0,986.9094889956,0.0464064578,0.2409746623,0.2772444718],[0.0,0.0,970.0745874898,0.0464322583,0.2409885389,0.2772617138],[0.0,0.0,928.6185489832,0.0464287594,0.2409749224,0.2771362773],[0.0,0.0,717.6142067205,0.014612144,0.2406449827,0.2763127268],[0.0,0.0,1.1445462544,0.0055863713,0.2416901435,0.3322960052],[0.0,0.0,1.1552666282,0.0055985675,0.2416138659,0.3374239952],[0.0,0.0,1.1552826506,0.0056027211,0.2416056125,0.3374190452],[0.0,0.0,1.1552161284,0.0055997849,0.2416307986,0.337545462],[0.0,0.0,1.1551754858,0.0056008696,0.2416277261,0.3374245795],[0.0,0.0,1.155276964,0.0056012299,0.2416160695,0.337624699],[0.0,0.0,1.1549676999,0.0056046891,0.2416236082,0.3374556708],[0.0,0.0,1.1550587976,0.0055983776,0.2416062383,0.3375526816],[0.0,0.0,1.1550362155,0.0056027036,0.2416445702,0.3374458343],[0.0,0.0,1.131283783,0.0055891168,0.2413766884,0.3493796033],[0.0,0.0,1.0955483056,0.0055108664,0.2414187023,0.3888114313],[0.0,0.0,1.0953173108,0.0055156575,0.2414215407,0.3885964676],[0.0,0.0,1.0954960283,0.0055135821,0.2414179033,0.3886052446],[0.0,0.0,1.095414196,0.0055133998,0.2414294865,0.3886851206],[0.0,0.0,1.0954938056,0.0055109251,0.2413977676,0.3885818692],[0.0,0.0,1.0953464508,0.0055166514,0.2414012876,0.3886882324],[0.0,0.0,1.0953572002,0.0055142507,0.2414238497,0.388646827],[0.0,0.0,1.095185624,0.0055161965,0.2414246674,0.3887951598],[0.0,0.0,1.0953816002,0.005513002,0.2414267713,0.3885043596],[0.0,0.0,1.147481547,0.0061646105,0.2417723303,0.2649591081],[0.0,0.0,1.1750453979,0.0556093051,0.2402138829,0.2032753766],[0.0,0.0,1.1752621116,0.0556262859,0.2402180979,0.203283679],[0.0,0.0,1.174991198,0.0555868872,0.2402176823,0.2032863705],[0.0,0.0,1.1756794608,0.0556019042,0.2402115274,0.2032738215],[0.0,0.0,1.1752236437,0.0556176518,0.2402161364,0.2032846542],[0.0,0.0,1.1753482251,0.0556424985,0.2402203764,0.2032797023],[0.0,0.0,1.1750129636,0.0555780574,0.240219794,0.2032845951],[0.0,0.0,1.1749057057,0.0556185489,0.2402203739,0.2032812745],[0.0,0.0,1.1750610023,0.0556128891,0.2402202006,0.2032837972],[0.0,0.0,1.2158932078,0.0558392482,0.2402434781,0.2041283571],[0.0,0.0,1.1981560878,0.0531034112,0.2404988132,0.2175379339],[0.0,0.0,1.1984637597,0.0530837931,0.2405327306,0.217587478],[0.0,0.0,1.1984882853,0.053107627,0.2405013723,0.2175633649],[0.0,0.0,1.1978711434,0.0531008096,0.2405168256,0.2175478953],[0.0,0.0,1.1981949051,0.053076864,0.2404999134,0.2175414082],[0.0,0.0,1.1982986749,0.0531116253,0.2405221413,0.2175275851],[0.0,0.0,1.1983303443,0.0531025737,0.240510495,0.2175596095],[0.0,0.0,1.197933966,0.0531115518,0.2405122981,0.2176009496],[0.0,0.0,1.1983059491,0.0531086548,0.240513,0.2175987988],[0.0,0.0,1.2296979586,0.0514112744,0.2423767229,0.2249080514],[0.0,0.0,1.2347822355,0.0505417093,0.2414903383,0.2295868976],[0.0,0.0,1.2351809839,0.0505488969,0.2415041174,0.2295492204],[0.0,0.0,1.2347071557,0.0505315739,0.2414997512,0.2295954738],[0.0,0.0,1.2347348474,0.0505278147,0.241506088,0.2295681408],[0.0,0.0,1.235480281,0.0505175405,0.2414888754,0.229558494],[0.0,0.0,1.2349056642,0.0505293026,0.2414879648,0.2295574059],[0.0,0.0,1.2348283172,0.0505626419,0.2414798299,0.2295718429],[0.0,0.0,1.2350401538,0.0505103727,0.2414965792,0.2295530498],[0.0,0.0,1.2350680581,0.0505207306,0.241478749,0.2295728106],[0.0,0.0,1.2490211683,0.0504806247,0.2414930461,0.2311190642],[0.0,0.0,1.2458111253,0.050404399,0.2415283908,0.2301139537],[0.0,0.0,1.245654361,0.05041398,0.2415275149,0.230186165],[0.0,0.0,1.2456992497,0.0504203247,0.2415165101,0.2301568109],[0.0,0.0,1.2455916201,0.0504235346,0.2415292324,