{"type_bounds":[0,0,1,1],"max_steps_out":1000,"dimensions":[4],"bounds_domain":[[0.0,1.0],[0.0,1.0],[0.25,0.5,0.75],[0.2,0.4,0.6,0.8]],"mean_value":[0.0],"samples_parameters":[[0.0,0.0,0.3310233205,0.2614831329,0.180435272,194.9412044723],[0.0,0.0,0.3310178674,0.2614572935,0.1804568598,186.8397326496],[0.0,0.0,0.3310220295,0.261478373,0.1804486214,168.2922538628],[0.0,0.0,0.3309833743,0.2614702124,0.1804507554,177.3558154084],[0.0,0.0,0.3310098287,0.2614626188,0.1804458755,190.4762931758],[0.0,0.0,0.3309879002,0.2614830781,0.180452051,183.8114813697],[0.0,0.0,0.3310735425,0.2614266277,0.1804296821,196.4287492896],[0.0,0.0,0.3310809204,0.2614560404,0.1804658068,198.1874570762],[0.0,0.0,0.3311073697,0.2614536977,0.1804149057,186.5405899687],[0.0,0.0,0.3310282771,0.2614706811,0.1804249048,187.3516871618],[0.0,0.0,0.3310316748,0.2615002225,0.1804383884,195.5041068389],[0.0,0.0,0.1356193622,0.2416904709,0.1986475877,178.7654130972],[0.0,0.0,0.1900962735,0.3941150517,0.1796942005,0.3072306358],[0.0,0.0,0.2461574815,0.3425279644,0.1764165158,0.3076689662],[0.0,0.0,0.2606578785,0.3337658469,0.1758338475,0.3044934297],[0.0,0.0,0.261734093,0.3331533152,0.1758011256,0.3042266855],[0.0,0.0,0.26229198,0.3329332843,0.1758013661,0.3040621449],[0.0,0.0,0.2622427427,0.332905559,0.1758053072,0.3041200271],[0.0,0.0,0.2622716384,0.3328747245,0.1758026534,0.304068796],[0.0,0.0,0.2624050936,0.3328032588,0.1757801686,0.3040698956],[0.0,0.0,0.2624970841,0.3327720227,0.1757954858,0.3040274326],[0.0,0.0,0.26008079,0.3836706291,0.1758514881,0.2742475442],[0.0,0.0,0.1771818209,0.4867957985,0.1779474542,0.2976621255],[0.0,0.0,0.1769780354,0.4871335201,0.1778669493,0.2976787591],[0.0,0.0,0.1769524702,0.4871511832,0.1778824166,0.2977040315],[0.0,0.0,0.1769430377,0.4871555522,0.1778523415,0.2976966943],[0.0,0.0,0.1769387993,0.4872824133,0.17785657,0.2976447462],[0.0,0.0,0.1769469228,0.487153611,0.1778699081,0.2976634921],[0.0,0.0,0.1769572941,0.4872328029,0.1778867528,0.2976888626],[0.0,0.0,0.1769641921,0.4871486294,0.1778749485,0.2977047087],[0.0,0.0,0.1768873962,0.4872719235,0.1778701026,0.2976880527],[0.0,0.0,0.1777516768,0.4906994998,0.1772018964,0.2565686587],[0.0,0.0,0.1840014121,0.5028947001,0.175417613,0.2366128889],[0.0,0.0,0.1840340126,0.5029441738,0.1753965284,0.2366045862],[0.0,0.0,0.1840066936,0.5030057331,0.1753775078,0.236599382],[0.0,0.0,0.184017864,0.5030278591,0.175387388,0.2365704531],[0.0,0.0,0.1840346338,0.5030168827,0.1753980128,0.2365984041],[0.0,0.0,0.1840657641,0.5029770193,0.1753858758,0.2366187184],[0.0,0.0,0.183988974,0.5030348384,0.1753887721,0.2365957591],[0.0,0.0,0.1840356126,0.5028334776,0.1753931346,0.2365639145],[0.0,0.0,0.1840293028,0.502902317,0.1753782854,0.2366067361],[0.0,0.0,0.1861784887,0.4984845472,0.1752342444,0.2351058352],[0.0,0.0,0.185900309,0.500428607,0.1752486134,0.2358229562],[0.0,0.0,0.1858990867,0.5004431782,0.1752298823,0.2358093223],[0.0,0.0,0.1858313107,0.5005776286,0.1752115004,0.2358411386],[0.0,0.0,0.1858593097,0.5005321462,0.1752360274,0.2358656119],[0.0,0.0,0.1858645032,0.5003868598,0.175227166,0.2358819298],[0.0,0.0,0.1859161056,0.500409516,0.1751966914,0.2358374059],[0.0,0.0,0.1859457987,0.5004000718,0.1752316633,0.2358600827],[0.0,0.0,0.1859056028,0.5005133528,0.1752402326,0.2358269742],[0.0,0.0,0.1858548774,0.5005106314,0.175242443,0.2358170205],[0.0,0.0,0.1857038349,0.5005419602,0.1752929069,0.235798741],[0.0,0.0,0.1857150325,0.5005374961,0.1752737681,0.2357689751],[0.0,0.0,0.1857034307,0.500636485,0.1752937525,0.2357792643],[0.0,0.0,0.1856725528,0.500557766,0.1752957774,0.2357971529],[0.0,0.0,0.1856252756,0.5007845002,0.1753008004,0.2357902552],[0.0,0.0,0.1857054256,0.5003801457,0.1752794531,0.2357748431],[0.0,0.0,0.1856525782,0.5005066619,0.1753175041,0.2357631748],[0.0,0.0,0.1856588034,0.5005868918,0.1753087127,0.2357726832],[0.0,0.0,0.1857045454,0.5006778319,0.1753039638,0.2357563135],[0.0,0.0,0.1857172305,0.500640176,0.1752816207,0.2357421388],[0.0,0.0,0.3501549543,0.4322932682,0.171078776,0.2340413527],[0.0,0.0,0.3894284161,0.3171198942,0.1734006304,0.2350143219],[0.0,0.0,0.3895054723,0.3171524143,0.1734043901,0.235032566],[0.0,0.0,0.3894811945,0.3171562226,0.1733980734,0.2350047399],[0.0,0.0,0.3894617236,0.3170822164,0.1734040875,0.2350217437],[0.0,0.0,0.3894764103,0.3171780589,0.1734321495,0.234987242],[0.0,0.0,0.3894517296,0.3171343583,0.1734192959,0.2350193446],[0.0,0.0,0.3895171152,0.3171041344,0.1734377698,0.2350087141],[0.0,0.0,0.38945665,0.3171255509,0.1734248814,0.2350135324],[0.0,0.0,0.3894368729,0.3171612667,0.1734333765,0.2350323548],[0.0,0.0,0.3895090141,0.3171401011,0.1734231119,0.2350390742],[0.0,0.0,0.3893971989,0.3171672277,0.1734128167,0.2350147557],[0.0,0.0,0.3894848087,0.3170999169,0.1734764847,0.2350486573],[0.0,0.0,0.3895352875,0.3171551768,0.1734165914,0.2350130558],[0.0,0.0,0.3895054055,0.3171818778,0.1734242326,0.2350390745],[0.0,0.0,0.3895063069,0.317151567,0.1733902085,0.2350098564],[0.0,0.0,0.3894688252,0.3171183971,0.1734250441,0.2350082438],[0.0,0.0,0.3895162772,0.3171468313,0.1733774211,0.2350045626],[0.0,0.0,0.3894587031,0.3171564817,0.1733953624,0.2350194431],[0.0,0.0,0.3894830842,0.317158443,0.1734181215,0.2350151875],[0.0,0.0,0.3595113885,0.3082272214,0.1729613981,0.2436129708],[0.0,0.0,0.2997985225,0.2962474273,0.1760576099,0.2516904738],[0.0,0.0,0.2998021768,0.2962535422,0.17604271,0.2516834368],[0.0,0.0,0.2998206172,0.2962780069,0.1760501876,0.2516867262],[0.0,0.0,0.2998037197,0.2962371189,0.1760647852,0.2516462361],[0.0,0.0,0.2998411448,0.296273,0.1760861396,0.2516754154],[0.0,0.0,0.2997802537,0.2962426719,0.1760569483,0.2516850642],[0.0,0.0,0.2998491518,0.296278074,0.1760509286,0.2516470022],[0.0,0.0,0.2998114637,0.2962258471,0.1760174892,0.2516702142],[0.0,0.0,0.299784916,0.2962597734,0.1760339071,0.2516730981],[0.0,0.0,0.2807610578,0.2657442718,0.1879027196,0.399442876],[0.0,0.0,0.1333715643,0.2954685997,0.1950995959,0.3381663109],[0.0,0.0,0.1333687888,0.295461692,0.1951256851,0.3381715872],[0.0,0.0,0.1333574985,0.2954759667,0.195100706,0.3381609656],[0.0,0.0,0.1333610028,0.295453098,0.195157837,0.3381197938],[0.0,0.0,0.1333750994,0.2954890369,0.1951480867,0.3382064734],[0.0,0.0,0.1333752176,0.2954664712,0.1950864907,0.3381718347],[0.0,0.0,0.1333634068,0.2954507588,0.1951095768,0.3381789062],[0.0,0.0,0.1333684355,0.2954793126,0.1950929155,0.33812572],[0.0,0.0,0.1333662054,0.2954346875,0.1951080718,0.3381376491],[0.0,0.0,0.132035706,0.2953704383,0.1972196712,0.3364935109],[0.0,0.0,0.1324719687,0.2945296086,0.1961099112,0.3364342579],[0.0,0.0,0.1324750829,0.294547812,0.1961460294,0.3364214286],[0.0,0.0,0.1324692678,0.2945690792,0.1961400824,0.3363980104],[0.0,0.0,0.1324816288,0.2945624753,0.1961605856,0.336435016],[0.0,0.0,0.1324714431,0.2945555037,0.1961035002,0.3364485851],[0.0,0.0,0.1324670372,0.2945685783,0.1961552861,0.3363427135],[0.0,0.0,0.1324729291,0.2945426334,0.1961005406,0.3363971621],[0.0,0.0,0.1324648897,0.2945417469,0.1961249112,0.3364056512],[0.0,0.0,0.1324711456,0.2945569941,0.1961641764,0.3364122795],[0.0,0.0,0.132617537,0.293680281,0.196698695,0.3363927597],[0.0,0.0,0.132671107,0.2932941125,0.1966232288,0.3342566918],[0.0,0.0,0.1326856663,0.2932933614,0.1966612086,0.3342525084],[0.0,0.0,0.1326805283,0.2932958955,0.1965974125,0.3342567037],[0.0,0.0,0.1326739637,0.293277267,0.1966356184,0.3342602699],[0.0,0.0,0.1326779897,0.2932659219,0.1966559832,0.3342531829],[0.0,0.0,0.132680637,0.2933218059,0.196631755,0.3342718012],[0.0,0.0,0.1326683415,0.2932895055,0.1966611156,0.3342150676],[0.0,0.0,0.1326730296,0.2933037323,0.1966271536,0.3342605484],[0.0,0.0,0.1326880788,0.29334841,0.1966428417,0.3341891499],[0.0,0.0,0.1326821769,0.2937389944,0.1968112547,0.3347739237],[0.0,0.0,0.1326812982,0.2934854824,0.1971202539,0.3348227704],[0.0,0.0,0.1326949708,0.2935050729,0.1970583007,0.3348264133],[0.0,0.0,0.1326819207,0.2934775294,0.1970974321,0.3348595421],[0.0,0.0,0.1326952987,0.2934800602,0.1971330283,0.3348433014],[0.0,0.0,0.1326779341,0.2934797253,0.1970999482,