{"type_bounds":[0,0,1,1],"max_steps_out":1000,"dimensions":[4],"bounds_domain":[[0.0,1.0],[0.0,1.0],[0.25,0.5,0.75],[0.2,0.4,0.6,0.8]],"mean_value":[0.0],"samples_parameters":[[0.0,0.0,1.2923539107,0.3252998791,0.1364095216,0.1422161717],[0.0,0.0,1.2928761911,0.3253577382,0.1364364224,0.1421885514],[0.0,0.0,1.2949997799,0.325265257,0.1364164317,0.14217316],[0.0,0.0,1.2856704439,0.325513031,0.1363296401,0.1422214137],[0.0,0.0,1.2918208986,0.3253157181,0.1364118417,0.1421810041],[0.0,0.0,1.2940748307,0.325259319,0.1364070392,0.1421857238],[0.0,0.0,1.2894041385,0.3253451067,0.1363432502,0.1421905003],[0.0,0.0,1.2978864062,0.3252911626,0.1364218794,0.142181051],[0.0,0.0,1.2952712821,0.3254407379,0.136437166,0.1421677341],[0.0,0.0,1.2911219393,0.3253669779,0.1363643435,0.1421466791],[0.0,0.0,1.2877021905,0.325449776,0.1363755554,0.1422018111],[0.0,0.0,1.1950488179,0.3256355783,0.1363530198,0.1428089269],[0.0,0.0,1.1890275682,0.3271887152,0.1358835185,0.1426222498],[0.0,0.0,1.185873027,0.3274112045,0.1358365682,0.1426506085],[0.0,0.0,1.1873667229,0.3273701036,0.1358116951,0.1426203817],[0.0,0.0,1.1896065172,0.327351609,0.1358780224,0.1426301888],[0.0,0.0,1.1859310746,0.3273510415,0.1359264885,0.1426355539],[0.0,0.0,1.1883304645,0.3271717685,0.1358610316,0.1426124623],[0.0,0.0,1.19086668,0.3273139011,0.1358900078,0.1425695141],[0.0,0.0,1.1869884439,0.3273726269,0.1358024767,0.1426312845],[0.0,0.0,1.1901533195,0.3271759844,0.1358855075,0.1426153318],[0.0,0.0,1.2004832315,0.2383619664,0.1381536294,0.1391487298],[0.0,0.0,0.5555041233,0.3947136287,0.0435675921,0.1476656335],[0.0,0.0,0.5343203127,0.3718616121,0.0314827092,0.1521664575],[0.0,0.0,0.5340192886,0.3718900846,0.0314829769,0.1521601073],[0.0,0.0,0.5342991342,0.3718056672,0.0314682308,0.1521714069],[0.0,0.0,0.5341680448,0.3718338527,0.0315091099,0.15213577],[0.0,0.0,0.5339156354,0.372159198,0.0314918636,0.1521664336],[0.0,0.0,0.5342760918,0.3719222338,0.0314606118,0.1521789807],[0.0,0.0,0.5346523729,0.3718513155,0.031472626,0.1521272351],[0.0,0.0,0.5335644921,0.372058635,0.0314806273,0.1521563328],[0.0,0.0,0.4901919944,0.3729085733,0.0765280191,0.1274698768],[0.0,0.0,0.1740463755,0.395595139,0.1430433555,0.1833481357],[0.0,0.0,0.1741174579,0.3946346275,0.143079031,0.1837190728],[0.0,0.0,0.1741681899,0.3946222264,0.143060488,0.1836310107],[0.0,0.0,0.1742613675,0.3948151135,0.1430530374,0.1836264344],[0.0,0.0,0.1741111489,0.395207236,0.1430547776,0.1835352448],[0.0,0.0,0.174139878,0.3946932347,0.1430733513,0.1836932725],[0.0,0.0,0.1742457906,0.3949825236,0.1430399482,0.1835624545],[0.0,0.0,0.1741821748,0.394854003,0.1430411513,0.1836194236],[0.0,0.0,0.1740134288,0.3949475108,0.1430978541,0.1836754096],[0.0,0.0,0.1627764588,0.3953332971,0.1433893271,0.1882020201],[0.0,0.0,0.1573382326,0.3777664863,0.1511666866,0.1980985183],[0.0,0.0,0.1574194089,0.3772210083,0.1512372839,0.1982119449],[0.0,0.0,0.1572630245,0.3775067211,0.1512567496,0.1982024407],[0.0,0.0,0.1572088747,0.3774349393,0.1512544078,0.1982690639],[0.0,0.0,0.1572222301,0.3772326738,0.1512601579,0.1983886817],[0.0,0.0,0.1573391939,0.3773059463,0.1511876046,0.1982979009],[0.0,0.0,0.1573830495,0.3768177381,0.1512033543,0.1984197571],[0.0,0.0,0.157337083,0.3772205806,0.1511841636,0.1982322199],[0.0,0.0,0.1574376998,0.3772956426,0.1511956018,0.1982739029],[0.0,0.0,0.157426603,0.3772343419,0.1512287708,0.1981352045],[0.0,0.0,0.1572768247,0.3772548005,0.1512599751,0.1982690457],[0.0,0.0,0.1573497991,0.3772138269,0.1511744146,0.1983301763],[0.0,0.0,0.1573990262,0.3768983999,0.151229913,0.1983563148],[0.0,0.0,0.1572655395,0.3770766609,0.1512475636,0.1983255969],[0.0,0.0,0.157266079,0.3774687861,0.1512800363,0.1982635352],[0.0,0.0,0.1573928764,0.3773440797,0.1512082262,0.1982933387],[0.0,0.0,0.1572751279,0.3774240818,0.1511929895,0.1981580352],[0.0,0.0,0.1573804379,0.3771478216,0.1512019755,0.1982227525],[0.0,0.0,0.1573003747,0.3772297036,0.1512574057,0.19833408],[0.0,0.0,0.1538959752,0.3656373502,0.1543810798,0.2121585292],[0.0,0.0,0.141577733,0.3308307953,0.1684312137,0.2490809073],[0.0,0.0,0.1417242843,0.3250004488,0.1685681708,0.2547758451],[0.0,0.0,0.1414180631,0.3241394111,0.1688838391,0.2559015126],[0.0,0.0,0.1411983091,0.3235196621,0.1690165551,0.2567035126],[0.0,0.0,0.1413349776,0.3239405711,0.168982134,0.2561265432],[0.0,0.0,0.141283109,0.3237135038,0.1689841027,0.2562593926],[0.0,0.0,0.1413453139,0.3237483173,0.1689695119,0.2563445561],[0.0,0.0,0.1412754777,0.3235458602,0.1690613828,0.2565038003],[0.0,0.0,0.1412997234,0.3236974935,0.1689604596,0.256247639],[0.0,0.0,0.1401734777,0.3838274574,0.1628409817,0.2094242595],[0.0,0.0,0.1685526857,0.42717511,0.1377276199,0.1856602293],[0.0,0.0,0.1685919366,0.4314177266,0.1374716203,0.1846278572],[0.0,0.0,0.1686481496,0.4316108798,0.1374819191,0.1846762914],[0.0,0.0,0.1686256663,0.4313704302,0.1375071226,0.1846320728],[0.0,0.0,0.1686164568,0.4311613037,0.1374906305,0.1846888187],[0.0,0.0,0.1685494842,0.4313200909,0.1375604859,0.1847500699],[0.0,0.0,0.1686395717,0.4306487161,0.1375387324,0.1847938738],[0.0,0.0,0.1686058508,0.4312769825,0.1375245243,0.1846862197],[0.0,0.0,0.1685920431,0.4314078245,0.1375129083,0.1846392242],[0.0,0.0,0.1677363411,0.4369625063,0.147238354,0.1822191617],[0.0,0.0,0.172764247,0.5728987914,0.1412662105,0.1158138382],[0.0,0.0,0.1718783199,0.5709085727,0.141734794,0.1158351069],[0.0,0.0,0.1719495466,0.5712544074,0.141765047,0.1158407334],[0.0,0.0,0.17202678,0.570839281,0.141696994,0.1158563955],[0.0,0.0,0.1718032962,0.5707138282,0.1417937744,0.1158489414],[0.0,0.0,0.1718866062,0.5704080179,0.1417645944,0.1158588764],[0.0,0.0,0.1718196091,0.5711630061,0.1417967838,0.1158297935],[0.0,0.0,0.1719503762,0.5708197251,0.1417695862,0.1158279351],[0.0,0.0,0.1718754632,0.5706961507,0.1417830694,0.115820016],[0.0,0.0,0.1734922785,0.5751627255,0.1413513448,0.1123151859],[0.0,0.0,0.1814834008,0.5869653508,0.1364057228,0.111453404],[0.0,0.0,0.1817333896,0.5861188158,0.1363139127,0.1113285186],[0.0,0.0,0.1817421729,0.5865222041,0.1362450666,0.1113137874],[0.0,0.0,0.1816238743,0.5858725077,0.1363675565,0.1113278722],[0.0,0.0,0.1817890109,0.5864878218,0.1362917011,0.111349857],[0.0,0.0,0.1814875583,0.5868492324,0.1363819628,0.1113061879],[0.0,0.0,0.1817141419,0.5855815866,0.1363406065,0.1112948043],[0.0,0.0,0.1816834771,0.5860554702,0.1363016711,0.1113402923],[0.0,0.0,0.1815490926,0.5863602961,0.1363505039,0.1113210459],[0.0,0.0,0.1814714185,0.5896670712,0.1363497663,0.1115547889],[0.0,0.0,0.1814982101,0.5878624179,0.1363545773,0.1115330248],[0.0,0.0,0.1814365351,0.5895030477,0.1363518475,0.1115674281],[0.0,0.0,0.1814679867,0.5888555368,0.1363884668,0.1115441138],[0.0,0.0,0.1813889023,0.5886499372,0.1363680783,0.1115677897],[0.0,0.0,0.1814205866,0.5884525063,0.1364017011,0.1115683414],[0.0,0.0,0.1813755643,0.5885260533,0.1363751775,0.11151985],[0.0,0.0,0.1811402278,0.5889098181,0.1364487673,0.1115723066],[0.0,0.0,0.1814914381,0.5889604601,0.1363410621,0.1115623769],[0.0,0.0,0.1814731245,0.5883405289,0.1363119467,0.11157149],[0.0,0.0,0.1714624032,0.7213523323,0.136278689,0.1104031381],[0.0,0.0,0.1747701388,0.7006952554,0.1358770339,0.1111432471],[0.0,0.0,0.1747836395,0.7004223415,0.135844495,0.1111724173],[0.0,0.0,0.174829634,0.7010535204,0.135830664,0.111167173],[0.0,0.0,0.1747456638,0.7006042395,0.1358541748,0.1111883884],[0.0,0.0,0.1747593146,0.7007425327,0.1358929352,0.1111337498],[0.0,0.0,0.1747594666,0.7002094513,0.135874284,0.1111644729],[0.0,0.0,0.1747928112,0.7015899806,0.1358500134,0.1111462494],[0.0,0.0,0.1747728191,0.7009774521,0.135855056,0.1111851975],[0.0,0.0,0.1747482699,0.7010297805,0.1358691143,0.111185792],[0.0,0.0,0.1746467446,0.7028072374,0.1358326132,0.1113216344],[0.0,0.0,0.1751228613,0.7079985452,0.135359545,0.1116194191],[0.0,0.0,0.1751662859,0.7089477064,0.1353310665,0.1115697068],[0.0,0.0,0.1751433495,0.7081608934,0.1353620694,0.1115870953],[0.0,0.0,0.1751949493,0.7078779128,0.135304845,0.1115676171],[0.0,0.0,0.1751907576,0.7089017623,0.1352961117,0.1115497808],[0.0,0.0,