{"type_bounds":[0,0,1,1],"max_steps_out":1000,"dimensions":[4],"bounds_domain":[[0.0,1.0],[0.0,1.0],[0.25,0.5,0.75],[0.2,0.4,0.6,0.8]],"mean_value":[0.0],"samples_parameters":[[0.0,0.0,0.2417496186,0.3767064511,0.1181260681,0.222057496],[0.0,0.0,0.2414570399,0.3768710299,0.117948355,0.2220957476],[0.0,0.0,0.2409415221,0.3773451144,0.1181833903,0.2228613484],[0.0,0.0,0.2413014574,0.3766315195,0.1181594864,0.2207588152],[0.0,0.0,0.2413181993,0.3767627684,0.1181141541,0.223043759],[0.0,0.0,0.2406854817,0.3772597378,0.1180106172,0.2254097773],[0.0,0.0,0.2412734794,0.3768695598,0.1182281111,0.2219644066],[0.0,0.0,0.2416135931,0.377084449,0.118134672,0.2203575136],[0.0,0.0,0.2412933371,0.3768798778,0.1183209225,0.2199304445],[0.0,0.0,0.2416139067,0.3767163003,0.1181903897,0.2203064731],[0.0,0.0,0.2408394954,0.3772383326,0.1179804368,0.2249725751],[0.0,0.0,0.2413237998,0.3772370428,0.1183794573,0.2289150014],[0.0,0.0,0.2402345721,0.3767475359,0.1180707482,0.2313119717],[0.0,0.0,0.2403934642,0.3767919803,0.1178303783,0.2315651614],[0.0,0.0,0.2401908805,0.3762849244,0.1177037889,0.2324957171],[0.0,0.0,0.2403354598,0.3767799753,0.1179666386,0.2316684112],[0.0,0.0,0.2409346841,0.3765436975,0.1179319696,0.2310677012],[0.0,0.0,0.2401250937,0.3767587682,0.1179709155,0.2311630386],[0.0,0.0,0.2405247759,0.3764275829,0.1179343494,0.2322721317],[0.0,0.0,0.2404194113,0.3767632317,0.1178542707,0.2316814157],[0.0,0.0,0.2404142533,0.3768433041,0.1179560159,0.2313656237],[0.0,0.0,0.2532759152,0.2982438136,0.0620543134,0.1879719693],[0.0,0.0,20.6218523937,0.2816904946,0.0667385059,0.1246531184],[0.0,0.0,0.8819860944,0.3008398321,0.0652472937,0.1317513187],[0.0,0.0,0.8103112102,0.3016368043,0.0658437419,0.1325798819],[0.0,0.0,0.8030028462,0.3017088528,0.0657388949,0.1328262845],[0.0,0.0,0.8045740713,0.3016833088,0.0657175673,0.132821312],[0.0,0.0,0.8049715318,0.3014752572,0.0657241412,0.1327895597],[0.0,0.0,0.8036837089,0.301627933,0.0657228296,0.1328295487],[0.0,0.0,0.8022373951,0.3017195872,0.065686981,0.1328669835],[0.0,0.0,0.8019931881,0.3017725133,0.0657631288,0.1328167705],[0.0,0.0,0.636325647,0.3722879473,0.0632995553,0.134975152],[0.0,0.0,0.6181138818,0.4094273927,0.0379646074,0.1904390253],[0.0,0.0,0.624102786,0.4094927696,0.0375096961,0.1946968161],[0.0,0.0,0.6260893043,0.4095347317,0.037341664,0.1953571723],[0.0,0.0,0.6260027883,0.4095056141,0.0373498304,0.1953442407],[0.0,0.0,0.6257893009,0.4096746285,0.0373374556,0.1954979497],[0.0,0.0,0.6263546588,0.4096609135,0.0373371304,0.1955015427],[0.0,0.0,0.6266917089,0.4096126927,0.0373263478,0.1955649076],[0.0,0.0,0.6264123637,0.409567603,0.0373190207,0.1955501256],[0.0,0.0,0.6270650649,0.409670805,0.0373222431,0.1954042585],[0.0,0.0,0.6236047619,0.4071888599,0.0370700317,0.198781197],[0.0,0.0,0.6092152923,0.4084916635,0.0368214805,0.2007566351],[0.0,0.0,0.6098007199,0.4084928522,0.0368550553,0.2004324392],[0.0,0.0,0.6078950384,0.4086098194,0.0368936881,0.2004075694],[0.0,0.0,0.6087416049,0.4084282696,0.0368667502,0.20046217],[0.0,0.0,0.608615244,0.4086189367,0.036877604,0.2003903746],[0.0,0.0,0.6085015054,0.4085517169,0.0368810988,0.2003048739],[0.0,0.0,0.6090537337,0.4086124089,0.0368774611,0.2003487312],[0.0,0.0,0.6086275992,0.4083887885,0.0368707012,0.2004360508],[0.0,0.0,0.6093285024,0.4086665574,0.0368712015,0.2004363826]],"thinning":10,"kernel_values":[0.7078107696,0.9856639025,0.4929698217,0.7115912209],"type_kernel":["Matern52"],"training_data":{"evaluations":[87.9910175645,473.830288086,263.5433988899,1327.0190018648,121.2121879141,3757.0090953754,194.9925877928,408.9975195474,663.532762383,103.0438184572,2867.3370120162,328.8031933268],"points":[[0.3621597881,0.1261091959,0.5,0.6],[0.7469863976,0.1945512132,0.25,0.4],[0.1634607477,0.4398933096,0.5,0.4],[0.6690820467,0.424700215,0.5,0.6],[0.6674484952,0.6876881613,0.25,0.2],[0.4391804463,0.945777403,0.5,0.6],[0.3429040296,0.5464767459,0.25,0.2],[0.4810544672,0.1051617586,0.5,0.8],[0.8145772447,0.9744646229,0.25,0.2],[0.5330216938,0.6599886682,0.25,0.4],[0.5531506232,0.7629326073,0.5,0.6],[0.1752129805,0.646803327,0.75,0.8]],"var_noise":[]},"var_noise_value":[0.0],"n_burning":500,"same_correlation":true,"problem_name":"branin","data":{"evaluations":[87.9910175645,473.830288086,263.5433988899,1327.0190018648,121.2121879141,3757.0090953754,194.9925877928,408.9975195474,663.532762383,103.0438184572,2867.3370120162,328.8031933268,334.5704935645,19377.1206046438,1738.1847416603,409.0749226467,85.9903793163],"points":[[0.3621597881,0.1261091959,0.5,0.6],[0.7469863976,0.1945512132,0.25,0.4],[0.1634607477,0.4398933096,0.5,0.4],[0.6690820467,0.424700215,0.5,0.6],[0.6674484952,0.6876881613,0.25,0.2],[0.4391804463,0.945777403,0.5,0.6],[0.3429040296,0.5464767459,0.25,0.2],[0.4810544672,0.1051617586,0.5,0.8],[0.8145772447,0.9744646229,0.25,0.2],[0.5330216938,0.6599886682,0.25,0.4],[0.5531506232,0.7629326073,0.5,0.6],[0.1752129805,0.646803327,0.75,0.8],[1.0,1.0,0.25,0.4331317458],[0.0,1.0,0.5478808338,0.8],[0.0,0.0,0.5478808351,0.799966093],[1.0,0.0,0.4982452975,0.8],[1.0,0.0,0.4594053286,0.563412419]],"var_noise":[]},"start_point_sampler":[0.0,0.0,0.2417496186,0.3767064511,0.1181260681,0.222057496],"name_model":"gp_fitting_gaussian","training_name":"default_training_data_12_points_rs_535"}