{"type_bounds":[0,0,1,1],"max_steps_out":1000,"dimensions":[4],"bounds_domain":[[0.0,1.0],[0.0,1.0],[0.25,0.5,0.75],[0.2,0.4,0.6,0.8]],"mean_value":[0.0],"samples_parameters":[[0.0,0.0,0.1332503882,0.3222362543,145.1197926692,0.1992218469],[0.0,0.0,0.1331985982,0.322297884,202.5980286094,0.1992467174],[0.0,0.0,0.1331923279,0.3222633608,228.7328207841,0.1991088905],[0.0,0.0,0.1332001829,0.3221397329,214.6105246201,0.1993308853],[0.0,0.0,0.1331547431,0.3223609438,237.3743499223,0.1991965295],[0.0,0.0,0.1331752298,0.3223984537,232.2939068047,0.1991752293],[0.0,0.0,0.1332472547,0.3223036731,235.0996811362,0.1991384173],[0.0,0.0,0.133111939,0.3223840526,192.8026349929,0.1992521809],[0.0,0.0,0.133185588,0.3223545104,224.1050486286,0.1991890282],[0.0,0.0,0.1331908204,0.3221788904,240.0040004066,0.1992676569],[0.0,0.0,0.1331641113,0.3224351544,249.2605369051,0.1991175316],[0.0,0.0,0.1349167739,0.3233691751,215.0856055205,0.2009581634],[0.0,0.0,0.1347464032,0.3236098033,248.0442878155,0.2007725655],[0.0,0.0,0.1347508735,0.3235709241,215.6748066513,0.2006791841],[0.0,0.0,0.1347649666,0.3237066307,228.3539426635,0.2006203685],[0.0,0.0,0.1347652788,0.3237455853,247.8535330309,0.2007420398],[0.0,0.0,0.1347907731,0.3237131601,215.5698365286,0.2007042606],[0.0,0.0,0.134666579,0.3236349984,211.0514348971,0.2007486551],[0.0,0.0,0.1347429445,0.3235550333,249.1458347014,0.2007722013],[0.0,0.0,0.1347222701,0.3238792067,221.4920704689,0.2006630813],[0.0,0.0,0.1347308459,0.3236985261,244.5635067259,0.2007476987],[0.0,0.0,0.1351623471,0.3263931252,226.3179337978,0.2048119455],[0.0,0.0,0.1349144819,0.3353044171,222.45877864,0.2084868884],[0.0,0.0,0.1349173231,0.3351714093,205.9362200033,0.2085533079],[0.0,0.0,0.1348289775,0.3353524931,199.6793581552,0.2084898106],[0.0,0.0,0.1349030448,0.3351894288,203.8085139786,0.2085720516],[0.0,0.0,0.1349923775,0.3353811235,143.1998603728,0.2085411064],[0.0,0.0,0.1348863455,0.3355501773,200.1097378,0.2083640684],[0.0,0.0,0.1348701272,0.3355451292,164.7532984797,0.2083952313],[0.0,0.0,0.1347799046,0.3354119646,247.4350974981,0.2085772047],[0.0,0.0,0.1349257021,0.3353476884,193.0361101609,0.208413721],[0.0,0.0,0.1351352751,0.3337463959,207.7691937527,0.2077643406],[0.0,0.0,0.1353113195,0.3333963861,174.0911288828,0.2072982216],[0.0,0.0,0.1353399084,0.3334508631,161.021621175,0.2073375956],[0.0,0.0,0.1352104225,0.3331930401,249.8395702713,0.207500398],[0.0,0.0,0.1352494472,0.3333143333,222.0801827642,0.2072033988],[0.0,0.0,0.135238483,0.3331980938,155.398706299,0.2074446625],[0.0,0.0,0.1352747326,0.3332971978,166.0311110127,0.2075627609],[0.0,0.0,0.1352764469,0.3332705586,241.9934256252,0.2074273291],[0.0,0.0,0.1353441434,0.333322735,193.03429868,0.2074096823],[0.0,0.0,0.1353358722,0.3331288294,151.503701264,0.2073900776],[0.0,0.0,0.1267438968,0.4091865784,44.7649504343,0.2105473737],[0.0,0.0,0.1302584441,0.3659416938,177.0125667801,0.2578751331],[0.0,0.0,0.1303572965,0.3658882995,196.337297709,0.2580044953],[0.0,0.0,0.13033392,0.3658237046,166.4883153299,0.2579777899],[0.0,0.0,0.1303094605,0.3657397191,202.962603507,0.2579565368],[0.0,0.0,0.1303219398,0.3658623452,203.933164941,0.2580119705],[0.0,0.0,0.1303541354,0.3659876713,200.0798582635,0.2579904343],[0.0,0.0,0.1303221184,0.3659137749,191.9763879895,0.2579063507],[0.0,0.0,0.130301189,0.3659721807,118.6839441177,0.2580662951],[0.0,0.0,0.1302912412,0.3659867165,185.4722416826,0.2580050874],[0.0,0.0,0.2248778659,0.3668785981,188.8845343001,0.2575228155],[0.0,0.0,0.2045677839,0.3991725339,246.1356154677,0.2407183436],[0.0,0.0,0.2046221796,0.3990803729,235.8524978594,0.2407121463],[0.0,0.0,0.2045691049,0.3993323654,234.2453800519,0.2407611582],[0.0,0.0,0.2046296829,0.3991557305,245.1449081803,0.2407221191],[0.0,0.0,0.2046194212,0.3990963336,242.3398602448,0.2407602674],[0.0,0.0,0.2045783977,0.3992823132,241.3688449489,0.2407827815],[0.0,0.0,0.2046056596,0.3992499375,249.2612170172,0.240730051],[0.0,0.0,0.2046047591,0.3991234785,244.1351228968,0.2407438256],[0.0,0.0,0.2046391884,0.3990483357,245.3125654386,0.240594766],[0.0,0.0,0.2043240573,0.3995242676,228.4490540772,0.243420973],[0.0,0.0,0.1954205919,0.4049670277,0.6405970336,0.2404046713],[0.0,0.0,0.1967211111,0.4070098117,0.5943114519,0.2407843091],[0.0,0.0,0.1966681229,0.4071249325,0.5943485835,0.2405735613],[0.0,0.0,0.1967129112,0.4071018007,0.594306186,0.2405886528],[0.0,0.0,0.1966988529,0.4069826535,0.5943700138,0.2407326065],[0.0,0.0,0.1967086116,0.4069496358,0.5941535471,0.2406651066],[0.0,0.0,0.196703044,0.4071356494,0.5940868436,0.2407469295],[0.0,0.0,0.1966903658,0.4071929382,0.5940649072,0.2406781761],[0.0,0.0,0.1966791484,0.4070808618,0.5942561151,0.2405455511],[0.0,0.0,0.1960119524,0.369738441,0.589306377,0.2422070059],[0.0,0.0,0.1913769129,0.3897319067,0.5849378683,0.2745595265],[0.0,0.0,0.19139273,0.3897085256,0.5847517335,0.2746750242],[0.0,0.0,0.1913712785,0.3897059247,0.5849189855,0.2745331744],[0.0,0.0,0.191384847,0.38973045,0.5848787933,0.274642959],[0.0,0.0,0.1913901114,0.3897206504,0.584936578,0.2745829434],[0.0,0.0,0.1914184921,0.3896517335,0.5848035483,0.274636534],[0.0,0.0,0.1913768099,0.3896678568,0.5848722782,0.2746150596],[0.0,0.0,0.1914399714,0.3894203436,0.5849448504,0.2746631747],[0.0,0.0,0.1914211276,0.3895362259,0.5851150689,0.2747783462],[0.0,0.0,0.1890773575,0.3903396716,0.5506304083,0.2578891056],[0.0,0.0,0.1896148112,0.3938526243,0.559000463,0.2655246648],[0.0,0.0,0.1896328003,0.3937938365,0.5588690992,0.2656316768],[0.0,0.0,0.1896799461,0.39360429,0.5589156807,0.2654837531],[0.0,0.0,0.1896802029,0.3936046313,0.5589156906,0.2655717619],[0.0,0.0,0.1896389705,0.3938077719,0.5588923996,0.265549031],[0.0,0.0,0.1895974047,0.3938169758,0.5589892664,0.2655452485],[0.0,0.0,0.1896732667,0.3937685869,0.5589615627,0.2654671897],[0.0,0.0,0.189639464,0.3937194965,0.5588338412,0.2655629381],[0.0,0.0,0.1896675545,0.3939158545,0.5589117973,0.2654659568],[0.0,0.0,0.1867439491,0.4164450194,0.5584863578,0.2652884427],[0.0,0.0,0.1879019718,0.4095603113,0.5583923978,0.2652877898],[0.0,0.0,0.1878433883,0.4097008005,0.5583694373,0.2652628928],[0.0,0.0,0.1879034064,0.4094236846,0.5585134803,0.2652312706],[0.0,0.0,0.187886125,0.4093370473,0.5585399914,0.2652137185],[0.0,0.0,0.1879117076,0.4095199418,0.5584517665,0.2652262605],[0.0,0.0,0.1878795026,0.4094607225,0.5586345892,0.2654172545],[0.0,0.0,0.18792853,0.409434601,0.5585746451,0.2653040738],[0.0,0.0,0.1878791226,0.4096378582,0.5586131732,0.2652582261],[0.0,0.0,0.1879236663,0.4094416104,0.5584690121,0.2653395166],[0.0,0.0,0.18192108,0.463530808,0.5476626168,0.2631773178],[0.0,0.0,0.179058291,0.4941874733,0.4804569996,0.2642231544],[0.0,0.0,0.1790491075,0.494048051,0.4805508591,0.2640522569],[0.0,0.0,0.179068924,0.4939445971,0.4806442281,0.2641116119],[0.0,0.0,0.1790904957,0.4940363485,0.4807377781,0.2640421057],[0.0,0.0,0.1790518469,0.4941346727,0.4806401848,0.2641834792],[0.0,0.0,0.1790685896,0.4939888504,0.4805100102,0.2642073141],[0.0,0.0,0.1790878669,0.4942548937,0.4806099003,0.2641495644],[0.0,0.0,0.1791045532,0.4939498454,0.4806594734,0.2641989485],[0.0,0.0,0.1790727202,0.4941280816,0.4807533225,0.2640401175],[0.0,0.0,0.1790430861,0.492857695,0.4793004622,0.2709277085],[0.0,0.0,0.1778598119,0.4900108118,0.478176722,0.2806875703],[0.0,0.0,0.177822818,0.4900933388,0.4780750809,0.2806894866],[0.0,0.0,0.17785669,0.4898670504,0.4781776727,0.2807079656],[0.0,0.0,0.1778256263,0.4900623771,0.4781674051,0.2807206035],[0.0,0.0,0.1778191321,0.4900837605,0.4782090114,0.2807122728],[0.0,0.0,0.177863407,0.4899520421,0.4782227144,0.2806364572],[0.0,0.0,0.1778281208,0.4901588048,0.4781981368,0.2807225053],[0.0,0.0,0.1778336891,0.4899398141,0.4783127962,0.2806428213],[0.0,0.0,0.1778102105,0.4903013337,0.4781308954,0.2807361302],[0.0,0.0,0.1784227055,0.4897624145,0.4784897432,0.2628114193],[0.0,0.0,0.1817467671,0.4926846513,0.4883153661,0.2191145923],[0.0,0.0,0.1817106812,0.4927340987,0.4881997818,0.2191295759],[0.0,0.0,0.1817289518,0.4925707515,0.4883078083,0.2191630343],[0.0,0.0,