{"type_bounds":[0,0,1,1],"max_steps_out":1000,"dimensions":[4],"bounds_domain":[[0.0,1.0],[0.0,1.0],[0.25,0.5,0.75],[0.2,0.4,0.6,0.8]],"mean_value":[0.0],"samples_parameters":[[0.0,0.0,0.442384283,0.1817011657,243.3767714515,0.1366137537],[0.0,0.0,0.4423508054,0.1817241792,241.5357929161,0.136600959],[0.0,0.0,0.442493872,0.1817038394,241.9375126864,0.1366177471],[0.0,0.0,0.4418448906,0.1817403629,173.6171017728,0.136677504],[0.0,0.0,0.4424367113,0.1817273362,192.0245106787,0.1366333349],[0.0,0.0,0.4425753964,0.1817177206,241.2508115767,0.1365841978],[0.0,0.0,0.4437570193,0.1817067761,242.2908015821,0.1365183801],[0.0,0.0,0.4431452244,0.1816945802,187.2960062035,0.1365969056],[0.0,0.0,0.4439451489,0.1816598155,206.9569123351,0.136604235],[0.0,0.0,0.4425921853,0.1817174674,222.311629164,0.1366113146],[0.0,0.0,0.4432680141,0.1817019333,228.0724731319,0.1365792384],[0.0,0.0,0.4064208864,0.1813894441,162.2986606845,0.1233524306],[0.0,0.0,0.3883953395,0.1823349197,246.8744609753,0.1303576408],[0.0,0.0,0.3880942937,0.1823329192,222.9383173595,0.1303751345],[0.0,0.0,0.3879552088,0.1823425413,226.9755910914,0.1303452406],[0.0,0.0,0.3881287875,0.1822986037,232.4756294155,0.1304084026],[0.0,0.0,0.3881318726,0.1823244836,185.0341454362,0.1303954276],[0.0,0.0,0.3879255425,0.1822840091,243.1613113753,0.130346716],[0.0,0.0,0.3881909745,0.1823104143,243.1434852001,0.1303882376],[0.0,0.0,0.3879348965,0.1823293917,213.5786579606,0.1303230614],[0.0,0.0,0.3881183854,0.1823224448,239.2708640214,0.1303674657],[0.0,0.0,0.3945078629,0.1802308082,213.9547702455,0.1300642645],[0.0,0.0,0.3903340394,0.181062243,236.2839858938,0.1302025883],[0.0,0.0,0.3904193355,0.181077069,198.4274185696,0.1302138037],[0.0,0.0,0.3903831088,0.181063343,241.0414936882,0.1302544776],[0.0,0.0,0.3906782654,0.1810351832,213.480603128,0.1302399113],[0.0,0.0,0.391182317,0.1810508397,219.0983978354,0.1302297423],[0.0,0.0,0.3902326794,0.18105367,218.3367563327,0.1302679817],[0.0,0.0,0.3904373939,0.181053333,215.3758840249,0.1302473139],[0.0,0.0,0.3903149471,0.1810930214,248.3862277113,0.1302670289],[0.0,0.0,0.3904183739,0.1810616672,199.1982832554,0.1302183193],[0.0,0.0,0.4706548332,0.1922694809,134.6285863782,0.1302862149],[0.0,0.0,0.4854321951,0.2255133275,0.2478241162,0.1709930457],[0.0,0.0,0.4877461272,0.2247236617,0.2479884444,0.172810387],[0.0,0.0,0.4881513415,0.2247790682,0.2480808133,0.1727501728],[0.0,0.0,0.4876261395,0.2247508604,0.2479707821,0.1726307234],[0.0,0.0,0.4876221676,0.224768214,0.248038426,0.1727293195],[0.0,0.0,0.4881435151,0.2247158375,0.2480134792,0.1728599936],[0.0,0.0,0.4879489335,0.2247507384,0.2479787038,0.1727109117],[0.0,0.0,0.4875066623,0.2247419359,0.2480229377,0.1726367431],[0.0,0.0,0.4874406718,0.224778014,0.2480515783,0.1727203787],[0.0,0.0,0.4876185071,0.224776569,0.2480519339,0.1727283518],[0.0,0.0,0.4878650401,0.2248212012,0.2480290057,0.172734949],[0.0,0.0,0.4878374086,0.2247268173,0.2479914822,0.1726764531],[0.0,0.0,0.4878122178,0.2247619696,0.2480236835,0.1726434579],[0.0,0.0,0.4876831872,0.2247700795,0.2480894892,0.1726925267],[0.0,0.0,0.4876923599,0.2247524403,0.2480512696,0.1727430439],[0.0,0.0,0.4875380479,0.2247427024,0.2480008425,0.1728642712],[0.0,0.0,0.4879113751,0.2247847888,0.2480527859,0.172760017],[0.0,0.0,0.4875332727,0.2247296911,0.2480888969,0.1726534031],[0.0,0.0,0.4877174357,0.2247433962,0.2480597213,0.1727565136],[0.0,0.0,0.455870673,0.2245015428,0.2486778593,0.1693707598],[0.0,0.0,0.4625556978,0.2243607197,0.2477732892,0.1706293467],[0.0,0.0,0.462387869,0.2243547463,0.2478067665,0.1707226512],[0.0,0.0,0.4624927875,0.2242951148,0.2477426136,0.1706861783],[0.0,0.0,0.4625052471,0.2243591319,0.247767813,0.1707461317],[0.0,0.0,0.4622261088,0.2243226996,0.2478917545,0.1706586561],[0.0,0.0,0.4624241354,0.2243946763,0.2477941217,0.170787855],[0.0,0.0,0.4626295102,0.2243131116,0.2478528592,0.1707832963],[0.0,0.0,0.4624517559,0.2243556495,0.2477910095,0.1706697967],[0.0,0.0,0.4625140386,0.2243301474,0.2478024454,0.1707419739],[0.0,0.0,0.4566993507,0.2407938155,0.2592112767,0.1881726902],[0.0,0.0,0.2342460399,0.2573531828,0.2828599682,0.1620346179],[0.0,0.0,0.2342614453,0.257335394,0.2825878137,0.1620858765],[0.0,0.0,0.2343018411,0.2572810074,0.2826769289,0.1621110058],[0.0,0.0,0.2342905441,0.2573497816,0.2827068266,0.1620608532],[0.0,0.0,0.2343925061,0.2572999548,0.2827074717,0.1621228287],[0.0,0.0,0.2342206026,0.257356442,0.2826388077,0.1620210402],[0.0,0.0,0.2342968276,0.2573266357,0.2827071155,0.1620862313],[0.0,0.0,0.234309386,0.257264258,0.2827069952,0.162053044],[0.0,0.0,0.2341945455,0.2573470497,0.2826393263,0.1619408678]],"thinning":10,"kernel_values":[0.9006281474,0.7132296221,0.5036865569,0.7544581619],"type_kernel":["Matern52"],"training_data":{"evaluations":[1250.5271569738,9226.1193219943,427.2042832564,1132.856670268,2508.118697588,5933.1840432872,768.6009358983,201.1720353863,52.127091123,813.8209133224,285.6368256889,6439.6414656732],"points":[[0.8115660498,0.1759462434,0.25,0.2],[0.7084090613,0.5943725898,0.75,0.8],[0.1115284253,0.2772981252,0.5,0.4],[0.5667878645,0.6093604035,0.5,0.4],[0.7927782546,0.5325492425,0.5,0.6],[0.8376069301,0.7465188075,0.5,0.8],[0.5421515726,0.5394966814,0.5,0.4],[0.1950838254,0.0068883245,0.5,0.8],[0.189153842,0.5401340199,0.75,0.2],[0.8447919516,0.678884738,0.25,0.4],[0.3921865527,0.3042526982,0.5,0.6],[0.7581254268,0.4755153482,0.75,0.8]],"var_noise":[]},"var_noise_value":[0.0],"n_burning":500,"same_correlation":true,"problem_name":"branin","data":{"evaluations":[1250.5271569738,9226.1193219943,427.2042832564,1132.856670268,2508.118697588,5933.1840432872,768.6009358983,201.1720353863,52.127091123,813.8209133224,285.6368256889,6439.6414656732,2386.243377601,520.1960653421,3787.6835514789,520.1960653421,1390.9783493414,7009.8984926595,4921.3916037142],"points":[[0.8115660498,0.1759462434,0.25,0.2],[0.7084090613,0.5943725898,0.75,0.8],[0.1115284253,0.2772981252,0.5,0.4],[0.5667878645,0.6093604035,0.5,0.4],[0.7927782546,0.5325492425,0.5,0.6],[0.8376069301,0.7465188075,0.5,0.8],[0.5421515726,0.5394966814,0.5,0.4],[0.1950838254,0.0068883245,0.5,0.8],[0.189153842,0.5401340199,0.75,0.2],[0.8447919516,0.678884738,0.25,0.4],[0.3921865527,0.3042526982,0.5,0.6],[0.7581254268,0.4755153482,0.75,0.8],[0.0,0.5261072498,0.5413679522,0.3600811833],[1.0,1.0,0.25,0.8],[1.0,1.0,0.4690949067,0.8],[1.0,1.0,0.25,0.8],[0.7420728284,0.1923482571,0.25,0.2],[0.7036267345,0.774528443,0.4898673947,0.8],[0.7013430345,0.8713811856,0.327307197,0.8]],"var_noise":[]},"start_point_sampler":[0.0,0.0,0.442384283,0.1817011657,243.3767714515,0.1366137537],"name_model":"gp_fitting_gaussian","training_name":"default_training_data_12_points_rs_516"}