{"type_bounds":[0,0,1,1],"max_steps_out":1000,"dimensions":[4],"bounds_domain":[[0.0,1.0],[0.0,1.0],[0.25,0.5,0.75],[0.2,0.4,0.6,0.8]],"mean_value":[0.0],"samples_parameters":[[0.0,0.0,0.26563165,0.1138954291,0.2396213545,0.1949222564],[0.0,0.0,0.2656305673,0.11395948,0.2394649111,0.1949657425],[0.0,0.0,0.2656221518,0.1139247064,0.2393617012,0.1951138983],[0.0,0.0,0.2654416156,0.1138957975,0.2395298175,0.1953463428],[0.0,0.0,0.2655490576,0.1138897812,0.2392064753,0.1954567935],[0.0,0.0,0.2655237247,0.1139096358,0.2394521185,0.1953015784],[0.0,0.0,0.2656932494,0.1139226576,0.2393664111,0.1950498837],[0.0,0.0,0.2655510278,0.1138495228,0.2392886256,0.1949093276],[0.0,0.0,0.2655869597,0.1138742899,0.2394815238,0.1951651464],[0.0,0.0,0.2657173971,0.1138988187,0.2393063522,0.1952219858],[0.0,0.0,0.2655793468,0.1138729704,0.2393686311,0.1950703098],[0.0,0.0,0.2653969929,0.1143767279,0.2556318507,0.1936184838],[0.0,0.0,0.2655728507,0.1140723331,0.2486105253,0.1955032822],[0.0,0.0,0.265522678,0.1141120625,0.2485078658,0.1951526863],[0.0,0.0,0.2656061993,0.1139852847,0.2486030147,0.1951512954],[0.0,0.0,0.2655722234,0.1140654728,0.2481136335,0.1953619305],[0.0,0.0,0.2654784222,0.1140580593,0.2482437212,0.1955155128],[0.0,0.0,0.2655111863,0.1140642255,0.2483066019,0.1952935033],[0.0,0.0,0.2655878558,0.1140969472,0.2482569876,0.1953262912],[0.0,0.0,0.2655990094,0.1140654823,0.2483393867,0.195275766],[0.0,0.0,0.2655275621,0.1141041003,0.248601236,0.1951141731],[0.0,0.0,0.2655969228,0.1162202372,0.2517954196,0.1935427855],[0.0,0.0,0.2654467928,0.1175417156,0.252368871,0.1912836239],[0.0,0.0,0.265563889,0.1175091634,0.2522541973,0.1914078492],[0.0,0.0,0.2655575594,0.1175652446,0.2522951256,0.1914884155],[0.0,0.0,0.2654753536,0.1175470841,0.2524369643,0.191532642],[0.0,0.0,0.265610031,0.1175158198,0.252420785,0.1912450606],[0.0,0.0,0.2656208699,0.1175687131,0.2525534989,0.1909795315],[0.0,0.0,0.2655437238,0.1175361293,0.2524193547,0.1910539211],[0.0,0.0,0.265546616,0.1175276743,0.2523048211,0.1912497902],[0.0,0.0,0.2655453332,0.1175325037,0.2523883998,0.1912193995],[0.0,0.0,0.2656211839,0.1175567071,0.2523842435,0.1930729949],[0.0,0.0,0.2655505646,0.1175060015,0.2526127823,0.192457384],[0.0,0.0,0.2655178069,0.1174839798,0.2524770703,0.1925070063],[0.0,0.0,0.2656185463,0.117527616,0.2525617732,0.192176134],[0.0,0.0,0.2655826082,0.1175194143,0.251992942,0.1924839667],[0.0,0.0,0.2655584328,0.117486436,0.2523507182,0.1925281904],[0.0,0.0,0.2656624576,0.1175377793,0.2523297781,0.1923770426],[0.0,0.0,0.2657182701,0.117495389,0.2526537551,0.1925184483],[0.0,0.0,0.265650744,0.1175554318,0.2523784606,0.1925450538],[0.0,0.0,0.2655350291,0.117486913,0.2523311324,0.1925169183]],"thinning":10,"kernel_values":[0.9522965917,1.1778567846,0.675154321,0.5401234568],"type_kernel":["Matern52"],"training_data":{"evaluations":[1120.5604992219,377.3336190397,278.8459950798,868.5095076718,123.0581715305,626.3194083533,7204.5072522464,887.6181801908,5147.3073083232,935.4434553322,264.9267196094,1155.8988513378],"points":[[0.2693624764,0.6103601911,0.25,0.4],[0.8096915551,0.221284882,0.25,0.4],[0.238309836,0.4014070316,0.5,0.6],[0.690772594,0.3442865721,0.5,0.4],[0.5639797982,0.9888563665,0.25,0.2],[0.7148217491,0.0326706531,0.75,0.6],[0.0903756463,0.8150889491,0.25,0.4],[0.3261736903,0.5986853215,0.25,0.4],[0.9817934834,0.112114253,0.75,0.2],[0.6245305104,0.8372591475,0.25,0.4],[0.884240458,0.0004075101,0.5,0.6],[0.4207364177,0.0098562464,0.75,0.8]],"var_noise":[]},"var_noise_value":[0.0],"n_burning":500,"same_correlation":true,"problem_name":"branin","data":{"evaluations":[1120.5604992219,377.3336190397,278.8459950798,868.5095076718,123.0581715305,626.3194083533,7204.5072522464,887.6181801908,5147.3073083232,935.4434553322,264.9267196094,1155.8988513378,308.4467228043,1274.6743689544,156.6525623078,630.1374829423],"points":[[0.2693624764,0.6103601911,0.25,0.4],[0.8096915551,0.221284882,0.25,0.4],[0.238309836,0.4014070316,0.5,0.6],[0.690772594,0.3442865721,0.5,0.4],[0.5639797982,0.9888563665,0.25,0.2],[0.7148217491,0.0326706531,0.75,0.6],[0.0903756463,0.8150889491,0.25,0.4],[0.3261736903,0.5986853215,0.25,0.4],[0.9817934834,0.112114253,0.75,0.2],[0.6245305104,0.8372591475,0.25,0.4],[0.884240458,0.0004075101,0.5,0.6],[0.4207364177,0.0098562464,0.75,0.8],[0.0,0.6031905086,0.75,0.2],[0.5553223705,0.5630593321,0.5736671337,0.3890065491],[0.9944914034,0.5653384417,0.25,0.8],[0.0,0.5418751842,0.75,0.2507695695]],"var_noise":[]},"start_point_sampler":[0.0,0.0,0.26563165,0.1138954291,0.2396213545,0.1949222564],"name_model":"gp_fitting_gaussian","training_name":"default_training_data_12_points_rs_511"}