{"type_bounds":[0,0,1,1],"max_steps_out":1000,"dimensions":[4],"bounds_domain":[[0.0,1.0],[0.0,1.0],[0.25,0.5,0.75],[0.2,0.4,0.6,0.8]],"mean_value":[0.0],"samples_parameters":[[0.0,0.0,0.5117396396,0.4364403971,1.2762197506,0.1467223735],[0.0,0.0,0.5118290154,0.4367041423,1.2749619082,0.1467115669],[0.0,0.0,0.5120525513,0.4366513794,1.2750986746,0.1466334326],[0.0,0.0,0.5122346352,0.4365272545,1.2727625792,0.1467164919],[0.0,0.0,0.5118192515,0.4366501028,1.2753545622,0.1467062616],[0.0,0.0,0.512040229,0.4364238482,1.2732251468,0.1466938764],[0.0,0.0,0.5118973036,0.436584438,1.2717464962,0.1467515899],[0.0,0.0,0.5119860194,0.4366509181,1.272372545,0.1466823464],[0.0,0.0,0.5119150253,0.4365793474,1.2733487536,0.14669068],[0.0,0.0,0.5118666931,0.4366226825,1.2734885745,0.146671891],[0.0,0.0,0.511891857,0.4367502079,1.2752825432,0.1467180617],[0.0,0.0,0.509167701,0.4374679445,1.2759733585,0.145796328],[0.0,0.0,0.5089643272,0.4379201551,1.2839778991,0.1463821759],[0.0,0.0,0.5090478824,0.438039772,1.2846631153,0.1464180365],[0.0,0.0,0.5092544993,0.4379697501,1.2834634981,0.1463137524],[0.0,0.0,0.5091331873,0.4380436186,1.2819880594,0.1463363192],[0.0,0.0,0.5090425144,0.4379229762,1.2819620832,0.1463735082],[0.0,0.0,0.509063735,0.4380471644,1.2852454519,0.1463080972],[0.0,0.0,0.5091511108,0.4380425983,1.2808501737,0.1463774547],[0.0,0.0,0.5088800705,0.4380056966,1.282912538,0.146396436],[0.0,0.0,0.5090837382,0.4381352076,1.2830315186,0.1463012526],[0.0,0.0,0.5008132013,0.4355012248,1.2039368569,0.1464271439],[0.0,0.0,0.4924080559,0.4334866565,1.249858763,0.1493033607],[0.0,0.0,0.4920665,0.4334777705,1.2532309591,0.1492370742],[0.0,0.0,0.492563947,0.4335870735,1.2499752981,0.1492460618],[0.0,0.0,0.4919335349,0.4335077224,1.2536248907,0.1492582458],[0.0,0.0,0.4922854131,0.4337309276,1.250193414,0.149317876],[0.0,0.0,0.4922693859,0.4334704423,1.2533140556,0.1493012248],[0.0,0.0,0.4922371216,0.4336405819,1.252890725,0.1493253879],[0.0,0.0,0.4920768949,0.4335227938,1.2540557765,0.1493099231],[0.0,0.0,0.4921846269,0.4334405322,1.2527851788,0.1493355333],[0.0,0.0,0.5068062913,0.4144608402,1.5890988433,0.0353618124],[0.0,0.0,0.5131378438,0.4178807711,1.3264612981,0.0055984264],[0.0,0.0,0.5131337845,0.4177295148,1.3285063455,0.0055390887],[0.0,0.0,0.5132535761,0.4178931049,1.3288437456,0.0052333961],[0.0,0.0,0.5129153834,0.4178780991,1.3275107789,0.0053179766],[0.0,0.0,0.5132489806,0.4177975444,1.3270359956,0.0052654075],[0.0,0.0,0.5129902362,0.4178028976,1.3255793668,0.0051553603],[0.0,0.0,0.5131090362,0.4178523899,1.3284663399,0.0056006712],[0.0,0.0,0.5131572475,0.4178765511,1.326140953,0.0047717388],[0.0,0.0,0.5133540906,0.4180033348,1.3269762179,0.0055493492],[0.0,0.0,0.2308775891,0.4023110305,0.1143597068,190.5198064183],[0.0,0.0,0.1690360404,8.2660628986,0.1822930038,2.2457097298],[0.0,0.0,0.1691708352,7.5934914051,0.1822065768,2.23058619],[0.0,0.0,0.1691510026,7.5630584604,0.1822514525,2.2313227543],[0.0,0.0,0.1691323744,7.5867232316,0.1823802153,2.2288906486],[0.0,0.0,0.169155445,7.531678987,0.1822221562,2.2294896644],[0.0,0.0,0.1691122775,7.6033861203,0.1822962489,2.2310888314],[0.0,0.0,0.169184331,7.5701597957,0.1823080836,2.2281412803],[0.0,0.0,0.1691791067,7.5949289179,0.1823069746,2.2289812107],[0.0,0.0,0.1690864954,7.5927500766,0.1822523707,2.2279574329]],"thinning":10,"kernel_values":[1.0078015962,1.1202698523,0.718021262,0.8830589849],"type_kernel":["Matern52"],"training_data":{"evaluations":[3457.2335224,298.7418897613,11.6075388236,2451.9257398607,4611.6265802755,72.0118794723,3794.5419413319,3703.57455382,147.6755514082,4764.8026665339,2208.6523749858,2361.4967872958],"points":[[0.2255263063,0.0159315448,0.25,0.2],[0.8206112443,0.8367648307,0.25,0.2],[0.9489579887,0.0572712649,0.25,0.6],[0.6218038848,0.2566493753,0.75,0.8],[0.4119384582,0.0950294164,0.75,0.2],[0.1123231997,0.2912561983,0.75,0.8],[0.8511257758,0.6058065239,0.5,0.8],[0.8569846025,0.0736487631,0.5,0.2],[0.4677789102,0.9327390624,0.25,0.2],[0.0972382332,0.7073101581,0.25,0.4],[0.4158508344,0.7419642836,0.5,0.6],[0.7033643376,0.186102806,0.75,0.8]],"var_noise":[]},"var_noise_value":[0.0],"n_burning":500,"same_correlation":true,"problem_name":"branin","data":{"evaluations":[3457.2335224,298.7418897613,11.6075388236,2451.9257398607,4611.6265802755,72.0118794723,3794.5419413319,3703.57455382,147.6755514082,4764.8026665339,2208.6523749858,2361.4967872958,4.7261608117,37.6604070818,54.484834844,495.0262691159,25176.409658749],"points":[[0.2255263063,0.0159315448,0.25,0.2],[0.8206112443,0.8367648307,0.25,0.2],[0.9489579887,0.0572712649,0.25,0.6],[0.6218038848,0.2566493753,0.75,0.8],[0.4119384582,0.0950294164,0.75,0.2],[0.1123231997,0.2912561983,0.75,0.8],[0.8511257758,0.6058065239,0.5,0.8],[0.8569846025,0.0736487631,0.5,0.2],[0.4677789102,0.9327390624,0.25,0.2],[0.0972382332,0.7073101581,0.25,0.4],[0.4158508344,0.7419642836,0.5,0.6],[0.7033643376,0.186102806,0.75,0.8],[1.0,0.1100842556,0.25,0.5797331061],[1.0,0.0,0.25,0.6723769403],[1.0,0.1730140559,0.25,0.7447410637],[1.0,0.0,0.3157176487,0.2],[0.7802499436,1.0,0.75,0.8]],"var_noise":[]},"start_point_sampler":[0.0,0.0,0.5117396396,0.4364403971,1.2762197506,0.1467223735],"name_model":"gp_fitting_gaussian","training_name":"default_training_data_12_points_rs_529"}