{"type_bounds":[0,0,1,1],"max_steps_out":1000,"dimensions":[4],"bounds_domain":[[0.0,1.0],[0.0,1.0],[0.25,0.5,0.75],[0.2,0.4,0.6,0.8]],"mean_value":[0.0],"samples_parameters":[[0.0,0.0,0.1408498301,0.3455106967,0.1423404968,0.3471849919],[0.0,0.0,0.1408168699,0.3454918706,0.1422935436,0.3472433679],[0.0,0.0,0.1407790775,0.3456614145,0.1422857069,0.3474903036],[0.0,0.0,0.1406259159,0.3457205105,0.1423250747,0.3477507853],[0.0,0.0,0.1408178388,0.3452792846,0.1423731686,0.3472131509],[0.0,0.0,0.1406458037,0.345712281,0.1422424468,0.3474648862],[0.0,0.0,0.1409168144,0.3452220074,0.1424465088,0.3469305093],[0.0,0.0,0.1409029465,0.3455350735,0.1423943865,0.3469117687],[0.0,0.0,0.1409566988,0.3452542518,0.1423485633,0.347105493],[0.0,0.0,0.1409858594,0.3453181155,0.1424427268,0.3469161181],[0.0,0.0,0.1408173062,0.3457512217,0.1422765444,0.3476181104],[0.0,0.0,0.1421541597,0.3469950944,0.1431615686,0.3412115534],[0.0,0.0,0.1991748508,0.3236799965,0.1510111698,0.2986040727],[0.0,0.0,895.1855809955,0.2481252436,0.1406538805,0.3283281124],[0.0,0.0,989.9962723612,0.2481513644,0.140854404,0.3295700252],[0.0,0.0,894.6154971854,0.248106516,0.1407847787,0.3295645851],[0.0,0.0,958.1390854469,0.2481943533,0.1408064136,0.3296198666],[0.0,0.0,734.9198592512,0.2480530969,0.1408877559,0.3296168868],[0.0,0.0,765.5055512742,0.2482419554,0.1409164274,0.3293769713],[0.0,0.0,863.9274376584,0.2481868174,0.1408719846,0.3295799369],[0.0,0.0,658.8872846377,0.2482097519,0.1408131599,0.3295432392],[0.0,0.0,640.8624921076,0.2426675521,0.0491047409,0.332982172],[0.0,0.0,621.1375844193,0.2383666929,0.1179897056,0.3331816935],[0.0,0.0,759.4692495973,0.2383289391,0.1179089742,0.3331418431],[0.0,0.0,822.9775971195,0.2383652277,0.1180354922,0.3331368308],[0.0,0.0,417.2374919755,0.2384231007,0.1179284459,0.3330215036],[0.0,0.0,931.1387304904,0.2382859893,0.1180299644,0.3331099786],[0.0,0.0,286.0337204125,0.238289322,0.1179424895,0.333253643],[0.0,0.0,898.0144726022,0.2383577202,0.1180003783,0.3332042222],[0.0,0.0,208.3604657188,0.23838917,0.1180123118,0.3331644139],[0.0,0.0,930.1923077767,0.2384333491,0.1179314371,0.3331670229],[0.0,0.0,923.6240715754,0.2189468522,0.1395097228,0.315544489],[0.0,0.0,993.3800457619,0.212479646,0.1551780533,0.3128267896],[0.0,0.0,829.278057158,0.2125001781,0.1552076025,0.3129490115],[0.0,0.0,594.0288660302,0.212542691,0.1551732048,0.3129219469],[0.0,0.0,967.4613460927,0.2125759289,0.155192928,0.3128343621],[0.0,0.0,572.9936691627,0.2125701362,0.155183785,0.3128600715],[0.0,0.0,844.7406850354,0.2125490876,0.1551767485,0.3128289455],[0.0,0.0,988.6819406147,0.2125552998,0.1551873994,0.3129199219],[0.0,0.0,540.0796548393,0.2125969996,0.1551970159,0.3128000684],[0.0,0.0,934.1540098011,0.2125397476,0.1551710377,0.312874501],[0.0,0.0,181.4977464819,0.215985182,0.152801562,0.264676608],[0.0,0.0,6.3186812935,0.2193888041,0.153893502,0.2636893825],[0.0,0.0,5.4013431306,0.2194475136,0.1539837675,0.2638497372],[0.0,0.0,5.4374717691,0.2194638729,0.1539600043,0.2638438054],[0.0,0.0,5.1336515776,0.2194162153,0.154009506,0.2638223554],[0.0,0.0,5.4243151955,0.2194614679,0.1539789192,0.2637631543],[0.0,0.0,5.6577803952,0.2193970019,0.1539566269,0.2638448828],[0.0,0.0,5.4589668555,0.2194856309,0.1539685047,0.263766887],[0.0,0.0,5.3812694058,0.2193438202,0.1539513405,0.2637828934],[0.0,0.0,5.1169513532,0.2194612217,0.1539991423,0.2638734315],[0.0,0.0,3.0682537572,0.2145656198,0.1547308633,0.2600541848],[0.0,0.0,3.8316685072,0.2118531583,0.1545004741,0.2577824573],[0.0,0.0,4.7497508252,0.2117942576,0.154274652,0.2573788338],[0.0,0.0,6.1948226617,0.2116956241,0.1541207056,0.257118419],[0.0,0.0,5.3092546656,0.2117030909,0.15419061,0.2572586943],[0.0,0.0,5.4814166272,0.2116724255,0.1541725329,0.2571614689],[0.0,0.0,5.4697559843,0.2118179403,0.1541698141,0.2571505063],[0.0,0.0,5.4545350246,0.2117576395,0.1541891589,0.2572043717],[0.0,0.0,6.1541261151,0.2116762003,0.1541157587,0.2570584695],[0.0,0.0,6.0249626013,0.2117419268,0.1541080077,0.2570893704],[0.0,0.0,6.080419364,0.212167333,0.153980151,0.2580332373],[0.0,0.0,2.4042343314,0.2136301215,0.1551654457,0.2633517962],[0.0,0.0,2.2309519376,0.213647248,0.1553854859,0.2637794997],[0.0,0.0,2.2047933243,0.2138271989,0.1554216862,0.26397821],[0.0,0.0,2.2455320854,0.2137001515,0.1553726856,0.2638408696],[0.0,0.0,2.206374426,0.2137180233,0.1554398942,0.2638791475],[0.0,0.0,2.211971623,0.2137375991,0.1554438344,0.2639613752],[0.0,0.0,2.2193165023,0.2138449788,0.1553917675,0.2638585365],[0.0,0.0,2.194929916,0.2137733948,0.1554569183,0.2639960391],[0.0,0.0,2.2147085564,0.213695074,0.1554268946,0.2640467019],[0.0,0.0,2.2640569616,0.213542497,0.1554716565,0.2558950384],[0.0,0.0,698.8471681154,0.2132263922,0.1540295941,0.2513059968],[0.0,0.0,313.948460702,0.2131746191,0.154034005,0.2511763789],[0.0,0.0,447.3310569118,0.2132321043,0.1540429552,0.2512331954],[0.0,0.0,852.1124490624,0.2132198978,0.1540251334,0.2512229437],[0.0,0.0,896.7344803852,0.2132017175,0.1540257753,0.2513057536],[0.0,0.0,800.0129053536,0.2132240416,0.1540460535,0.2512273488],[0.0,0.0,587.8645290557,0.2131975293,0.1540077504,0.2512289409],[0.0,0.0,760.6409044459,0.2132063829,0.1540283617,0.2512397592],[0.0,0.0,684.2754313166,0.2131695367,0.1540604443,0.2512924362],[0.0,0.0,546.1451641241,0.2261893441,0.1525707844,0.2509105311],[0.0,0.0,862.329382547,0.2358477826,0.1506246272,0.2451055485],[0.0,0.0,937.6605692252,0.2358515993,0.1506045857,0.2450716681],[0.0,0.0,944.9226158873,0.2358610034,0.1506037705,0.2451214336],[0.0,0.0,683.4188814379,0.235929248,0.1505940092,0.2450718313],[0.0,0.0,849.4651987065,0.2358477919,0.1505826614,0.2451393458],[0.0,0.0,677.7355487605,0.2358731843,0.1506174278,0.2451298896],[0.0,0.0,684.9316812185,0.2358808425,0.1506177139,0.2450874555],[0.0,0.0,919.9683616272,0.2358506276,0.1506014162,0.245142848],[0.0,0.0,789.4455292531,0.2358806658,0.1506044217,0.2450551641],[0.0,0.0,779.818372401,0.2231025696,0.1496848121,0.0337470937],[0.0,0.0,727.8183293643,0.2263623412,0.1588893672,0.0332182877],[0.0,0.0,706.3752019621,0.2264617834,0.1588702255,0.0332043174],[0.0,0.0,474.6985619544,0.2264056391,0.1588674406,0.0332291842],[0.0,0.0,808.3679297168,0.2264352807,0.1588883765,0.0332234765],[0.0,0.0,607.2523075251,0.2263649712,0.1588770541,0.0332124205],[0.0,0.0,627.1682766541,0.2264925594,0.1588856417,0.0331958932],[0.0,0.0,861.3664555327,0.2265245986,0.1588870684,0.0332131922],[0.0,0.0,581.3117919908,0.2264627178,0.1588413684,0.0331881713],[0.0,0.0,776.127126356,0.2264550933,0.1588605378,0.0332111226],[0.0,0.0,948.8403749866,0.2262638544,0.1591961872,0.0332116263],[0.0,0.0,891.9655124083,0.2257899312,0.1591861269,0.0333082618],[0.0,0.0,874.0511600784,0.2257178197,0.159205175,0.0333398143],[0.0,0.0,819.1308121822,0.2257670429,0.1592073611,0.0333049024],[0.0,0.0,967.6813092131,0.2257070674,0.1591938395,0.0333148186],[0.0,0.0,987.4431065451,0.2257631001,0.1592298986,0.0333220902],[0.0,0.0,954.0738618656,0.2257736489,0.1591794555,0.0333205242],[0.0,0.0,994.9566049902,0.2257186012,0.1592155296,0.0333294749],[0.0,0.0,863.482687672,0.2257629741,0.159213174,0.0333471288],[0.0,0.0,932.0867199111,0.2257417427,0.1592064602,0.0333156676],[0.0,0.0,353.3037957257,0.1766092188,0.1599179273,0.1293952046],[0.0,0.0,5.3526693084,0.1580721653,0.1589036436,0.2502619092],[0.0,0.0,5.3618136974,0.1580674745,0.1589050279,0.2502079243],[0.0,0.0,5.3700221925,0.1580517344,0.1589008683,0.250297162],[0.0,0.0,5.3695084456,0.1580590768,0.1589049418,0.2501633512],[0.0,0.0,5.3677145059,0.1580696064,0.1589099602,0.2501729707],[0.0,0.0,5.3690152373,0.1580776162,0.158890325,0.2501843004],[0.0,0.0,5.3624315194,0.1580512651,0.1588839715,0.2502031944],[0.0,0.0,5.3681812721,0.1580507897,0.1588856047,0.2502430907],[0.0,0.0,5.3703734792,0.1580463881,0.1589038992,0.2502546056],[0.0,0.0,3.4354814112,0.1581351019,0.1647004773,0.2507317148],[0.0,0.0,1.5719292233,0.15269272,0.1600047923,0.2628928399],[0.0,0.0,1.5716714465,0.1527149721,0.1599963222,0.2628732757],[0.0,0.0,1.5713820466,0.1527245501,0.1600031917,