{"type_bounds":[0,0,1,1],"max_steps_out":1000,"dimensions":[4],"bounds_domain":[[0.0,1.0],[0.0,1.0],[0.25,0.5,0.75],[0.2,0.4,0.6,0.8]],"mean_value":[0.0],"samples_parameters":[[0.0,0.0,0.4036881831,0.1988202223,0.2882975848,0.2884036475],[0.0,0.0,0.4026662367,0.1988870324,0.2882530595,0.288512288],[0.0,0.0,0.4030346239,0.1990082887,0.2881421579,0.2884327354],[0.0,0.0,0.4032759852,0.1988261318,0.288239922,0.2885036349],[0.0,0.0,0.4031817442,0.1986964258,0.2882565705,0.2885050034],[0.0,0.0,0.40364375,0.1986040221,0.2883068818,0.2887505269],[0.0,0.0,0.4038248681,0.1987590301,0.2883409722,0.2886514443],[0.0,0.0,0.4030861311,0.1988450168,0.2883237766,0.2883715625],[0.0,0.0,0.4031511225,0.1987912665,0.288286285,0.2886449063],[0.0,0.0,0.4034695445,0.1987501842,0.2883672971,0.2886244517],[0.0,0.0,0.4033173963,0.1988455137,0.2880372077,0.2887099541],[0.0,0.0,0.4806630294,0.1994744865,0.2863294466,0.2823188007],[0.0,0.0,0.5651746246,0.1989089208,0.2801301123,0.2780594736],[0.0,0.0,0.5653530901,0.1988767264,0.2802000491,0.2780970167],[0.0,0.0,0.5652446032,0.1989816515,0.2800295394,0.2781240938],[0.0,0.0,0.5651243016,0.1991187881,0.2800968516,0.2781720001],[0.0,0.0,0.5652447062,0.1987672682,0.2802390042,0.2779394001],[0.0,0.0,0.5652367038,0.1989513256,0.2801135264,0.2782261057],[0.0,0.0,0.5648192649,0.1989897761,0.2801279611,0.2780557178],[0.0,0.0,0.5649115687,0.1989061201,0.2800419684,0.2781772806],[0.0,0.0,0.5654533823,0.1990230894,0.2799399076,0.2781170003],[0.0,0.0,0.5577804349,0.1934231861,0.2791664613,0.2794697285],[0.0,0.0,0.5601057648,0.1933255834,0.280835336,0.2814815937],[0.0,0.0,0.5602022591,0.1931425541,0.2806654193,0.2814554652],[0.0,0.0,0.5601479505,0.1930996961,0.2808495644,0.2814190706],[0.0,0.0,0.5600968005,0.193212526,0.2809217944,0.2813742023],[0.0,0.0,0.5598412352,0.1933752342,0.2806816337,0.2815225093],[0.0,0.0,0.5600681512,0.1931653266,0.2807441924,0.2815389948],[0.0,0.0,0.5596213451,0.1934368396,0.2806730135,0.2811403515],[0.0,0.0,0.5605369767,0.1930308861,0.2808358333,0.2813544942],[0.0,0.0,0.5603007115,0.1933672393,0.2807050424,0.2812954012],[0.0,0.0,0.5567989365,0.178387803,0.2881723816,0.2792862305],[0.0,0.0,0.5650329613,0.1707434214,0.2884220746,0.2827547928],[0.0,0.0,0.5650681811,0.1706144949,0.2886319664,0.2827112788],[0.0,0.0,0.5648862238,0.1706190639,0.2883942315,0.2827542953],[0.0,0.0,0.5650346957,0.1707111714,0.2884131327,0.2827887702],[0.0,0.0,0.5655243776,0.1705892016,0.2885504311,0.2828216042],[0.0,0.0,0.5654592398,0.1706672338,0.2884507167,0.2827398703],[0.0,0.0,0.5655230499,0.170677587,0.2885197679,0.2828815446],[0.0,0.0,0.5647155609,0.1706751811,0.2884616104,0.2827735634],[0.0,0.0,0.5654509531,0.1706255152,0.2884814779,0.2829541861],[0.0,0.0,0.5657736661,0.1705583877,0.2884827655,0.2830051706],[0.0,0.0,0.5653851812,0.1705150011,0.2880735763,0.2830469578],[0.0,0.0,0.5654570236,0.1706823776,0.2881642026,0.2830371497],[0.0,0.0,0.5655326123,0.1705980612,0.2882347811,0.2829284966],[0.0,0.0,0.5651504435,0.1705388477,0.2883793262,0.2829656816],[0.0,0.0,0.5653913166,0.170623464,0.2882601262,0.2827665177],[0.0,0.0,0.5654819645,0.1704840294,0.2881834246,0.2830017393],[0.0,0.0,0.5654397074,0.1706238918,0.2882484479,0.2830304168],[0.0,0.0,0.5655905523,0.1705206097,0.2881927744,0.2829753837],[0.0,0.0,0.56541979,0.1704961395,0.2883435754,0.282986684],[0.0,0.0,0.3489849082,0.1579793735,0.2856141608,0.2668086492],[0.0,0.0,0.1764130448,0.273653326,0.3033512342,0.2730659741],[0.0,0.0,0.1766091966,0.2729722833,0.3031614329,0.2734203602],[0.0,0.0,0.1767460512,0.2725776354,0.3032850883,0.273320981],[0.0,0.0,0.1766400059,0.2728947943,0.303115139,0.2734522908],[0.0,0.0,0.1767605243,0.2730156503,0.3032947042,0.2730690361],[0.0,0.0,0.1767643369,0.2726655577,0.3033072224,0.2733848799],[0.0,0.0,0.1765352852,0.2729893427,0.3033563514,0.2731027279],[0.0,0.0,0.1766967283,0.2726677689,0.3033025038,0.2734233249],[0.0,0.0,0.1767302777,0.2727876057,0.3032019294,0.2733278442]],"thinning":10,"kernel_values":[0.779376666,0.7559373149,0.4929698217,0.6258573388],"type_kernel":["Matern52"],"training_data":{"evaluations":[1739.8878104274,2334.5791969728,1609.5587446966,392.6141909814,445.4971954221,2693.2285531116,3740.0921676142,383.1819146662,243.711564904,478.7215737053,189.0991729999,6425.456718942],"points":[[0.7502821755,0.5478016512,0.5,0.4],[0.3794553187,0.7674127032,0.25,0.8],[0.7664667762,0.7542802583,0.25,0.4],[0.3510246302,0.2046690876,0.25,0.4],[0.9659931025,0.1960368604,0.5,0.4],[0.709158581,0.8001960337,0.25,0.6],[0.8388311271,0.5832360718,0.5,0.8],[0.2183213776,0.5937343375,0.5,0.4],[0.5733601382,0.5636166917,0.5,0.2],[0.7389738136,0.1886619003,0.25,0.4],[0.440179111,0.2518646843,0.5,0.6],[0.8564979147,0.5189673627,0.75,0.8]],"var_noise":[]},"var_noise_value":[0.0],"n_burning":500,"same_correlation":true,"problem_name":"branin","data":{"evaluations":[1739.8878104274,2334.5791969728,1609.5587446966,392.6141909814,445.4971954221,2693.2285531116,3740.0921676142,383.1819146662,243.711564904,478.7215737053,189.0991729999,6425.456718942,1452.8552795572,861.185122108,520.1960653421,1060.0016634705,3343.4859791651,2452.0897514865],"points":[[0.7502821755,0.5478016512,0.5,0.4],[0.3794553187,0.7674127032,0.25,0.8],[0.7664667762,0.7542802583,0.25,0.4],[0.3510246302,0.2046690876,0.25,0.4],[0.9659931025,0.1960368604,0.5,0.4],[0.709158581,0.8001960337,0.25,0.6],[0.8388311271,0.5832360718,0.5,0.8],[0.2183213776,0.5937343375,0.5,0.4],[0.5733601382,0.5636166917,0.5,0.2],[0.7389738136,0.1886619003,0.25,0.4],[0.440179111,0.2518646843,0.5,0.6],[0.8564979147,0.5189673627,0.75,0.8],[0.0,0.3200553188,0.75,0.8],[0.1828683271,0.0,0.25,0.8],[1.0,1.0,0.25,0.8],[0.7190088627,0.4095216897,0.25,0.8],[0.0,0.0954781761,0.25,0.8],[0.8623518059,0.9085321328,0.25,0.8]],"var_noise":[]},"start_point_sampler":[0.0,0.0,0.4036881831,0.1988202223,0.2882975848,0.2884036475],"name_model":"gp_fitting_gaussian","training_name":"default_training_data_12_points_rs_525"}