{"type_bounds":[0,0,1,1],"max_steps_out":1000,"dimensions":[4],"bounds_domain":[[0.0,1.0],[0.0,1.0],[0.25,0.5,0.75],[0.2,0.4,0.6,0.8]],"mean_value":[0.0],"samples_parameters":[[0.0,0.0,0.0946726829,0.2844604543,0.0073069631,0.2703685469],[0.0,0.0,0.0946790631,0.2844389743,0.0073156807,0.2702272711],[0.0,0.0,0.0946437393,0.284493267,0.0073230821,0.2703288318],[0.0,0.0,0.0946914845,0.2844906978,0.0073147602,0.2701427837],[0.0,0.0,0.0946806581,0.284459544,0.0073186224,0.2703779175],[0.0,0.0,0.094679683,0.2844888633,0.0073173163,0.2701363175],[0.0,0.0,0.0946496113,0.2844452916,0.0073095214,0.2704558754],[0.0,0.0,0.0946702209,0.284434126,0.0073187906,0.2703288731],[0.0,0.0,0.0947190902,0.2843912445,0.007321227,0.2704371348],[0.0,0.0,0.0946783574,0.2844432138,0.007317926,0.2703628255],[0.0,0.0,0.0946698925,0.2844529143,0.0073106188,0.2703776408],[0.0,0.0,0.0970596583,0.2841134104,0.0073200714,0.2675761019],[0.0,0.0,0.0967287902,0.2869248499,0.0073200175,0.2582288062],[0.0,0.0,0.0966958107,0.2874561337,0.0073130094,0.2570406167],[0.0,0.0,0.0967430708,0.2874544272,0.0073287862,0.2568782368],[0.0,0.0,0.0967053398,0.287468702,0.0073309437,0.2568418177],[0.0,0.0,0.0967410199,0.2874748189,0.0073144372,0.2568595438],[0.0,0.0,0.0967152744,0.2874626142,0.0073073588,0.2569734799],[0.0,0.0,0.096721161,0.2874940578,0.007320605,0.2568606404],[0.0,0.0,0.0967228898,0.28746754,0.0073174393,0.2568595853],[0.0,0.0,0.0967522583,0.2874830592,0.0073162113,0.2566902651],[0.0,0.0,0.0967474859,0.287487971,0.0073219715,0.2567261902],[0.0,0.0,0.0967435111,0.2873916355,0.0073296567,0.2570843706],[0.0,0.0,0.0967159813,0.2873869033,0.0073106277,0.257094159],[0.0,0.0,0.0967291938,0.2874640568,0.0073208923,0.2569357176],[0.0,0.0,0.0967352197,0.287433361,0.0073091498,0.2569624546],[0.0,0.0,0.0967042282,0.2874448026,0.00731207,0.257016061],[0.0,0.0,0.0967497532,0.2874438532,0.0073176422,0.2568229064],[0.0,0.0,0.0966824076,0.2874955679,0.0073211658,0.2570466088],[0.0,0.0,0.096731174,0.2874533789,0.0073256536,0.2569401761],[0.0,0.0,0.0966931448,0.2874957482,0.0073166564,0.2569133654],[0.0,0.0,0.0958908443,0.2920040065,0.007320902,0.2556566828],[0.0,0.0,0.0869778523,0.5027182454,0.007327329,0.1424636885],[0.0,0.0,0.1168167901,0.5138284206,0.0073079029,0.1288835457],[0.0,0.0,0.1171151882,0.5140945982,0.0072940913,0.1286323084],[0.0,0.0,0.1170574099,0.5143338018,0.0073166654,0.1286206079],[0.0,0.0,0.1170906648,0.51419685,0.0073295882,0.1286272961],[0.0,0.0,0.117071551,0.5141620828,0.007315087,0.1286366194],[0.0,0.0,0.1171518147,0.5142618228,0.0073330113,0.1286162843],[0.0,0.0,0.1171377423,0.5142626926,0.0073141606,0.1286123579],[0.0,0.0,0.1171033951,0.51425162,0.007336616,0.1286212803],[0.0,0.0,0.1170916948,0.5142033364,0.0073294214,0.1286243818],[0.0,0.0,0.1171274118,0.5141330378,0.0073188692,0.1286205592],[0.0,0.0,0.1171156645,0.5143171974,0.0073312683,0.1286236716],[0.0,0.0,0.1170522453,0.5142229994,0.0073318069,0.1286296608],[0.0,0.0,0.1170931589,0.514273593,0.0073205902,0.1286384908],[0.0,0.0,0.1171247241,0.5141863424,0.0073174114,0.1286212711],[0.0,0.0,0.1170811276,0.5142021894,0.0073228042,0.1286255323],[0.0,0.0,0.1171632426,0.5142819176,0.0073092666,0.1285889032],[0.0,0.0,0.1172307707,0.5141992092,0.0073248193,0.1285942866],[0.0,0.0,0.1170718258,0.5142417541,0.0073081201,0.1286349994],[0.0,0.0,0.1154134016,0.5141120898,0.0483615997,0.1173020667],[0.0,0.0,0.1524711229,0.5331064063,0.1397352304,0.0885524557],[0.0,0.0,0.1538723188,0.531324855,0.1399466037,0.0881051487],[0.0,0.0,0.1539085252,0.5313268972,0.1399484826,0.0881103083],[0.0,0.0,0.1539165056,0.531265436,0.1399506448,0.0881069447],[0.0,0.0,0.1539442466,0.5312390989,0.1399568788,0.0881066934],[0.0,0.0,0.1538622044,0.5312719884,0.1399667204,0.0881037264],[0.0,0.0,0.153873208,0.5312507902,0.1399617094,0.088111991],[0.0,0.0,0.1538924996,0.5312097987,0.139949859,0.0881114994],[0.0,0.0,0.1538962799,0.5313566694,0.1399600773,0.0881100274],[0.0,0.0,0.1540538521,0.5314560867,0.1399599982,0.0881094952],[0.0,0.0,0.1542553703,0.5313998862,0.1399436291,0.0880891445],[0.0,0.0,0.1542348078,0.531409407,0.1399519737,0.0880965819],[0.0,0.0,0.154244982,0.5314456347,0.139939401,0.0880934688],[0.0,0.0,0.1542163783,0.531544083,0.1399472507,0.0880958709],[0.0,0.0,0.1543165943,0.5314278232,0.1399403028,0.0880935484],[0.0,0.0,0.1542508853,0.5314886296,0.1399545989,0.0880946131],[0.0,0.0,0.1542289686,0.53148601,0.139926908,0.0880892836],[0.0,0.0,0.1542280157,0.5314796462,0.1399490287,0.0880923537],[0.0,0.0,0.1542587746,0.53149886,0.1399504877,0.0880979318],[0.0,0.0,0.1533217816,0.5314156083,0.1399334396,0.0880947307],[0.0,0.0,0.1532419535,0.5311276789,0.1398854984,0.0880962637],[0.0,0.0,0.1532414268,0.5311591516,0.13988247,0.0880980296],[0.0,0.0,0.1532282207,0.5311826101,0.1398957183,0.0881021037],[0.0,0.0,0.1531603679,0.5310956549,0.1398872058,0.0880988604],[0.0,0.0,0.1532267042,0.5310759934,0.1398846715,0.0880990667],[0.0,0.0,0.1531928734,0.5312175093,0.1398915948,0.088100209],[0.0,0.0,0.1532021335,0.5311447319,0.1398853935,0.0880980325],[0.0,0.0,0.1532495492,0.5311791225,0.1398867057,0.0880927939],[0.0,0.0,0.1532472689,0.5311865408,0.1398679445,0.0880865613],[0.0,0.0,0.1539365731,0.5315363761,0.1399531864,0.0880898208],[0.0,0.0,0.1543306442,0.5312184016,0.1398908607,0.0880868723],[0.0,0.0,0.1542613242,0.5311600666,0.1398933142,0.0880850705],[0.0,0.0,0.1542919026,0.5311628309,0.1399101283,0.0880950199],[0.0,0.0,0.1543226982,0.5310827204,0.1398903778,0.0880872282],[0.0,0.0,0.1542939774,0.5311771205,0.1398827378,0.088081744],[0.0,0.0,0.1543018977,0.5311831693,0.1398958234,0.0880864269],[0.0,0.0,0.154300639,0.5311243349,0.1398970887,0.0880823592],[0.0,0.0,0.1542947768,0.5312203522,0.1399050036,0.0880915053],[0.0,0.0,0.1542988957,0.5311335524,0.1399082455,0.0880947544],[0.0,0.0,0.1538020118,0.5323885879,0.1401304308,0.0880909843],[0.0,0.0,0.1538634851,0.5318341503,0.1404755498,0.0880918056],[0.0,0.0,0.1538799627,0.5317927829,0.1404985821,0.0881009178],[0.0,0.0,0.1538777169,0.5318541765,0.1405178641,0.0880950808],[0.0,0.0,0.1538439347,0.5320074049,0.1404816559,0.0880955078],[0.0,0.0,0.1538462545,0.5318672025,0.1404896518,0.0880935828],[0.0,0.0,0.1538368796,0.531848962,0.1404882641,0.088093966],[0.0,0.0,0.1539290916,0.5318839919,0.1404873528,0.0881023373],[0.0,0.0,0.1539051222,0.5318797325,0.1404842956,0.0880932872],[0.0,0.0,0.1538784615,0.5319506692,0.1404738044,0.0880887914]],"thinning":10,"kernel_values":[1.1434482444,0.9270359537,0.6377419883,0.7319011915],"type_kernel":["Matern52"],"training_data":{"evaluations":[1667.7111744631,107.5386881182,12316.0432027705,2312.1149111235,1043.1897691922,1143.9984940158,494.8575898748,1817.1118951615,860.7595893915,288.4946654901,852.5643440602,10427.9074652972,38129.027327044,38117.6008048523],"points":[[0.2075250301,0.6480531201,0.25,0.4],[0.5128866858,0.6482399194,0.25,0.4],[0.0587862674,0.6788393941,0.25,0.8],[0.0165364039,0.4237819811,0.5,0.6],[0.7588378626,0.8702694889,0.5,0.2],[0.655905125,0.1140609158,0.5,0.4],[0.4564057427,0.5696024313,0.75,0.2],[0.3172795578,0.0415068254,0.5,0.2],[0.8905268483,0.7611340531,0.75,0.2],[0.8471407742,0.3941377669,0.25,0.4],[0.2405704462,0.6454956852,0.5,0.6],[0.8290958002,0.6576566159,0.75,0.8],[0.0,1.0,0.25,0.6524609699],[0.0,1.0,0.2501387959,0.6524539864]],"var_noise":[]},"var_noise_value":[0.0],"n_burning":500,"same_correlation":true,"problem_name":"branin","data":{"evaluations":[1667.7111744631,107.5386881182,12316.0432027705,2312.1149111235,1043.1897691922,1143.9984940158,494.8575898748,1817.1118951615,860.7595893915,288.4946654901,852.5643440602,10427.9074652972,38129.027327044,38117.6008048523,1321.1586490835,140.8811869015,3605.4173474831,85.2815372024,37861.7326557818,1445.0590195111,1977.8758400537,1635.7819784101,1557.0845244662,1142.7049510446],