{"type_bounds":[0,0,1,1],"max_steps_out":1000,"dimensions":[4],"bounds_domain":[[0.0,1.0],[0.0,1.0],[0.25,0.5,0.75],[0.2,0.4,0.6,0.8]],"mean_value":[0.0],"samples_parameters":[[0.0,0.0,271.3161435453,0.1624710758,0.1978759341,0.3463546411],[0.0,0.0,611.5535057964,0.1624303943,0.1978217814,0.3461102285],[0.0,0.0,644.5937265395,0.162460836,0.1977422638,0.3464992927],[0.0,0.0,880.9403739505,0.1624605114,0.1975941679,0.3461856277],[0.0,0.0,891.8935271232,0.1624862619,0.1978351898,0.3463387358],[0.0,0.0,753.4793206813,0.1624282653,0.1977629959,0.3464179098],[0.0,0.0,966.2979407092,0.162478077,0.197701524,0.3462526379],[0.0,0.0,703.458346129,0.1625295816,0.1977223889,0.3461310671],[0.0,0.0,781.076292075,0.1624744417,0.1976968987,0.3463408938],[0.0,0.0,400.8336906566,0.1624882645,0.197880999,0.3461901945],[0.0,0.0,817.1610006197,0.1624465072,0.1977659699,0.3461832186],[0.0,0.0,586.1561136603,0.1624636962,0.1978097251,0.3462971458],[0.0,0.0,971.0445845746,0.1624193266,0.1979750879,0.3462753149],[0.0,0.0,724.3647151225,0.1622789723,0.1977232937,0.3464328232],[0.0,0.0,447.4777259495,0.162368745,0.1978238708,0.3460969431],[0.0,0.0,868.2231670472,0.162236895,0.1977465682,0.3465167993],[0.0,0.0,966.5054555707,0.1622920128,0.1978740713,0.3464685757],[0.0,0.0,683.9774295421,0.1623441858,0.1978126984,0.3464677759],[0.0,0.0,817.7968166876,0.1622731257,0.197804016,0.346397503],[0.0,0.0,806.1905666555,0.1623526889,0.1979157866,0.3462762135],[0.0,0.0,793.4927624579,0.1622565229,0.1977217171,0.3463672116],[0.0,0.0,679.9989520931,0.1376246178,0.1704059324,0.346057709],[0.0,0.0,2.9556917081,0.1672069399,0.1976435981,0.3641178191],[0.0,0.0,2.7581005441,0.1647627502,0.1970825017,0.3542901688],[0.0,0.0,2.7539610344,0.1648573436,0.1970729265,0.3538673958],[0.0,0.0,2.75674127,0.1647144518,0.1969739491,0.3542550341],[0.0,0.0,2.7548692429,0.1647442064,0.1968563141,0.3541396338],[0.0,0.0,2.7543457966,0.1648133857,0.1971331464,0.3542736824],[0.0,0.0,2.7527289097,0.1647737587,0.1969994577,0.3538819537],[0.0,0.0,2.7563640192,0.164809207,0.196900965,0.3538952468],[0.0,0.0,2.7569205676,0.1647624153,0.196980806,0.3541573846],[0.0,0.0,3.0817749771,0.1537504641,0.1993085395,0.178036295],[0.0,0.0,2.5069584598,0.1526160586,0.215715542,0.2017788101],[0.0,0.0,2.5052427343,0.1526166472,0.2158412225,0.2016435566],[0.0,0.0,2.4952453647,0.1526651385,0.2157523023,0.2018220583],[0.0,0.0,2.5048333891,0.1526399265,0.2157661363,0.2018864901],[0.0,0.0,2.5031240121,0.1525359337,0.2160590002,0.2017641725],[0.0,0.0,2.5020039313,0.1526144205,0.2156133613,0.2016848771],[0.0,0.0,2.4985349729,0.1527892414,0.2157076183,0.201805922],[0.0,0.0,2.5020215656,0.1526164083,0.2157953214,0.2017987903],[0.0,0.0,2.5030454564,0.1525827344,0.2157674565,0.2018178711],[0.0,0.0,4.2957682344,0.1634244553,0.1428263301,0.1770999562],[0.0,0.0,881.60831785,0.1642430513,0.183079414,0.1368241417],[0.0,0.0,811.6685198831,0.1642150952,0.1829398517,0.1368214525],[0.0,0.0,769.9501473451,0.1643018006,0.1831045279,0.1367964147],[0.0,0.0,954.7125277677,0.1643579616,0.1831730731,0.1367940926],[0.0,0.0,753.5775067939,0.1642491629,0.1830305146,0.136764672],[0.0,0.0,667.0872724572,0.1641671796,0.1832506608,0.1367133823],[0.0,0.0,859.3834131867,0.1643033983,0.1830056957,0.1367703667],[0.0,0.0,678.6905221024,0.1642735052,0.183137431,0.1368312308],[0.0,0.0,687.1632855588,0.1642646672,0.183029993,0.1368171686],[0.0,0.0,741.2629246877,0.0825710744,0.2375488414,0.1380179472],[0.0,0.0,987.271855056,0.1197093891,0.1998217898,0.1376584278],[0.0,0.0,558.2551315419,0.1197473084,0.200074506,0.1376791593],[0.0,0.0,793.4214174946,0.1196728403,0.1996691608,0.1376479919],[0.0,0.0,853.6019057491,0.1197151552,0.2002007637,0.1376694649],[0.0,0.0,945.8416821767,0.1196609334,0.199738842,0.1376601862],[0.0,0.0,689.7446628226,0.1196937952,0.1999154111,0.1376939775],[0.0,0.0,934.7768065858,0.1197204612,0.2000771257,0.1376742235],[0.0,0.0,970.2047685136,0.1196346111,0.1999265666,0.1375442169],[0.0,0.0,568.8667253018,0.1196902533,0.199789126,0.1376704075],[0.0,0.0,841.6768778061,0.0524372194,0.065066415,0.1855245052],[0.0,0.0,690.44555433,0.0528815034,0.0653846572,0.5927883768],[0.0,0.0,798.7861729109,0.0574143674,0.065539195,0.6038462352],[0.0,0.0,779.3631886783,0.0574036866,0.0654780413,0.6030238861],[0.0,0.0,760.208367059,0.0574051792,0.0655577172,0.6036279823],[0.0,0.0,850.8603136507,0.0574151017,0.0655261241,0.60304155],[0.0,0.0,896.2220746252,0.0574169903,0.065552527,0.6035337702],[0.0,0.0,847.726202809,0.0574014915,0.0655038871,0.603338376],[0.0,0.0,624.8123136409,0.0574131003,0.0655252161,0.6038701491],[0.0,0.0,811.2970800057,0.0574272056,0.06551924,0.6036827208],[0.0,0.0,629.2486081399,0.0183694864,0.03832681,0.3015658249],[0.0,0.0,539.4443211541,0.112840306,0.0532447138,0.0167657169],[0.0,0.0,125.8001315403,0.1260207182,0.0319993602,0.0219896189],[0.0,0.0,1.6018423173,0.1331062934,0.0312971233,0.0227929286],[0.0,0.0,0.7571835657,0.1697211318,0.0277941727,0.0281090384],[0.0,0.0,0.5259301312,0.20325454,0.0249511981,0.0613432529],[0.0,0.0,0.4660676114,0.214056114,0.0235753112,0.1395060039],[0.0,0.0,0.4662281794,0.2143722682,0.0235689807,0.1394212484],[0.0,0.0,0.4661772549,0.2143578156,0.023571415,0.1394094447],[0.0,0.0,0.4662368572,0.2142854005,0.0235771129,0.1393720661],[0.0,0.0,0.4650145852,0.1195477065,0.0236801362,0.2230613496],[0.0,0.0,0.4676486287,0.0635035732,0.0235514014,0.257294649],[0.0,0.0,0.4675423662,0.0634944225,0.0235564147,0.2571282221],[0.0,0.0,0.467428476,0.0635153601,0.0235593907,0.2571903062],[0.0,0.0,0.4675527723,0.0635605062,0.0235558846,0.2571592241],[0.0,0.0,0.4674763581,0.0635791831,0.0235609231,0.2570449784],[0.0,0.0,0.4674353658,0.0635368103,0.0235621291,0.257067069],[0.0,0.0,0.4675753928,0.0635914139,0.0235561448,0.2571082805],[0.0,0.0,0.4675310282,0.0635126137,0.0235555202,0.2571778202],[0.0,0.0,0.4675208562,0.063562519,0.0235591515,0.2570374767],[0.0,0.0,0.4675357924,0.0635110814,0.0235625428,0.257050208],[0.0,0.0,0.4675301245,0.0634956293,0.0235580763,0.2571128811],[0.0,0.0,0.467451734,0.0635319027,0.0235616602,0.2570631282],[0.0,0.0,0.4675808077,0.0635162345,0.0235534466,0.2571362142],[0.0,0.0,0.4673940848,0.0635572654,0.0235580339,0.2571525181],[0.0,0.0,0.4675633559,0.0635218188,0.0235559337,0.2571200459],[0.0,0.0,0.4675534688,0.0635708264,0.0235571197,0.2571347881],[0.0,0.0,0.4674570873,0.0635262739,0.0235600905,0.2571003791],[0.0,0.0,0.467614235,0.0635093181,0.0235573012,0.2571599798],[0.0,0.0,0.4675776649,0.0635309644,0.0235578735,0.2571852515],[0.0,0.0,0.455499313,0.0636114799,0.0169368551,0.3276868967],[0.0,0.0,0.4569617487,0.0600698499,0.01945337,0.3319470082],[0.0,0.0,0.4566947837,0.060060553,0.0194553615,0.3319948615],[0.0,0.0,0.456784305,0.0600843196,0.0194568258,0.3319429329],[0.0,0.0,0.4567888441,0.0600809768,0.0194560627,0.331899576],[0.0,0.0,0.4567392351,0.0600626474,0.0194567278,0.3319201876],[0.0,0.0,0.4567159729,0.0600305722,0.0194557805,0.331932432],[0.0,0.0,0.4568436318,0.060051595,0.0194544233,0.331915737],[0.0,0.0,0.4567725238,0.0600724021,0.0194546532,0.3319839997],[0.0,0.0,0.4566876594,0.0600943373,0.019456261,0.3319459166],[0.0,0.0,0.458164415,0.0601096367,0.019499712,0.3298319117],[0.0,0.0,0.4604422247,0.0600972961,0.0194850109,0.3304641803],[0.0,0.0,0.4603399297,0.0601121386,0.0194836681,0.3303885288],[0.0,0.0,0.4604048607,0.0601127731,0.019484974,0.3304354287],[0.0,0.0,0.4603268077,0.0601139234,0.0194832433,0.3304497052],[0.0,0.0,0.4603418166,0.0600699891,0.0194869943,0.330426248],[0.0,0.0,0.4602880122,0.0601101015,0.0194861279,0.3304551672],[0.0,0.0,0.4604098929,0.0601163999,0.0194833049,0.3304108649],[0.0,0.0,0.4603464946,0.0601025597,0.0194838874,0.3304178036],[0.0,0.0,0.4604859781,0.0600947614,0.0194876656,0.3303436737],[0.0,0.0,0.4604824934,0.0600975108,0.0194853031,0.3303602465],[0.0,0.0,0.4603676181,0.0600765112,0.0194823606,0.3304794797],[0.0,0.0,0.4604452076,0.0600802633,0.0194854849,0.3303780649],[0.0,0.0,0.4604464791,0.0601419156,0.0194846346,0.330429706],[0.0,0.0,0.4602117283,0.0600842165,