{"type_bounds":[0,0,1,1],"max_steps_out":1000,"dimensions":[4],"bounds_domain":[[0.0,1.0],[0.0,1.0],[0.25,0.5,0.75],[0.2,0.4,0.6,0.8]],"mean_value":[0.0],"samples_parameters":[[0.0,0.0,0.2607285498,0.3303636494,0.2470086745,0.1648000999],[0.0,0.0,0.2606807818,0.3303237274,0.2467786618,0.1647930322],[0.0,0.0,0.2608078754,0.3304216674,0.2469303181,0.1647512702],[0.0,0.0,0.2607647922,0.3303530685,0.2468749976,0.1648092814],[0.0,0.0,0.260849679,0.3302447687,0.2469121706,0.1648741749],[0.0,0.0,0.260756661,0.3304647049,0.2469391587,0.1648762789],[0.0,0.0,0.2607502271,0.3302770664,0.2469785568,0.1648078132],[0.0,0.0,0.2608126218,0.3305121173,0.2468957746,0.1647613858],[0.0,0.0,0.2605700084,0.3301034443,0.246803844,0.1648474715],[0.0,0.0,0.2607594748,0.3301999901,0.2469242153,0.1647073308],[0.0,0.0,0.2604760196,0.3303800561,0.2469090141,0.1648775373],[0.0,0.0,0.2682036879,0.3156843413,0.2471277686,0.0895586201],[0.0,0.0,0.2715125253,0.3137113084,0.2439669042,0.1248582536],[0.0,0.0,0.2718133019,0.3139133268,0.2439684116,0.1248391393],[0.0,0.0,0.2715334019,0.313624778,0.2440084681,0.124778631],[0.0,0.0,0.2715162184,0.3138792336,0.2439801016,0.1248605839],[0.0,0.0,0.271875816,0.3138030312,0.2439721697,0.1248415423],[0.0,0.0,0.2717553252,0.3136427749,0.2439587074,0.124887282],[0.0,0.0,0.2716085804,0.3137548277,0.2440456106,0.1248645492],[0.0,0.0,0.2718403558,0.3141269165,0.2440922504,0.1248652827],[0.0,0.0,0.2717903434,0.3137022581,0.2439191635,0.1248645046],[0.0,0.0,0.2908979104,0.379758905,0.2516867374,0.1886692583],[0.0,0.0,0.2826996656,0.3757945778,0.252264097,0.1556650704],[0.0,0.0,0.2827407785,0.3760096737,0.2521719593,0.1557056003],[0.0,0.0,0.2826717594,0.3759161009,0.2522664642,0.1557177931],[0.0,0.0,0.2825740617,0.376102718,0.2522515946,0.1557205832],[0.0,0.0,0.2827943788,0.3757981045,0.2522468343,0.1556880019],[0.0,0.0,0.2827381678,0.3758769004,0.2521687288,0.1557383212],[0.0,0.0,0.2826068017,0.3760481607,0.2521702996,0.1557307833],[0.0,0.0,0.2826678524,0.376029242,0.252246529,0.1557477078],[0.0,0.0,0.2826737987,0.37612746,0.2521607626,0.1556921136],[0.0,0.0,0.0376553692,0.3867909425,0.2172744661,0.1572548795],[0.0,0.0,0.0873237443,0.9562010012,0.2236970765,0.1707255442],[0.0,0.0,0.1219893808,0.426133064,0.2312448044,0.160623587],[0.0,0.0,0.1220942515,0.4258854628,0.2312514983,0.1607205755],[0.0,0.0,0.1220110866,0.4262030342,0.2312351957,0.1606966887],[0.0,0.0,0.122039384,0.4252674571,0.2312531892,0.1605431453],[0.0,0.0,0.1220300655,0.4257202161,0.2312522294,0.1607217676],[0.0,0.0,0.1220189024,0.4260072647,0.2311412846,0.1606895978],[0.0,0.0,0.1221375605,0.4256277049,0.2312081436,0.1607111858],[0.0,0.0,0.1220377589,0.4258159581,0.2313088843,0.1607160155],[0.0,0.0,0.1183836838,0.4241561484,0.2287888927,0.1602830399],[0.0,0.0,0.1230431746,0.3791796803,0.2310389523,0.1587402207],[0.0,0.0,0.1231661232,0.3788091076,0.2311277523,0.1587788],[0.0,0.0,0.1230741753,0.3791102257,0.2311061204,0.1587967276],[0.0,0.0,0.1230310153,0.3790644971,0.231046365,0.1587338634],[0.0,0.0,0.1231227539,0.3789878904,0.2311423349,0.1587905423],[0.0,0.0,0.1231159375,0.3791936033,0.2311092234,0.1587306754],[0.0,0.0,0.1230231087,0.3793548045,0.2311064701,0.1587100391],[0.0,0.0,0.123040103,0.3794161309,0.2310735771,0.1587830005],[0.0,0.0,0.122980628,0.3790489044,0.2310560188,0.1587466775],[0.0,0.0,0.1230189149,0.3793627148,0.2311001393,0.1587556477],[0.0,0.0,0.1230941854,0.3793889928,0.2314103605,0.1587381458],[0.0,0.0,0.123226488,0.3791666666,0.2315000854,0.1587181925],[0.0,0.0,0.1230962433,0.3793314125,0.2315038306,0.1587159426],[0.0,0.0,0.1230670992,0.3791074532,0.2315228468,0.1587163732],[0.0,0.0,0.1231247903,0.3792121149,0.2315157817,0.1586878208],[0.0,0.0,0.1230159086,0.3793449539,0.231500087,0.1586888905],[0.0,0.0,0.1230936469,0.3791246499,0.231416916,0.1586881402],[0.0,0.0,0.1231456491,0.3792045143,0.2314966776,0.1587425338],[0.0,0.0,0.1231177028,0.3790449061,0.2314822014,0.1587275039],[0.0,0.0,0.2931220692,0.3543441389,0.2322312082,0.1569702431],[0.0,0.0,0.3606671897,0.313140991,0.2315948917,0.1621320201],[0.0,0.0,0.3607147287,0.3131902717,0.2317366445,0.1621500399],[0.0,0.0,0.3606745216,0.3131883438,0.231619355,0.1620789561],[0.0,0.0,0.3606258345,0.3131397429,0.2317325863,0.1620444083],[0.0,0.0,0.3605725741,0.3131287066,0.231677136,0.1620737929],[0.0,0.0,0.3607318563,0.3132365324,0.2316517136,0.1621203887],[0.0,0.0,0.3605266686,0.3132107141,0.2316607435,0.1621743249],[0.0,0.0,0.3606441368,0.3131232626,0.2317083551,0.1621011786],[0.0,0.0,0.360625486,0.313149606,0.2317008362,0.1620655785],[0.0,0.0,0.3606174695,0.3131883097,0.2317087774,0.16207745],[0.0,0.0,0.3606451368,0.3131289729,0.2316531758,0.1621042531],[0.0,0.0,0.3606772266,0.3131031565,0.2316786455,0.1621306072],[0.0,0.0,0.3605468875,0.3132250516,0.2316948367,0.1620502128],[0.0,0.0,0.3606148793,0.3132286106,0.2317250626,0.1621327196],[0.0,0.0,0.3605603531,0.313170593,0.2316904893,0.1620520433],[0.0,0.0,0.3605487671,0.3132689537,0.2316050579,0.1621317939],[0.0,0.0,0.3606641449,0.3131128197,0.2316651683,0.1621380591],[0.0,0.0,0.3605929416,0.3131612242,0.2316623206,0.1621056529],[0.0,0.0,0.3605877751,0.3131960378,0.2317308717,0.1621321915],[0.0,0.0,0.3239430757,0.3130770878,0.2397250271,0.1614088473],[0.0,0.0,0.0659758311,0.3712370839,0.2201766659,0.1706042395],[0.0,0.0,0.066003137,0.3713363257,0.2202195894,0.1705918112],[0.0,0.0,0.0659967493,0.3711067857,0.2201578742,0.1705247146],[0.0,0.0,0.0660252687,0.3711867954,0.2203363691,0.1705528899],[0.0,0.0,0.0660071148,0.3713591135,0.2202863406,0.1705413703],[0.0,0.0,0.0659715131,0.3713547154,0.2203010489,0.1705545855],[0.0,0.0,0.065995902,0.3715528621,0.2202408568,0.1704810125],[0.0,0.0,0.066025954,0.371185223,0.2202587812,0.1704785562],[0.0,0.0,0.0660017555,0.3712761782,0.2202831324,0.170547419],[0.0,0.0,0.0660223172,0.3714639476,0.2203063625,0.1705740526],[0.0,0.0,0.0660230653,0.371260347,0.2203026927,0.1705307885],[0.0,0.0,0.0660247997,0.3712890129,0.2202865811,0.1704483168],[0.0,0.0,0.0660076229,0.3712551375,0.2203779221,0.1705550783],[0.0,0.0,0.0660143122,0.3712096299,0.2202915875,0.1704828048],[0.0,0.0,0.0660248695,0.3714965404,0.2202632414,0.1705421828],[0.0,0.0,0.0660202775,0.3711742071,0.220233118,0.1705381216],[0.0,0.0,0.0660529114,0.3710774936,0.2203111104,0.170479675],[0.0,0.0,0.0660363463,0.3710692541,0.2202677706,0.1705258907],[0.0,0.0,0.0659729735,0.3712080533,0.2202129645,0.1705133471],[0.0,0.0,0.0665500266,0.3713889623,0.2208584693,0.1705428454],[0.0,0.0,0.0666567612,0.373995213,0.2205191586,0.1702469314],[0.0,0.0,0.0667298173,0.3742698936,0.2204265214,0.1703146511],[0.0,0.0,0.0667033417,0.374013927,0.220505301,0.1702728904],[0.0,0.0,0.0666674775,0.3741063101,0.2205230309,0.1703273468],[0.0,0.0,0.0666996693,0.3742614602,0.2204801622,0.1702941397],[0.0,0.0,0.0666476226,0.3744441037,0.220456101,0.1703824278],[0.0,0.0,0.0666895066,0.3741344377,0.2204962843,0.1702429491],[0.0,0.0,0.0666757934,0.3740881992,0.2204378947,0.1703937541],[0.0,0.0,0.0666922792,0.3742612255,0.2204387564,0.1702565129],[0.0,0.0,0.0667016647,0.3741369785,0.2204598732,0.1701864752],[0.0,0.0,0.0667077523,0.3742837753,0.2204151191,0.170313058],[0.0,0.0,0.0666900925,0.3741253138,0.2205397176,0.1703087463],[0.0,0.0,0.0667173635,0.3742450784,0.2203786406,0.1702971787],[0.0,0.0,0.0667041492,0.3740682585,0.220373085,0.1702481007],[0.0,0.0,0.0666969754,0.3740452241,0.2204438537,0.1702458592],[0.0,0.0,0.0666363823,0.3740392999,0.220463586,0.1702797897],[0.0,0.0,0.0667074922,0.3740003918,0.220477327,0.1703649593],[0.0,0.0,0.0666746411,0.373987217,0.2204674123,0.1703302252],[0.0,0.0,0.0667345536,0.3743386195,0.2204854892,0.1703096175],[0.0,0.0,0.0666571572,0.378820011,0.2224705212,0.1233740988],[0.0,0.0,0.0674060168,0.3837748511,0.2213290448,0.128502031],[0.0,0.0,0.0674252345,0.3836641087,0.2213191507,0.1285006932],[0.0,0.0,0.0674612407,0.383545392,0.2213379115,0.1284561856],[0.0,0.0,0.0674397268,0.3838127139,0.221356844,0.1284837032],[0.0,0.0,0.0674116551,0.3839887451,0.2213709979,0.1284873694],[0.0,