{"type_bounds":[0,0,1,1],"max_steps_out":1000,"dimensions":[4],"bounds_domain":[[0.0,1.0],[0.0,1.0],[0.25,0.5,0.75],[0.2,0.4,0.6,0.8]],"mean_value":[0.0],"samples_parameters":[[0.0,0.0,0.2607285498,0.3303636494,0.2470086745,0.1648000999],[0.0,0.0,0.2606807818,0.3303237274,0.2467786618,0.1647930322],[0.0,0.0,0.2608078754,0.3304216674,0.2469303181,0.1647512702],[0.0,0.0,0.2607647922,0.3303530685,0.2468749976,0.1648092814],[0.0,0.0,0.260849679,0.3302447687,0.2469121706,0.1648741749],[0.0,0.0,0.260756661,0.3304647049,0.2469391587,0.1648762789],[0.0,0.0,0.2607502271,0.3302770664,0.2469785568,0.1648078132],[0.0,0.0,0.2608126218,0.3305121173,0.2468957746,0.1647613858],[0.0,0.0,0.2605700084,0.3301034443,0.246803844,0.1648474715],[0.0,0.0,0.2607594748,0.3301999901,0.2469242153,0.1647073308],[0.0,0.0,0.2604760196,0.3303800561,0.2469090141,0.1648775373],[0.0,0.0,0.2682036879,0.3156843413,0.2471277686,0.0895586201],[0.0,0.0,0.2715125253,0.3137113084,0.2439669042,0.1248582536],[0.0,0.0,0.2718133019,0.3139133268,0.2439684116,0.1248391393],[0.0,0.0,0.2715334019,0.313624778,0.2440084681,0.124778631],[0.0,0.0,0.2715162184,0.3138792336,0.2439801016,0.1248605839],[0.0,0.0,0.271875816,0.3138030312,0.2439721697,0.1248415423],[0.0,0.0,0.2717553252,0.3136427749,0.2439587074,0.124887282],[0.0,0.0,0.2716085804,0.3137548277,0.2440456106,0.1248645492],[0.0,0.0,0.2718403558,0.3141269165,0.2440922504,0.1248652827],[0.0,0.0,0.2717903434,0.3137022581,0.2439191635,0.1248645046],[0.0,0.0,0.2908979104,0.379758905,0.2516867374,0.1886692583],[0.0,0.0,0.2826996656,0.3757945778,0.252264097,0.1556650704],[0.0,0.0,0.2827407785,0.3760096737,0.2521719593,0.1557056003],[0.0,0.0,0.2826717594,0.3759161009,0.2522664642,0.1557177931],[0.0,0.0,0.2825740617,0.376102718,0.2522515946,0.1557205832],[0.0,0.0,0.2827943788,0.3757981045,0.2522468343,0.1556880019],[0.0,0.0,0.2827381678,0.3758769004,0.2521687288,0.1557383212],[0.0,0.0,0.2826068017,0.3760481607,0.2521702996,0.1557307833],[0.0,0.0,0.2826678524,0.376029242,0.252246529,0.1557477078],[0.0,0.0,0.2826737987,0.37612746,0.2521607626,0.1556921136],[0.0,0.0,0.0376553692,0.3867909425,0.2172744661,0.1572548795],[0.0,0.0,0.0873237443,0.9562010012,0.2236970765,0.1707255442],[0.0,0.0,0.1219893808,0.426133064,0.2312448044,0.160623587],[0.0,0.0,0.1220942515,0.4258854628,0.2312514983,0.1607205755],[0.0,0.0,0.1220110866,0.4262030342,0.2312351957,0.1606966887],[0.0,0.0,0.122039384,0.4252674571,0.2312531892,0.1605431453],[0.0,0.0,0.1220300655,0.4257202161,0.2312522294,0.1607217676],[0.0,0.0,0.1220189024,0.4260072647,0.2311412846,0.1606895978],[0.0,0.0,0.1221375605,0.4256277049,0.2312081436,0.1607111858],[0.0,0.0,0.1220377589,0.4258159581,0.2313088843,0.1607160155],[0.0,0.0,0.1183836838,0.4241561484,0.2287888927,0.1602830399],[0.0,0.0,0.1230431746,0.3791796803,0.2310389523,0.1587402207],[0.0,0.0,0.1231661232,0.3788091076,0.2311277523,0.1587788],[0.0,0.0,0.1230741753,0.3791102257,0.2311061204,0.1587967276],[0.0,0.0,0.1230310153,0.3790644971,0.231046365,0.1587338634],[0.0,0.0,0.1231227539,0.3789878904,0.2311423349,0.1587905423],[0.0,0.0,0.1231159375,0.3791936033,0.2311092234,0.1587306754],[0.0,0.0,0.1230231087,0.3793548045,0.2311064701,0.1587100391],[0.0,0.0,0.123040103,0.3794161309,0.2310735771,0.1587830005],[0.0,0.0,0.122980628,0.3790489044,0.2310560188,0.1587466775],[0.0,0.0,0.1230189149,0.3793627148,0.2311001393,0.1587556477],[0.0,0.0,0.1230941854,0.3793889928,0.2314103605,0.1587381458],[0.0,0.0,0.123226488,0.3791666666,0.2315000854,0.1587181925],[0.0,0.0,0.1230962433,0.3793314125,0.2315038306,0.1587159426],[0.0,0.0,0.1230670992,0.3791074532,0.2315228468,0.1587163732],[0.0,0.0,0.1231247903,0.3792121149,0.2315157817,0.1586878208],[0.0,0.0,0.1230159086,0.3793449539,0.231500087,0.1586888905],[0.0,0.0,0.1230936469,0.3791246499,0.231416916,0.1586881402],[0.0,0.0,0.1231456491,0.3792045143,0.2314966776,0.1587425338],[0.0,0.0,0.1231177028,0.3790449061,0.2314822014,0.1587275039]],"thinning":10,"kernel_values":[1.0669498087,0.9974689087,0.63228738,0.7115912209],"type_kernel":["Matern52"],"training_data":{"evaluations":[1264.6853339307,3028.8487796206,72.9974729563,74.5045723857,52.3844988071,783.4469393293,456.834332299,411.8093316211,2032.6270609604,64.5514536609,6430.1658221135,3234.1834012894],"points":[[0.3674637214,0.1864915295,0.5,0.2],[0.7622557166,0.8147493956,0.25,0.6],[0.1904350474,0.697822254,0.5,0.2],[0.1429406717,0.1611037986,0.5,0.6],[0.6209851833,0.0479325656,0.25,0.6],[0.0383971062,0.0440633835,0.75,0.4],[0.0915534526,0.5678272731,0.75,0.8],[0.3817605509,0.2068237306,0.5,0.4],[0.8083849097,0.0387422489,0.25,0.2],[0.9872305316,0.5826504798,0.25,0.4],[0.7536171054,0.788237244,0.5,0.6],[0.4712349041,0.4411666186,0.75,0.8]],"var_noise":[]},"var_noise_value":[0.0],"n_burning":500,"same_correlation":true,"problem_name":"branin","data":{"evaluations":[1264.6853339307,3028.8487796206,72.9974729563,74.5045723857,52.3844988071,783.4469393293,456.834332299,411.8093316211,2032.6270609604,64.5514536609,6430.1658221135,3234.1834012894,4801.9631397883,3911.9680970211,520.1960653421,743.6581767616,260.089078796,13288.2117514511],"points":[[0.3674637214,0.1864915295,0.5,0.2],[0.7622557166,0.8147493956,0.25,0.6],[0.1904350474,0.697822254,0.5,0.2],[0.1429406717,0.1611037986,0.5,0.6],[0.6209851833,0.0479325656,0.25,0.6],[0.0383971062,0.0440633835,0.75,0.4],[0.0915534526,0.5678272731,0.75,0.8],[0.3817605509,0.2068237306,0.5,0.4],[0.8083849097,0.0387422489,0.25,0.2],[0.9872305316,0.5826504798,0.25,0.4],[0.7536171054,0.788237244,0.5,0.6],[0.4712349041,0.4411666186,0.75,0.8],[0.0,0.0,0.75,0.2],[0.8356588708,1.0,0.25,0.8],[1.0,1.0,0.25,0.8],[0.7196677798,0.3103446109,0.25,0.8],[0.4047276171,0.0834458659,0.25,0.8],[0.1400332971,1.0,0.25,0.8]],"var_noise":[]},"start_point_sampler":[0.0,0.0,0.2607285498,0.3303636494,0.2470086745,0.1648000999],"name_model":"gp_fitting_gaussian","training_name":"default_training_data_12_points_rs_550"}