{"type_bounds":[0,0,1,1],"max_steps_out":1000,"dimensions":[4],"bounds_domain":[[0.0,1.0],[0.0,1.0],[0.25,0.5,0.75],[0.2,0.4,0.6,0.8]],"mean_value":[0.0],"samples_parameters":[[0.0,0.0,0.1589422634,0.2572871271,0.1713404462,190.3678822542],[0.0,0.0,0.1589471714,0.2574613094,0.1713348071,167.0262554095],[0.0,0.0,0.1589126531,0.2572340441,0.1714343874,180.6618428424],[0.0,0.0,0.1588610909,0.2574017892,0.1714164992,137.5460187958],[0.0,0.0,0.1589887818,0.2572218436,0.171469982,192.2897125365],[0.0,0.0,0.1590046346,0.2572308147,0.1713610581,180.9379273781],[0.0,0.0,0.1588505967,0.257211753,0.1714151078,180.8046568218],[0.0,0.0,0.158888147,0.2571878141,0.1713662966,179.3535443702],[0.0,0.0,0.1588681795,0.2571094052,0.171522641,154.8010396942],[0.0,0.0,0.1588999335,0.2572781028,0.1714371517,161.3062890115],[0.0,0.0,0.1589740007,0.2573957587,0.1713799828,147.3999430015],[0.0,0.0,0.1248415442,0.3012901105,0.1650646552,167.2669144986],[0.0,0.0,0.0487668496,0.7152135096,0.0943251188,145.058046945],[0.0,0.0,0.0544830029,0.6568546751,0.0950616269,104.7655285967],[0.0,0.0,0.0551526896,0.6474733146,0.0953972268,165.6479117277],[0.0,0.0,0.0551332421,0.6475493478,0.0954244636,161.0374580626],[0.0,0.0,0.0551208039,0.6474882925,0.0953550898,169.8380781618],[0.0,0.0,0.0551293806,0.6474562753,0.095465946,179.1102153854],[0.0,0.0,0.0551058697,0.6478816276,0.0953694504,187.5510457048],[0.0,0.0,0.0551262498,0.6476143457,0.0954727913,113.7884943146],[0.0,0.0,0.0550977282,0.6477963001,0.0953447184,178.0590551587],[0.0,0.0,0.0558929293,0.4049835119,224.6420586341,168.1336668517],[0.0,0.0,0.0543718729,0.1609751771,241.8610350644,198.7866974541],[0.0,0.0,0.0543564568,0.1607475454,214.3918646216,176.6225955174],[0.0,0.0,0.0543516845,0.1608060507,232.4702376195,190.7588323351],[0.0,0.0,0.0543490402,0.1607690219,244.7610517657,188.9433426976],[0.0,0.0,0.0543497281,0.1609045362,249.3698595439,165.8692297537],[0.0,0.0,0.054350191,0.1608877074,240.7946063459,198.3789185],[0.0,0.0,0.0543516063,0.1608210435,237.2812414733,145.8617182643],[0.0,0.0,0.0543499042,0.1607799138,248.5110143048,150.8565564294],[0.0,0.0,0.0543544929,0.1608648554,249.9481007865,166.5734009944],[0.0,0.0,0.1020800307,0.5223812774,145.8950213634,126.6806926997],[0.0,0.0,0.1110125198,0.317561149,0.2741933632,197.8758126148],[0.0,0.0,0.1182653647,0.2515489598,0.2755676397,198.3898055399],[0.0,0.0,0.1183155661,0.2515528455,0.2755636569,190.0242334384],[0.0,0.0,0.118321362,0.2515492492,0.2755621444,185.00958122],[0.0,0.0,0.1183109056,0.2514950741,0.2755903409,197.0704932975],[0.0,0.0,0.1183324286,0.2514825422,0.2755791193,194.6833956193],[0.0,0.0,0.1183098539,0.2513405668,0.2755765866,199.5787544362],[0.0,0.0,0.1183111092,0.2515039777,0.2755520231,196.9276178629],[0.0,0.0,0.118307559,0.251526276,0.2755865948,182.6992076291],[0.0,0.0,0.1182297458,0.2618511987,0.2755213365,188.7354532733],[0.0,0.0,0.1178900008,0.2665413689,0.2749982624,199.832411545],[0.0,0.0,0.1178855368,0.2665682447,0.2749763116,196.9025958371],[0.0,0.0,0.1178760399,0.2667101789,0.2749707049,196.3784887556],[0.0,0.0,0.117885847,0.2666053392,0.2749910649,199.3612127803],[0.0,0.0,0.1178979306,0.2666614108,0.2749719677,193.5851257125],[0.0,0.0,0.117899435,0.2665247263,0.2749919201,183.6670409377],[0.0,0.0,0.1179060856,0.2665808619,0.2749626591,199.485006757],[0.0,0.0,0.1178811018,0.266592838,0.274992367,199.461569415],[0.0,0.0,0.1178722023,0.266605868,0.2749699242,177.1901153698],[0.0,0.0,0.1179013652,0.2665261299,0.2749810895,185.5871582177],[0.0,0.0,0.117871123,0.2666355917,0.2749952149,199.6855369591],[0.0,0.0,0.1178702562,0.2666824083,0.2749872979,192.0104001372],[0.0,0.0,0.117894011,0.2665585548,0.2749748294,177.9858894815],[0.0,0.0,0.1178842511,0.2666227823,0.2749902621,185.2797059408],[0.0,0.0,0.1178966118,0.2665362043,0.2750079977,191.832594568],[0.0,0.0,0.1178876613,0.2666358327,0.2749887634,198.442173617],[0.0,0.0,0.1178835731,0.2666141985,0.2749911493,193.4947842767],[0.0,0.0,0.1178928062,0.2665906635,0.2749719507,188.640915482],[0.0,0.0,0.1178957843,0.2665260622,0.2749822138,199.4823451752]],"thinning":10,"kernel_values":[1.1537879125,1.0272280556,0.718021262,0.7030178326],"type_kernel":["Matern52"],"training_data":{"evaluations":[10.8893245213,349.3930221503,795.6249823462,614.8155542588,21544.6131542531,103.4172463121,1734.4327360257,599.2959756249,748.4790998254,75.3719962638,284.3177024094,9601.3936684063],"points":[[0.9972748086,0.1765444827,0.25,0.6],[0.1981965389,0.336820622,0.5,0.8],[0.200102362,0.173287384,0.25,0.8],[0.1753252458,0.8950544851,0.75,0.8],[0.066335084,0.9358404149,0.25,0.8],[0.7245852895,0.0774614562,0.25,0.6],[0.7550981103,0.9639279183,0.5,0.2],[0.2582606814,0.4135059538,0.75,0.6],[0.4972427357,0.5088067141,0.75,0.2],[0.9278153381,0.3957154998,0.25,0.4],[0.1186957882,0.2974343259,0.5,0.6],[0.8604985044,0.6545841204,0.75,0.8]],"var_noise":[]},"var_noise_value":[0.0],"n_burning":500,"same_correlation":true,"problem_name":"branin","data":{"evaluations":[10.8893245213,349.3930221503,795.6249823462,614.8155542588,21544.6131542531,103.4172463121,1734.4327360257,599.2959756249,748.4790998254,75.3719962638,284.3177024094,9601.3936684063,3605.4173474831,9657.4705839495,29994.739475148,2385.2380974265,2385.2380974265,299.261246816],"points":[[0.9972748086,0.1765444827,0.25,0.6],[0.1981965389,0.336820622,0.5,0.8],[0.200102362,0.173287384,0.25,0.8],[0.1753252458,0.8950544851,0.75,0.8],[0.066335084,0.9358404149,0.25,0.8],[0.7245852895,0.0774614562,0.25,0.6],[0.7550981103,0.9639279183,0.5,0.2],[0.2582606814,0.4135059538,0.75,0.6],[0.4972427357,0.5088067141,0.75,0.2],[0.9278153381,0.3957154998,0.25,0.4],[0.1186957882,0.2974343259,0.5,0.6],[0.8604985044,0.6545841204,0.75,0.8],[0.0,0.0,0.25,0.8],[0.0,1.0,0.75,0.6670976765],[0.0,1.0,0.3758726092,0.6836544124],[1.0,1.0,0.75,0.2],[1.0,1.0,0.75,0.2],[0.8520923666,0.0,0.25,0.8]],"var_noise":[]},"start_point_sampler":[0.0,0.0,0.1589422634,0.2572871271,0.1713404462,190.3678822542],"name_model":"gp_fitting_gaussian","training_name":"default_training_data_12_points_rs_543"}