{"type_bounds":[0,0,1,1],"max_steps_out":1000,"dimensions":[4],"bounds_domain":[[0.0,1.0],[0.0,1.0],[0.25,0.5,0.75],[0.2,0.4,0.6,0.8]],"mean_value":[0.0],"samples_parameters":[[0.0,0.0,0.2417496186,0.3767064511,0.1181260681,0.222057496],[0.0,0.0,0.2414570399,0.3768710299,0.117948355,0.2220957476],[0.0,0.0,0.2409415221,0.3773451144,0.1181833903,0.2228613484],[0.0,0.0,0.2413014574,0.3766315195,0.1181594864,0.2207588152],[0.0,0.0,0.2413181993,0.3767627684,0.1181141541,0.223043759],[0.0,0.0,0.2406854817,0.3772597378,0.1180106172,0.2254097773],[0.0,0.0,0.2412734794,0.3768695598,0.1182281111,0.2219644066],[0.0,0.0,0.2416135931,0.377084449,0.118134672,0.2203575136],[0.0,0.0,0.2412933371,0.3768798778,0.1183209225,0.2199304445],[0.0,0.0,0.2416139067,0.3767163003,0.1181903897,0.2203064731],[0.0,0.0,0.2408394954,0.3772383326,0.1179804368,0.2249725751],[0.0,0.0,0.2413237998,0.3772370428,0.1183794573,0.2289150014],[0.0,0.0,0.2402345721,0.3767475359,0.1180707482,0.2313119717],[0.0,0.0,0.2403934642,0.3767919803,0.1178303783,0.2315651614],[0.0,0.0,0.2401908805,0.3762849244,0.1177037889,0.2324957171],[0.0,0.0,0.2403354598,0.3767799753,0.1179666386,0.2316684112],[0.0,0.0,0.2409346841,0.3765436975,0.1179319696,0.2310677012],[0.0,0.0,0.2401250937,0.3767587682,0.1179709155,0.2311630386],[0.0,0.0,0.2405247759,0.3764275829,0.1179343494,0.2322721317],[0.0,0.0,0.2404194113,0.3767632317,0.1178542707,0.2316814157],[0.0,0.0,0.2404142533,0.3768433041,0.1179560159,0.2313656237],[0.0,0.0,0.2532759152,0.2982438136,0.0620543134,0.1879719693],[0.0,0.0,20.6218523937,0.2816904946,0.0667385059,0.1246531184],[0.0,0.0,0.8819860944,0.3008398321,0.0652472937,0.1317513187],[0.0,0.0,0.8103112102,0.3016368043,0.0658437419,0.1325798819],[0.0,0.0,0.8030028462,0.3017088528,0.0657388949,0.1328262845],[0.0,0.0,0.8045740713,0.3016833088,0.0657175673,0.132821312],[0.0,0.0,0.8049715318,0.3014752572,0.0657241412,0.1327895597],[0.0,0.0,0.8036837089,0.301627933,0.0657228296,0.1328295487],[0.0,0.0,0.8022373951,0.3017195872,0.065686981,0.1328669835],[0.0,0.0,0.8019931881,0.3017725133,0.0657631288,0.1328167705],[0.0,0.0,0.636325647,0.3722879473,0.0632995553,0.134975152],[0.0,0.0,0.6181138818,0.4094273927,0.0379646074,0.1904390253],[0.0,0.0,0.624102786,0.4094927696,0.0375096961,0.1946968161],[0.0,0.0,0.6260893043,0.4095347317,0.037341664,0.1953571723],[0.0,0.0,0.6260027883,0.4095056141,0.0373498304,0.1953442407],[0.0,0.0,0.6257893009,0.4096746285,0.0373374556,0.1954979497],[0.0,0.0,0.6263546588,0.4096609135,0.0373371304,0.1955015427],[0.0,0.0,0.6266917089,0.4096126927,0.0373263478,0.1955649076],[0.0,0.0,0.6264123637,0.409567603,0.0373190207,0.1955501256],[0.0,0.0,0.6270650649,0.409670805,0.0373222431,0.1954042585],[0.0,0.0,0.6236047619,0.4071888599,0.0370700317,0.198781197],[0.0,0.0,0.6092152923,0.4084916635,0.0368214805,0.2007566351],[0.0,0.0,0.6098007199,0.4084928522,0.0368550553,0.2004324392],[0.0,0.0,0.6078950384,0.4086098194,0.0368936881,0.2004075694],[0.0,0.0,0.6087416049,0.4084282696,0.0368667502,0.20046217],[0.0,0.0,0.608615244,0.4086189367,0.036877604,0.2003903746],[0.0,0.0,0.6085015054,0.4085517169,0.0368810988,0.2003048739],[0.0,0.0,0.6090537337,0.4086124089,0.0368774611,0.2003487312],[0.0,0.0,0.6086275992,0.4083887885,0.0368707012,0.2004360508],[0.0,0.0,0.6093285024,0.4086665574,0.0368712015,0.2004363826],[0.0,0.0,0.6092685337,0.4086234893,0.0368442089,0.2004457769],[0.0,0.0,0.6030752946,0.4084702063,0.0369928181,0.2000458337],[0.0,0.0,0.6029956327,0.4085862378,0.0369734151,0.2001304516],[0.0,0.0,0.6026542024,0.4086168968,0.0369802252,0.20022361],[0.0,0.0,0.6026449385,0.4086441973,0.0370005284,0.2000472697],[0.0,0.0,0.6024408646,0.4084840414,0.0369929576,0.2001102478],[0.0,0.0,0.602247469,0.4085378733,0.0369914037,0.2000340188],[0.0,0.0,0.6024785489,0.4084548494,0.0369840939,0.2001166294],[0.0,0.0,0.6018090423,0.4085198662,0.0369867123,0.2001812079],[0.0,0.0,0.6019741591,0.4085162371,0.0370218771,0.1999625531],[0.0,0.0,0.6058722311,0.4090225247,0.0367390938,0.2006567864],[0.0,0.0,0.6168379009,0.4090245032,0.0364926814,0.2029031908],[0.0,0.0,0.6179893709,0.4088519162,0.0364778228,0.2027708963],[0.0,0.0,0.6185959863,0.4088685639,0.036465214,0.2028902705],[0.0,0.0,0.6191167582,0.4086454677,0.0364523994,0.2029385726],[0.0,0.0,0.617554387,0.4089116613,0.0364734574,0.2029712308],[0.0,0.0,0.6175684576,0.4089014174,0.0364575276,0.2029848614],[0.0,0.0,0.6190797869,0.4087810064,0.0364589743,0.2029601849],[0.0,0.0,0.6184766719,0.408736666,0.0364851921,0.2028379658],[0.0,0.0,0.6185520564,0.4087381185,0.0364562762,0.2030748724],[0.0,0.0,0.6174906941,0.4087956546,0.0363483755,0.2052525099],[0.0,0.0,0.6205239867,0.4110901712,0.0361836651,0.2060028739],[0.0,0.0,0.6211849536,0.4111218712,0.0361779376,0.205814149],[0.0,0.0,0.6204706783,0.4111606844,0.0361986014,0.2058993768],[0.0,0.0,0.6202626229,0.4111433721,0.0361872006,0.2059523141],[0.0,0.0,0.6206286078,0.4111400838,0.0361943777,0.2058805909],[0.0,0.0,0.6204126586,0.4111432143,0.0361782869,0.2059050005],[0.0,0.0,0.6207352253,0.4111724091,0.0361750209,0.2059403054],[0.0,0.0,0.6213233238,0.4111135419,0.0361648306,0.2060033415],[0.0,0.0,0.6204680262,0.4111040705,0.0361900085,0.2059401577],[0.0,0.0,0.6211432354,0.4115715607,0.0369081411,0.2112426478],[0.0,0.0,0.5639249234,0.4115823836,0.0395246558,0.192070908],[0.0,0.0,0.5627283766,0.4116944683,0.0395595685,0.1923404436],[0.0,0.0,0.5631475504,0.4116742043,0.039558011,0.1922318153],[0.0,0.0,0.5621476617,0.4118445971,0.0395722722,0.1922203024],[0.0,0.0,0.5627480131,0.4117009638,0.0395593158,0.1922069638],[0.0,0.0,0.5624320257,0.4116470832,0.0395622175,0.1922401971],[0.0,0.0,0.5624441061,0.4117458906,0.0395512478,0.1923028692],[0.0,0.0,0.5633387015,0.4116316873,0.0395357714,0.1923514914],[0.0,0.0,0.5625423523,0.4117283192,0.0395555931,0.1922661984],[0.0,0.0,0.5661300601,0.4172598655,0.0374528375,0.2006099659],[0.0,0.0,0.56115547,0.4162133002,0.0370025066,0.2183947863],[0.0,0.0,0.5617566376,0.4160313748,0.0369990034,0.2183932497],[0.0,0.0,0.5610125937,0.4161391959,0.0370049949,0.2184252507],[0.0,0.0,0.5609707516,0.4160645628,0.0370031445,0.2185769354],[0.0,0.0,0.5612056177,0.4160988541,0.0370023687,0.2185605143],[0.0,0.0,0.5614571935,0.4160759565,0.0369917858,0.2186386858],[0.0,0.0,0.5618561125,0.4161306062,0.0369948052,0.2184238339],[0.0,0.0,0.5609469841,0.4160803007,0.0369903122,0.2186350057],[0.0,0.0,0.5610341278,0.4162960439,0.0370004677,0.2185686277],[0.0,0.0,0.5610065175,0.4147091823,0.0367262275,0.2174560352],[0.0,0.0,0.6016867462,0.4124483042,0.0350860238,0.23244445],[0.0,0.0,0.602259296,0.4124661224,0.0350875214,0.2321415605],[0.0,0.0,0.6012366123,0.4125383392,0.0350864441,0.2322195447],[0.0,0.0,0.6019622919,0.4126273033,0.0350873883,0.2322239766],[0.0,0.0,0.6011534731,0.4125626181,0.0350960477,0.2322478211],[0.0,0.0,0.601694785,0.4125997991,0.0350840121,0.2323270603],[0.0,0.0,0.6009019086,0.4125974283,0.0350979619,0.2322056038],[0.0,0.0,0.6012857896,0.4124617801,0.0350963998,0.2322318639],[0.0,0.0,0.6019124663,0.4125084237,0.0350820051,0.2322545248]],"thinning":10,"kernel_values":[0.7078107696,0.9856639025,0.4929698217,0.7115912209],"type_kernel":["Matern52"],"training_data":{"evaluations":[87.9910175645,473.830288086,263.5433988899,1327.0190018648,121.2121879141,3757.0090953754,194.9925877928,408.9975195474,663.532762383,103.0438184572,2867.3370120162,328.8031933268],"points":[[0.3621597881,0.1261091959,0.5,0.6],[0.7469863976,0.1945512132,0.25,0.4],[0.1634607477,0.4398933096,0.5,0.4],[0.6690820467,0.424700215,0.5,0.6],[0.6674484952,0.6876881613,0.25,0.2],[0.4391804463,0.945777403,0.5,0.6],[0.3429040296,0.5464767459,0.25,0.2],[0.4810544672,0.1051617586,0.5,0.8],[0.8145772447,0.9744646229,0.25,0.2],[0.5330216938,0.6599886682,0.25,0.4],[0.5531506232,0.7629326073,0.5,0.6],[0.1752129805,0.646803327,0.75,0.8]],"var_noise":[]},"var_noise_value":[0.0],"n_burning":500,"same_correlation":true,"problem_name":"branin",