{"type_bounds":[0,0,1,1],"max_steps_out":1000,"dimensions":[4],"bounds_domain":[[0.0,1.0],[0.0,1.0],[0.25,0.5,0.75],[0.2,0.4,0.6,0.8]],"mean_value":[0.0],"samples_parameters":[[0.0,0.0,0.2243357282,0.5545683612,0.1465505936,0.5576736849],[0.0,0.0,0.2243690918,0.5531984893,0.1465835866,0.5586176791],[0.0,0.0,0.2241940433,0.5540316264,0.1466260137,0.5580889465],[0.0,0.0,0.2243647236,0.5537273804,0.1466202369,0.557550109],[0.0,0.0,0.2243238573,0.5541221796,0.1466709287,0.5561979069],[0.0,0.0,0.2241811552,0.5536896906,0.1466831956,0.5576604365],[0.0,0.0,0.2243250374,0.5542322253,0.1467206478,0.5576407817],[0.0,0.0,0.2243261578,0.553759553,0.146646691,0.5588282126],[0.0,0.0,0.2244790954,0.5532348077,0.1466521851,0.5590137908],[0.0,0.0,0.2243389886,0.5515538392,0.1466660522,0.5570216028],[0.0,0.0,0.2243346636,0.5533638293,0.146675993,0.5571125053],[0.0,0.0,0.225199039,0.5384583971,0.147861086,0.5226492826],[0.0,0.0,0.2246808819,0.5385557492,0.1473518045,0.5329199513],[0.0,0.0,0.2246709359,0.5390310007,0.147346694,0.5327506582],[0.0,0.0,0.2247504289,0.5390564811,0.1473582305,0.5335060537],[0.0,0.0,0.2247123397,0.5387061649,0.1473681566,0.5318599745],[0.0,0.0,0.2247775612,0.5384169,0.1472555481,0.5317969699],[0.0,0.0,0.2246735251,0.5393305576,0.1472051002,0.5331645145],[0.0,0.0,0.2250288743,0.5380387389,0.1473979805,0.5324404432],[0.0,0.0,0.2246393042,0.5383784602,0.147270327,0.5318750146],[0.0,0.0,0.2247659063,0.5381939202,0.1472147217,0.5316426108],[0.0,0.0,0.2243842546,0.9579187558,0.1410236459,1.0913196051],[0.0,0.0,0.2219855202,0.8703336765,0.1403054327,0.7481872271],[0.0,0.0,0.222051166,0.87122732,0.1403367812,0.7471831641],[0.0,0.0,0.2220478356,0.8704553959,0.1402936698,0.7471477684],[0.0,0.0,0.2220951152,0.8698571848,0.1403173305,0.7484395424],[0.0,0.0,0.2221365125,0.8692273373,0.1403066383,0.7463509738],[0.0,0.0,0.2219048696,0.8707436491,0.1403220457,0.7489561588],[0.0,0.0,0.2221389941,0.8710795732,0.1403707763,0.74506834],[0.0,0.0,0.2221414611,0.869404923,0.1404146251,0.7470171584],[0.0,0.0,0.2220257608,0.8708533212,0.1402939041,0.7472594225],[0.0,0.0,0.1635490642,0.5903297504,0.1414526648,152.3924006088],[0.0,0.0,0.3568229584,0.1973023711,0.1471765556,199.6333438438],[0.0,0.0,0.3570220187,0.1966116302,0.1471630453,194.2194026739],[0.0,0.0,0.3571096375,0.1966326009,0.1471018891,100.7597661231],[0.0,0.0,0.3570403477,0.1967807734,0.1471702483,125.8740724783],[0.0,0.0,0.357223362,0.1966644151,0.1471473197,149.8544668021],[0.0,0.0,0.357157933,0.1964692164,0.1471554222,144.0451782017],[0.0,0.0,0.3570877009,0.196589765,0.147051749,94.7255778584],[0.0,0.0,0.3571899494,0.1966175181,0.1470258687,156.6467246976],[0.0,0.0,0.357179565,0.1966132984,0.1471153645,191.1746767177],[0.0,0.0,0.3561887362,0.1943134374,0.1479697093,170.645573268],[0.0,0.0,0.3563213948,0.1950259998,0.1484034669,120.7936890168],[0.0,0.0,0.3564159921,0.1947998209,0.1483594632,101.8917010457],[0.0,0.0,0.3563222401,0.1948832853,0.1483261836,171.8045975689],[0.0,0.0,0.3562341866,0.195076377,0.1483018876,164.8363961999],[0.0,0.0,0.3564122952,0.1951504035,0.1483594922,139.7987826627],[0.0,0.0,0.3562223719,0.1950586,0.1482117024,193.9531035861],[0.0,0.0,0.3563342108,0.1950387472,0.1482907251,88.1365509187],[0.0,0.0,0.3564250079,0.1946329944,0.1482637767,153.8538418306],[0.0,0.0,0.3563963039,0.1950280349,0.1483484932,142.4320634119]],"thinning":10,"kernel_values":[0.9449600656,0.8229822649,0.589420439,0.7458847737],"type_kernel":["Matern52"],"training_data":{"evaluations":[738.6720146515,539.9640891426,703.9594382111,315.520841904,232.0622958606,227.5228974641,410.7768149652,1640.6410581157,4966.8577465777,804.7784617924,1930.9205731803,992.8521557156],"points":[[0.7824131674,0.6246089162,0.75,0.2],[0.8292120415,0.4365421868,0.25,0.6],[0.6162218638,0.5527852075,0.25,0.8],[0.920492645,0.7509439339,0.25,0.4],[0.7342533371,0.7587719666,0.25,0.2],[0.4285027772,0.3815773712,0.25,0.6],[0.3248917366,0.3654809389,0.25,0.4],[0.95008904,0.1557797238,0.5,0.2],[0.6696649833,0.0164940802,0.5,0.2],[0.7209508134,0.0329328018,0.25,0.4],[0.0249494549,0.4068539296,0.5,0.6],[0.2357905739,0.4893638342,0.75,0.8]],"var_noise":[]},"var_noise_value":[0.0],"n_burning":500,"same_correlation":true,"problem_name":"branin","data":{"evaluations":[738.6720146515,539.9640891426,703.9594382111,315.520841904,232.0622958606,227.5228974641,410.7768149652,1640.6410581157,4966.8577465777,804.7784617924,1930.9205731803,992.8521557156,85.2810272803,1987.8512399529,2202.5828464257,250.3547669254,22202.1787639722],"points":[[0.7824131674,0.6246089162,0.75,0.2],[0.8292120415,0.4365421868,0.25,0.6],[0.6162218638,0.5527852075,0.25,0.8],[0.920492645,0.7509439339,0.25,0.4],[0.7342533371,0.7587719666,0.25,0.2],[0.4285027772,0.3815773712,0.25,0.6],[0.3248917366,0.3654809389,0.25,0.4],[0.95008904,0.1557797238,0.5,0.2],[0.6696649833,0.0164940802,0.5,0.2],[0.7209508134,0.0329328018,0.25,0.4],[0.0249494549,0.4068539296,0.5,0.6],[0.2357905739,0.4893638342,0.75,0.8],[1.0,1.0,0.2500000232,0.2],[0.0,0.0,0.5000000266,0.8],[1.0,0.0,0.4988062842,0.2],[1.0,0.0,0.250002603,0.2],[0.0,1.0,0.4993666669,0.8]],"var_noise":[]},"start_point_sampler":[0.0,0.0,0.2243357282,0.5545683612,0.1465505936,0.5576736849],"name_model":"gp_fitting_gaussian","training_name":"default_training_data_12_points_rs_538"}