{"type_bounds":[0,0,1,1],"max_steps_out":1000,"dimensions":[4],"bounds_domain":[[0.0,1.0],[0.0,1.0],[0.25,0.5,0.75],[0.2,0.4,0.6,0.8]],"mean_value":[0.0],"samples_parameters":[[0.0,0.0,0.6677053328,0.284014711,0.2806733059,0.0947815254],[0.0,0.0,0.668693023,0.2839538836,0.2809589787,0.0947722726],[0.0,0.0,0.6667407721,0.2839977848,0.2808439126,0.0947992185],[0.0,0.0,0.6666224961,0.2841972622,0.2805645143,0.0948096418],[0.0,0.0,0.6684468427,0.2840110519,0.280985655,0.0947732581],[0.0,0.0,0.6679737185,0.284000717,0.2807131894,0.0947945034],[0.0,0.0,0.6683999676,0.2841452448,0.2806090775,0.09475549],[0.0,0.0,0.6682339238,0.2840264858,0.2807922213,0.0947743893],[0.0,0.0,0.6692384707,0.283963065,0.2808789074,0.0947678727],[0.0,0.0,0.6689813766,0.2839779409,0.2809963214,0.0947710154],[0.0,0.0,0.6673799948,0.2840409393,0.2807974592,0.0947936508],[0.0,0.0,0.9662601214,0.2839225455,0.2659286708,0.048343024],[0.0,0.0,0.2130466854,0.2963168611,0.2538398702,0.1137102666],[0.0,0.0,0.2140268033,0.2961946501,0.2543723114,0.113434856],[0.0,0.0,0.2140034809,0.2962996237,0.2544318795,0.1134844414],[0.0,0.0,0.214123676,0.2962222367,0.2547008418,0.1134070185],[0.0,0.0,0.2142253693,0.2961275871,0.2546491597,0.1133210099],[0.0,0.0,0.2139499758,0.2962337568,0.2545472509,0.113465498],[0.0,0.0,0.2141373513,0.2962493451,0.2544066258,0.11348752],[0.0,0.0,0.2141300872,0.2962056089,0.2546282292,0.1133525321],[0.0,0.0,0.2140825597,0.2961611236,0.2548128156,0.1134133251],[0.0,0.0,0.2132194768,0.3310762045,0.3519649791,0.1117287791],[0.0,0.0,0.220378828,0.3236478298,0.3054835319,0.10841951],[0.0,0.0,0.2203220726,0.3237565721,0.305473019,0.1084210938],[0.0,0.0,0.2203342841,0.3238149913,0.3054778753,0.1084677803],[0.0,0.0,0.2202970938,0.323924714,0.305430719,0.1084281772],[0.0,0.0,0.2202419294,0.3239010778,0.3053360077,0.1084743343],[0.0,0.0,0.220276881,0.3238684119,0.3056195826,0.1084314781],[0.0,0.0,0.2203184085,0.3238724519,0.3054639371,0.1084163077],[0.0,0.0,0.2202253319,0.3238289533,0.3055319218,0.1084413041],[0.0,0.0,0.2202992588,0.3238752107,0.3053464336,0.1084396467],[0.0,0.0,498.4161847268,0.3226223129,0.6734387184,0.048949035],[0.0,0.0,630.7028315391,0.0602766484,0.4929500127,0.1048061016],[0.0,0.0,827.5154813499,0.0603233791,0.4928905247,0.1048431362],[0.0,0.0,884.9990039567,0.0603370141,0.4928598253,0.1048192471],[0.0,0.0,596.3373585643,0.0603301107,0.4928994952,0.1048608313],[0.0,0.0,955.8773767538,0.0603452313,0.492867057,0.1048437964],[0.0,0.0,651.3014302845,0.0603382478,0.4929108058,0.1048549965],[0.0,0.0,855.1885121141,0.0603340772,0.4928600989,0.1048292922],[0.0,0.0,942.2046910565,0.0603314455,0.4928797671,0.1048254512],[0.0,0.0,344.2477928325,0.0603297021,0.4928764244,0.1048337115],[0.0,0.0,217.1508458387,0.0621588477,0.4928812626,0.1051488874],[0.0,0.0,720.7067325594,0.0612770836,0.4925505815,0.1051510612],[0.0,0.0,911.1315863087,0.0613041671,0.4925344671,0.1051385645],[0.0,0.0,950.1693292023,0.0612889436,0.4925444704,0.1051563623],[0.0,0.0,581.3498612996,0.0612879548,0.4925262978,0.1050980018],[0.0,0.0,992.1037490733,0.0612750842,0.4925258923,0.1051305414],[0.0,0.0,414.852179538,0.0612877558,0.4925012035,0.1051606333],[0.0,0.0,961.0548741594,0.0612895805,0.4925439282,0.1051368681],[0.0,0.0,840.0077394419,0.0612976934,0.4925081304,0.1051155501],[0.0,0.0,882.3100697525,0.0612676277,0.4925321089,0.1051214477],[0.0,0.0,975.0283103993,0.0590623902,0.4936044864,0.1049988778],[0.0,0.0,838.43392886,0.0594003317,0.4933743532,0.1050364723],[0.0,0.0,980.365405781,0.059394302,0.4933472517,0.1050289391],[0.0,0.0,986.505727081,0.0594066184,0.4933996282,0.1050652709],[0.0,0.0,947.5479170032,0.059397972,0.4933562958,0.1050123065],[0.0,0.0,985.3649176422,0.0593991859,0.4933577668,0.1050264004],[0.0,0.0,572.6961267216,0.0594012708,0.4933739569,0.1050545379],[0.0,0.0,527.3524258655,0.0594037934,0.4934040303,0.1049900543],[0.0,0.0,978.314599197,0.0594003331,0.4933687028,0.1050222474],[0.0,0.0,853.3506872709,0.0593980467,0.4933694614,0.1050270709],[0.0,0.0,877.4211351877,0.05939296,0.4933479664,0.1055148485],[0.0,0.0,940.3156760893,0.0593863419,0.4933012383,0.1062778129],[0.0,0.0,939.8858383431,0.0593813197,0.4932892094,0.1062811343],[0.0,0.0,812.052077292,0.0593871695,0.4932900991,0.1062707817],[0.0,0.0,882.8225486443,0.0593827796,0.4932832067,0.1062497746],[0.0,0.0,864.5872511037,0.0593892314,0.4933312152,0.1062598059],[0.0,0.0,807.4275775797,0.0593856173,0.4932877014,0.1062722854],[0.0,0.0,971.4926330349,0.0593853109,0.4933283533,0.1062569854],[0.0,0.0,975.4839652762,0.0593862091,0.4933160554,0.1062588608],[0.0,0.0,453.3249651377,0.0593811322,0.4932609843,0.1062511516],[0.0,0.0,897.1682622781,0.0596620116,0.4932688501,0.1071844657],[0.0,0.0,684.8745082303,0.0595345398,0.4933286389,0.1086197991],[0.0,0.0,816.1432295364,0.0595339027,0.4932951893,0.108594817],[0.0,0.0,864.3191628802,0.0595298496,0.4933026594,0.1085864954],[0.0,0.0,661.5887724542,0.0595299982,0.4932890508,0.1085784611],[0.0,0.0,993.7364522931,0.05953035,0.4932759946,0.1085949368],[0.0,0.0,999.5115560477,0.0595295712,0.4932726037,0.1086145658],[0.0,0.0,969.5213047319,0.0595321229,0.4932878307,0.1085976684],[0.0,0.0,865.3324429933,0.0595338591,0.4933066221,0.1085827445],[0.0,0.0,831.519658756,0.0595289016,0.4933335163,0.1086144806]],"thinning":10,"kernel_values":[0.8925427788,1.0815651358,0.6858710562,0.7115912209],"type_kernel":["Matern52"],"training_data":{"evaluations":[737.3920560564,682.512447822,568.0684412741,692.6662546994,621.1981380239,835.5659244879,2048.0543505233,278.8224973909,9792.6586157186,8371.7449756864,184.8769753227,20348.7282541882],"points":[[0.5206966144,0.0549544938,0.5,0.4],[0.9248344009,0.738233176,0.75,0.2],[0.9621008276,0.126007168,0.5,0.4],[0.6264878831,0.6013306914,0.25,0.6],[0.665715127,0.3456042373,0.25,0.8],[0.3465373909,0.3526249947,0.75,0.6],[0.543470441,0.6711138954,0.5,0.6],[0.3607131215,0.8231850832,0.25,0.2],[0.8057539558,0.0603559432,0.75,0.2],[0.0426988207,0.7430254711,0.25,0.4],[0.5395204929,0.22973133,0.5,0.6],[0.8773209395,0.9893560579,0.75,0.8]],"var_noise":[]},"var_noise_value":[0.0],"n_burning":500,"same_correlation":true,"problem_name":"branin","data":{"evaluations":[737.3920560564,682.512447822,568.0684412741,692.6662546994,621.1981380239,835.5659244879,2048.0543505233,278.8224973909,9792.6586157186,8371.7449756864,184.8769753227,20348.7282541882,4240.7598033186,2906.0866370091,34181.8477577414,1895.3698743557,6839.4153837592,2500.7076517198,1700.1461426649,29120.8049989232],"points":[[0.5206966144,0.0549544938,0.5,0.4],[0.9248344009,0.738233176,0.75,0.2],[0.9621008276,0.126007168,0.5,0.4],[0.6264878831,0.6013306914,0.25,0.6],[0.665715127,0.3456042373,0.25,0.8],[0.3465373909,0.3526249947,0.75,0.6],[0.543470441,0.6711138954,0.5,0.6],[0.3607131215,0.8231850832,0.25,0.2],[0.8057539558,0.0603559432,0.75,0.2],[0.0426988207,0.7430254711,0.25,0.4],[0.5395204929,0.22973133,0.5,0.6],[0.8773209395,0.9893560579,0.75,0.8],[1.0,0.0,0.6833491694,0.2569154721],[0.0,0.0,0.75,0.3158392925],[0.0,1.0,0.3249033301,0.8],[0.5682840969,0.4862051758,0.75,0.4499295092],[0.4061238201,0.9031576919,0.6331360948,0.7999714631],[0.8016710295,0.430909082,0.4928741166,0.8],[0.6755059768,0.5448732857,0.75,0.2631719995],[0.0,1.0,0.3937033729,0.7998701543]],"var_noise":[]},"start_point_sampler":[0.0,0.0,0.6677053328,0.284014711,0.2806733059,0.0947815254],"name_model":"gp_fitting_gaussian","training_name":"default_training_data_12_points_rs_541"}