{"type_bounds":[0,0,1,1],"max_steps_out":1000,"dimensions":[4],"bounds_domain":[[0.0,1.0],[0.0,1.0],[0.25,0.5,0.75],[0.2,0.4,0.6,0.8]],"mean_value":[0.0],"samples_parameters":[[0.0,0.0,0.5876440583,0.1927089687,183.4020329429,0.110576703],[0.0,0.0,0.5877849131,0.192681697,247.9536002355,0.1105941418],[0.0,0.0,0.5877081877,0.1926517962,209.6756173852,0.1105432471],[0.0,0.0,0.5880970815,0.1926425926,244.9827388247,0.1104567496],[0.0,0.0,0.5880606258,0.1927011174,236.9704684508,0.1105488521],[0.0,0.0,0.5880880869,0.1926397865,240.3135323076,0.1105757384],[0.0,0.0,0.5878609371,0.1926554676,227.4465107577,0.1105625894],[0.0,0.0,0.587866194,0.1926625076,225.4542241264,0.1104957282],[0.0,0.0,0.5880229278,0.192677869,229.4952411862,0.1105686836],[0.0,0.0,0.5881324435,0.1926743081,203.4657762064,0.1105105685],[0.0,0.0,0.5882757932,0.1926682431,233.4846302102,0.1106029632],[0.0,0.0,815.9688863289,0.2030166877,197.7956883814,0.0990955699],[0.0,0.0,2.0711570158,0.1884311571,131.9882444037,0.0847522611],[0.0,0.0,2.0949186693,0.1875218339,244.1269454745,0.0852224123],[0.0,0.0,2.0921221604,0.187536223,233.7101982644,0.0851959197],[0.0,0.0,2.09226785,0.1875296072,225.8356810765,0.0851361917],[0.0,0.0,2.0961971512,0.1875072498,139.7680221346,0.0852068496],[0.0,0.0,2.0923648241,0.187523734,148.0272560844,0.0852163034],[0.0,0.0,2.0917582246,0.1875611515,240.2618924261,0.0852119207],[0.0,0.0,2.094625653,0.1874991396,118.397059392,0.0851998378],[0.0,0.0,2.0934244394,0.1874770272,231.8764230823,0.085261214],[0.0,0.0,1.5609281503,0.1092526893,169.5454951224,0.088952985],[0.0,0.0,0.8994416101,0.3061293119,0.3522319259,0.1114116282],[0.0,0.0,0.900290946,0.2855561944,0.3538525874,0.1227450047],[0.0,0.0,0.9005362213,0.2855923852,0.3538617512,0.1229112192],[0.0,0.0,0.900670428,0.2855314543,0.3539653165,0.1227409268],[0.0,0.0,0.9004301278,0.2855695496,0.3538085958,0.123120605],[0.0,0.0,0.9006561518,0.2855774354,0.3538607879,0.1228336486],[0.0,0.0,0.9004422524,0.2855652344,0.3538380628,0.1227776222],[0.0,0.0,0.9006444206,0.2855368609,0.3538436252,0.1228324809],[0.0,0.0,0.9005531373,0.2855617592,0.3538553957,0.12284009],[0.0,0.0,0.4149879167,0.0399992235,0.0914256023,0.1295027754],[0.0,0.0,0.7681375803,0.0322171545,164.2012294171,0.1579609322],[0.0,0.0,0.7625241567,0.0322108992,245.6165985607,0.1580511642],[0.0,0.0,0.7625021546,0.0322141674,159.3981497045,0.1581045573],[0.0,0.0,0.7624804235,0.0322086141,169.910675043,0.1581334393],[0.0,0.0,0.7624921624,0.0322103208,153.6221166832,0.1580845283],[0.0,0.0,0.7625225021,0.0322092715,195.4433073138,0.1580857431],[0.0,0.0,0.7625032892,0.0322070566,226.1782500416,0.1580804556],[0.0,0.0,0.762542651,0.032212741,248.0817987118,0.1580711781],[0.0,0.0,0.7624763359,0.0322120332,195.2043228524,0.1580665707],[0.0,0.0,0.7667075644,0.0323595424,245.6524803587,0.1581098838],[0.0,0.0,0.7748024546,0.033084117,2.9076263269,0.1580744883],[0.0,0.0,0.7880944588,0.0329145542,1.7466211776,0.1580124829],[0.0,0.0,0.7926130767,0.0328340887,1.4915043574,0.1579613352],[0.0,0.0,0.8087317789,0.0326672438,1.2280366683,0.1578613153],[0.0,0.0,0.8194959721,0.0324939002,1.0537876026,0.1578609811],[0.0,0.0,0.8326228552,0.0324567683,0.9873670581,0.1578170067],[0.0,0.0,0.8505418885,0.0322351059,0.8619224322,0.1577195785],[0.0,0.0,0.8872998119,0.0319865015,0.764869021,0.1576103438],[0.0,0.0,0.9124666517,0.031798276,0.7008079253,0.1575049427],[0.0,0.0,0.9162939486,0.0320718357,0.699909538,0.1543286456],[0.0,0.0,1.0060846024,0.0315137088,0.5909817443,0.1556702808],[0.0,0.0,1.0434920964,0.0313679372,0.5643168158,0.1556571118],[0.0,0.0,1.088006466,0.0311827369,0.5380917959,0.1557074378],[0.0,0.0,1.191643399,0.0308590677,0.5001782221,0.1556732363],[0.0,0.0,1.3997418245,0.0304527598,0.4575553055,0.1556384652],[0.0,0.0,1.6798958224,0.0300465848,0.4308248022,0.1555919367],[0.0,0.0,2.219203381,0.029820492,0.4081434285,0.1555119871],[0.0,0.0,3.3845081878,0.0295769849,0.3911028107,0.1554136992],[0.0,0.0,949.6000170834,0.0294143654,0.3814381283,0.1553597695],[0.0,0.0,899.3484056485,0.0300712686,0.3819051081,0.1553744306],[0.0,0.0,815.1932329759,0.0299420398,0.3818690627,0.1553440908],[0.0,0.0,753.1846403997,0.0299456724,0.3818314543,0.1553300012],[0.0,0.0,555.2633710558,0.0299464767,0.3818336893,0.1553151503],[0.0,0.0,790.5103086269,0.0299447703,0.3818691912,0.1553307316],[0.0,0.0,850.6122981897,0.0299421854,0.3818312164,0.1553308719],[0.0,0.0,748.4141688081,0.0299432115,0.3818395544,0.1553572082],[0.0,0.0,968.0099435462,0.0299464472,0.3818122294,0.155322431],[0.0,0.0,546.2927178094,0.0299438189,0.3818504994,0.1553365454],[0.0,0.0,646.173717986,0.0299452932,0.3818431566,0.155374475]],"thinning":10,"kernel_values":[0.8114513718,0.9634087594,0.589420439,0.8058984911],"type_kernel":["Matern52"],"training_data":{"evaluations":[1704.0259786744,4753.985384502,21.2321759887,349.5941692498,44.1861354256,1035.2251188002,1816.1140434332,6871.6736607186,535.9857141894,1934.182266889,846.3807404541,8035.0109863227],"points":[[0.0821432102,0.3762024566,0.25,0.4],[0.7251973344,0.9408098213,0.25,0.8],[0.5097278357,0.5536185522,0.25,0.2],[0.8088169638,0.2740089498,0.25,0.4],[0.5934274901,0.6102332674,0.25,0.2],[0.26774489,0.3485956562,0.25,0.8],[0.6808686054,0.2967321425,0.5,0.2],[0.948015015,0.0530049614,0.75,0.2],[0.7022868915,0.7684567381,0.5,0.2],[0.3967779735,0.9806818801,0.25,0.4],[0.4412391025,0.4921275829,0.5,0.6],[0.4155318125,0.783283111,0.75,0.8]],"var_noise":[]},"var_noise_value":[0.0],"n_burning":500,"same_correlation":true,"problem_name":"branin","data":{"evaluations":[1704.0259786744,4753.985384502,21.2321759887,349.5941692498,44.1861354256,1035.2251188002,1816.1140434332,6871.6736607186,535.9857141894,1934.182266889,846.3807404541,8035.0109863227,6687.5200190127,14549.4463525625,40199.2005412939,4005.1485694727,3157.2221351249,3078.7136104786,233.6364003199],"points":[[0.0821432102,0.3762024566,0.25,0.4],[0.7251973344,0.9408098213,0.25,0.8],[0.5097278357,0.5536185522,0.25,0.2],[0.8088169638,0.2740089498,0.25,0.4],[0.5934274901,0.6102332674,0.25,0.2],[0.26774489,0.3485956562,0.25,0.8],[0.6808686054,0.2967321425,0.5,0.2],[0.948015015,0.0530049614,0.75,0.2],[0.7022868915,0.7684567381,0.5,0.2],[0.3967779735,0.9806818801,0.25,0.4],[0.4412391025,0.4921275829,0.5,0.6],[0.4155318125,0.783283111,0.75,0.8],[1.0,0.6694052694,0.75,0.8],[1.0,1.0,0.75,0.8],[0.0,1.0,0.25,0.8],[0.0,0.6218795121,0.75,0.8],[0.9767917144,0.2436510203,0.75,0.2],[1.0,0.0,0.5580674801,0.2],[0.1202719438,0.7985388281,0.75,0.8]],"var_noise":[]},"start_point_sampler":[0.0,0.0,0.5876440583,0.1927089687,183.4020329429,0.110576703],"name_model":"gp_fitting_gaussian","training_name":"default_training_data_12_points_rs_542"}