{"type_bounds":[0,0,1,1],"max_steps_out":1000,"dimensions":[4],"bounds_domain":[[0.0,1.0],[0.0,1.0],[0.25,0.5,0.75],[0.2,0.4,0.6,0.8]],"mean_value":[0.0],"samples_parameters":[[0.0,0.0,0.0861308698,0.4951012882,0.4964117188,0.4099532523],[0.0,0.0,0.0861260853,0.4951661059,0.4965434263,0.4098330164],[0.0,0.0,0.0861978915,0.4957494292,0.4959358586,0.4095890584],[0.0,0.0,0.0861956196,0.4953884023,0.4961367562,0.4097928565],[0.0,0.0,0.0861516817,0.4953435844,0.4959533416,0.4096170751],[0.0,0.0,0.0861883776,0.4953317757,0.4959322854,0.409910538],[0.0,0.0,0.0861838753,0.4951476268,0.4959224939,0.4098958545],[0.0,0.0,0.0860811451,0.4952943894,0.4967787359,0.4098344346],[0.0,0.0,0.0861169396,0.4942918969,0.4963659843,0.4104378528],[0.0,0.0,0.0861653377,0.4955620244,0.4962064875,0.4099739494],[0.0,0.0,0.0861732498,0.4951642766,0.4960932696,0.4096421337],[0.0,0.0,0.0831224934,0.3461385996,0.5002626512,0.4739198453],[0.0,0.0,0.0695281767,0.3655400593,0.652209999,0.4810098647],[0.0,0.0,0.0695539742,0.3658132445,0.6519782227,0.4806777603],[0.0,0.0,0.0694772826,0.3659277044,0.6530485317,0.4805307464],[0.0,0.0,0.0694687944,0.3660586582,0.6526545075,0.4805324556],[0.0,0.0,0.0695583344,0.3655979847,0.6522483074,0.4807755087],[0.0,0.0,0.0695032538,0.365830131,0.6521028252,0.4805622234],[0.0,0.0,0.0695411256,0.3659322313,0.6522015514,0.480610425],[0.0,0.0,0.0695230178,0.3661364714,0.6511372791,0.4805914712],[0.0,0.0,0.0694872282,0.3659130369,0.6526275189,0.4804525992],[0.0,0.0,0.466219196,0.3727340167,0.6529499713,0.3887991945],[0.0,0.0,0.4718486326,0.4926215138,0.3205104952,0.3209590547],[0.0,0.0,0.471827507,0.4926341234,0.3204990906,0.3208764406],[0.0,0.0,0.4717547385,0.4926219201,0.3204160211,0.3210262441],[0.0,0.0,0.4719372058,0.4923712624,0.3205497172,0.3209918966],[0.0,0.0,0.4718204893,0.4923807986,0.3204083893,0.3210126953],[0.0,0.0,0.4718437895,0.4923227028,0.3205603614,0.3209094634],[0.0,0.0,0.4717236351,0.4926334692,0.3204901456,0.3210046346],[0.0,0.0,0.4718711279,0.4927187089,0.3205793967,0.3210457326],[0.0,0.0,0.4716900421,0.4925175642,0.3204510322,0.3209995654],[0.0,0.0,0.6990703872,0.4501751309,0.3117885751,0.3009838689],[0.0,0.0,1.1923428,0.2889964362,0.2258864191,0.3037608262],[0.0,0.0,1.1915156881,0.2889483489,0.2259409907,0.3037296669],[0.0,0.0,1.1920920307,0.2889626692,0.2259674784,0.303800275],[0.0,0.0,1.1924243196,0.2888890941,0.2259121001,0.3037016269],[0.0,0.0,1.1919255564,0.2889688006,0.2259464017,0.303710083],[0.0,0.0,1.1921668631,0.2889077284,0.2259960905,0.3036736516],[0.0,0.0,1.1922358948,0.2889799274,0.2259110579,0.3036891019],[0.0,0.0,1.1920015809,0.2888886958,0.2259534217,0.3038111049],[0.0,0.0,1.1918102521,0.2889388855,0.2259845413,0.3037421702],[0.0,0.0,1.1916918629,0.2861474757,0.2247960671,0.2892772326],[0.0,0.0,1.0416745165,0.2893530133,0.220167268,0.2905579989],[0.0,0.0,1.0413239557,0.2894326052,0.2201218437,0.2904874386],[0.0,0.0,1.0411585972,0.2894139619,0.2201569708,0.2904893898],[0.0,0.0,1.0420053424,0.2893554442,0.2201396054,0.2904870741],[0.0,0.0,1.0410673052,0.2894458382,0.2201071252,0.2904989904],[0.0,0.0,1.0415586541,0.2893885396,0.2201527196,0.2905366806],[0.0,0.0,1.0413286654,0.2894370411,0.2201851454,0.2906066436],[0.0,0.0,1.0411290147,0.2894308724,0.2201526123,0.2905672109],[0.0,0.0,1.041424095,0.2893514951,0.2201368002,0.2904675097],[0.0,0.0,1.0411400813,0.2894966723,0.2201251657,0.2909678684],[0.0,0.0,1.0416746028,0.2894100537,0.2201647607,0.2904916734],[0.0,0.0,1.0411937173,0.2895470039,0.2201170706,0.2904809987],[0.0,0.0,1.0416938061,0.2894111491,0.2201579007,0.2904707298],[0.0,0.0,1.0414120675,0.2893833662,0.2201919891,0.2904649089],[0.0,0.0,1.0418608751,0.2894531715,0.2201792387,0.2905401409],[0.0,0.0,1.0416366331,0.2894158043,0.2201794571,0.2904276494],[0.0,0.0,1.0413008498,0.2894703674,0.2201311675,0.290514212],[0.0,0.0,1.0413086783,0.289502312,0.2200922023,0.2904836532],[0.0,0.0,1.0407699721,0.2894766632,0.2201887655,0.2905384866]],"thinning":10,"kernel_values":[1.0705655585,0.8464254771,0.5787037037,0.8316186557],"type_kernel":["Matern52"],"training_data":{"evaluations":[156.5822155383,392.3215249307,923.1439668329,1498.5551198448,2523.961204035,2504.7989710515,370.3027588742,31.4410033593,2105.4306384029,877.0861699426,763.6555465643,7587.3224354607],"points":[[0.0483700265,0.568703594,0.75,0.2],[0.3334706739,0.4132112189,0.5,0.4],[0.9216562983,0.9643209435,0.5,0.2],[0.4821345703,0.1404566539,0.5,0.2],[0.808233071,0.7234797323,0.25,0.8],[0.8307343265,0.8560101578,0.25,0.6],[0.249951626,0.338083496,0.5,0.2],[0.1380029098,0.3644379981,0.75,0.8],[0.8969902059,0.1732322591,0.5,0.2],[0.7111562125,0.6029780388,0.25,0.4],[0.3511864316,0.4759273379,0.5,0.6],[0.885757179,0.5980962666,0.75,0.8]],"var_noise":[]},"var_noise_value":[0.0],"n_burning":500,"same_correlation":true,"problem_name":"branin","data":{"evaluations":[156.5822155383,392.3215249307,923.1439668329,1498.5551198448,2523.961204035,2504.7989710515,370.3027588742,31.4410033593,2105.4306384029,877.0861699426,763.6555465643,7587.3224354607,5473.8988369884,5751.7988699923,9977.9230279128,7002.0489127734,9977.9230279128,8035.7194461178],"points":[[0.0483700265,0.568703594,0.75,0.2],[0.3334706739,0.4132112189,0.5,0.4],[0.9216562983,0.9643209435,0.5,0.2],[0.4821345703,0.1404566539,0.5,0.2],[0.808233071,0.7234797323,0.25,0.8],[0.8307343265,0.8560101578,0.25,0.6],[0.249951626,0.338083496,0.5,0.2],[0.1380029098,0.3644379981,0.75,0.8],[0.8969902059,0.1732322591,0.5,0.2],[0.7111562125,0.6029780388,0.25,0.4],[0.3511864316,0.4759273379,0.5,0.6],[0.885757179,0.5980962666,0.75,0.8],[0.4157320846,1.0,0.5239008234,0.8],[1.0,1.0,0.5951171673,0.5182357134],[0.0,1.0,0.75,0.8],[1.0,0.0,0.75,0.2],[0.0,1.0,0.75,0.8],[0.0,0.0,0.5978563447,0.2]],"var_noise":[]},"start_point_sampler":[0.0,0.0,0.0861308698,0.4951012882,0.4964117188,0.4099532523],"name_model":"gp_fitting_gaussian","training_name":"default_training_data_12_points_rs_549"}