{"type_bounds":[0,0,1,1],"max_steps_out":1000,"dimensions":[4],"bounds_domain":[[0.0,1.0],[0.0,1.0],[0.25,0.5,0.75],[0.2,0.4,0.6,0.8]],"mean_value":[0.0],"samples_parameters":[[0.0,0.0,0.4555637759,0.4263442599,0.2457881923,0.0982456212],[0.0,0.0,0.4572485397,0.4261035769,0.2459645388,0.09817663],[0.0,0.0,0.4560644962,0.4269030792,0.245844434,0.098289917],[0.0,0.0,0.4573467691,0.4262683945,0.246182753,0.0983163714],[0.0,0.0,0.4568050527,0.4264916553,0.2463639752,0.0982440002],[0.0,0.0,0.4572644355,0.4271017612,0.2458341928,0.0982100526],[0.0,0.0,0.4563301674,0.4261889767,0.2461263625,0.0982147475],[0.0,0.0,0.4564987143,0.4263140779,0.2459866442,0.0982784843],[0.0,0.0,0.4569432718,0.4261694951,0.2457431496,0.0981623828],[0.0,0.0,0.4567014062,0.4266291139,0.2464292194,0.0981174448],[0.0,0.0,0.4563842496,0.4259369298,0.2463775852,0.0982541662],[0.0,0.0,0.2209983857,0.3304930343,0.2284774177,0.0984971971],[0.0,0.0,0.2991864148,0.3983305767,0.2793407033,0.0987593078],[0.0,0.0,0.4680341024,0.4262075824,0.1867115398,0.0003313849],[0.0,0.0,0.4672592516,0.4258439418,0.1863448576,0.0003305056],[0.0,0.0,0.467871418,0.4264590595,0.1864165147,0.0003282362],[0.0,0.0,0.4674336451,0.4260817042,0.1866697568,0.0003298528],[0.0,0.0,0.4683675898,0.4262266146,0.1873725806,0.0003300128],[0.0,0.0,0.4679505579,0.4258601681,0.1871992693,0.0003312852],[0.0,0.0,0.4675452105,0.4255041491,0.1871957578,0.0003303427],[0.0,0.0,0.4680058898,0.4258743644,0.1873621411,0.0003309331],[0.0,0.0,0.4673188974,0.4260671405,0.1871353934,0.0003304637],[0.0,0.0,0.468069204,0.4261111213,0.1862725169,0.0003306182],[0.0,0.0,0.4671973286,0.4259857452,0.1869945678,0.0003282094],[0.0,0.0,0.4681651406,0.4261874568,0.1861142997,0.0003317317],[0.0,0.0,0.4672951952,0.4261055365,0.1865355397,0.0003307747],[0.0,0.0,0.4671810221,0.4262184548,0.1867835824,0.0003289943],[0.0,0.0,0.4675389677,0.4259738294,0.1858520101,0.0003332503],[0.0,0.0,0.467277301,0.426219698,0.1875915731,0.0003314385],[0.0,0.0,0.4676147574,0.4271645282,0.1866982137,0.0003315354],[0.0,0.0,0.4676637614,0.4266953329,0.1872299658,0.0003292019],[0.0,0.0,0.4675790436,0.4256023643,0.1864326134,0.0003302359],[0.0,0.0,0.467374634,0.4265190916,0.1870084436,0.0003311788],[0.0,0.0,0.4676517394,0.4265110568,0.1866432258,0.0003301033],[0.0,0.0,0.4673570079,0.4257603622,0.1871688587,0.0003310465],[0.0,0.0,0.4669187418,0.4264355257,0.1860597147,0.0003323735],[0.0,0.0,0.4665387032,0.4261952151,0.1871024053,0.0003317315],[0.0,0.0,0.4679620722,0.4254647671,0.1857345736,0.0003303997],[0.0,0.0,0.4682061872,0.4251515429,0.186542518,0.0003285601],[0.0,0.0,0.4677297542,0.4255540432,0.1863558824,0.0003309456],[0.0,0.0,0.4677062955,0.4255186176,0.1860774913,0.0003302333],[0.0,0.0,0.4646951098,0.425580964,0.1863191933,0.0003169745],[0.0,0.0,0.4673233586,0.4268175055,0.1877665667,0.0003152153],[0.0,0.0,0.4674190707,0.425775549,0.1866769035,0.0003154301],[0.0,0.0,0.4679932841,0.4262708215,0.1872568295,0.0003159662],[0.0,0.0,0.4675162382,0.4260808704,0.1874981036,0.0003153768],[0.0,0.0,0.4667738532,0.4258359422,0.1874732919,0.0003159272],[0.0,0.0,0.4675070653,0.4267713997,0.1863387931,0.0003164671],[0.0,0.0,0.4671441085,0.4269470468,0.1871846241,0.0003153296],[0.0,0.0,0.4670475308,0.425781672,0.1861068597,0.0003159367],[0.0,0.0,0.4680126241,0.4263888794,0.186367628,0.0003155044],[0.0,0.0,0.3699656092,0.3726306095,0.186607293,0.0003284801],[0.0,0.0,0.3477112772,0.0648484889,0.3238453752,89.6112056932],[0.0,0.0,0.3732383534,0.0670773507,0.2874371046,194.3866299365],[0.0,0.0,0.3731435601,0.0670569846,0.2875686706,137.1696331496],[0.0,0.0,0.3730682108,0.0670501934,0.287408547,137.34208849],[0.0,0.0,0.3731279169,0.067013145,0.2874141547,156.589239154],[0.0,0.0,0.3731706796,0.0670479324,0.2873408988,172.0165491905],[0.0,0.0,0.3731479662,0.0670398583,0.2873924203,167.3866672194],[0.0,0.0,0.3731507428,0.0670332607,0.2876323786,129.1783378294],[0.0,0.0,0.3731346207,0.0670394482,0.2874703484,101.7753929735],[0.0,0.0,0.3777585635,0.0661109596,0.2927853169,112.9436237232],[0.0,0.0,0.3761823727,0.0666240045,0.2917491243,148.7319087895],[0.0,0.0,0.3761121168,0.0666836567,0.2917585109,159.7240165064],[0.0,0.0,0.3762208676,0.0666443668,0.291590243,192.4782863368],[0.0,0.0,0.3762366084,0.0666411015,0.291591121,156.9340420259],[0.0,0.0,0.3761410961,0.0666492677,0.2918700559,196.024831526],[0.0,0.0,0.3762091862,0.0666334075,0.2917015664,158.4555813248],[0.0,0.0,0.3760935094,0.0666474992,0.2917106912,149.9078934115],[0.0,0.0,0.3762811527,0.0666225711,0.2917145381,183.9130094876],[0.0,0.0,0.3762392254,0.0666695822,0.2915369718,154.3850741007]],"thinning":10,"kernel_values":[0.9519632567,0.9541853139,0.718021262,0.5658436214],"type_kernel":["Matern52"],"training_data":{"evaluations":[741.0578888772,1147.2082930568,462.9066127846,330.0119121063,1597.0529085697,263.8150788392,1848.0831602659,68.8794620439,462.8577526886,593.7789852616,88.7601141196,74.7705079857],"points":[[0.7558730476,0.0651858342,0.25,0.4],[0.2508782797,0.6002723626,0.25,0.4],[0.7058377852,0.0877711302,0.75,0.6],[0.3776704235,0.2064396583,0.25,0.4],[0.7229006424,0.5265738972,0.25,0.8],[0.6070137493,0.4515062827,0.25,0.6],[0.6757419613,0.883448416,0.25,0.4],[0.1319685138,0.7879994013,0.75,0.4],[0.9729299281,0.6193035401,0.75,0.2],[0.2221723697,0.3678094282,0.25,0.4],[0.330948405,0.0727851808,0.5,0.6],[0.104871872,0.1889539268,0.75,0.8]],"var_noise":[]},"var_noise_value":[0.0],"n_burning":500,"same_correlation":true,"problem_name":"branin","data":{"evaluations":[741.0578888772,1147.2082930568,462.9066127846,330.0119121063,1597.0529085697,263.8150788392,1848.0831602659,68.8794620439,462.8577526886,593.7789852616,88.7601141196,74.7705079857,88.9394332345,35.2583869415,3787.2761005379,312.1729465473,26912.9253825713,1808.5784470801,14549.4463525625],"points":[[0.7558730476,0.0651858342,0.25,0.4],[0.2508782797,0.6002723626,0.25,0.4],[0.7058377852,0.0877711302,0.75,0.6],[0.3776704235,0.2064396583,0.25,0.4],[0.7229006424,0.5265738972,0.25,0.8],[0.6070137493,0.4515062827,0.25,0.6],[0.6757419613,0.883448416,0.25,0.4],[0.1319685138,0.7879994013,0.75,0.4],[0.9729299281,0.6193035401,0.75,0.2],[0.2221723697,0.3678094282,0.25,0.4],[0.330948405,0.0727851808,0.5,0.6],[0.104871872,0.1889539268,0.75,0.8],[1.0,0.0,0.25,0.4007259083],[1.0,0.0,0.2925721269,0.5075192636],[1.0,1.0,0.7494864868,0.2402121967],[1.0,1.0,0.25,0.400537098],[0.0,1.0,0.2924766996,0.5075192884],[1.0,1.0,0.4356757645,0.4026333127],[1.0,1.0,0.75,0.8]],"var_noise":[]},"start_point_sampler":[0.0,0.0,0.4555637759,0.4263442599,0.2457881923,0.0982456212],"name_model":"gp_fitting_gaussian","training_name":"default_training_data_12_points_rs_509"}