{"type_bounds":[0,0,1,1],"max_steps_out":1000,"dimensions":[4],"bounds_domain":[[0.0,1.0],[0.0,1.0],[0.25,0.5,0.75],[0.2,0.4,0.6,0.8]],"mean_value":[0.0],"samples_parameters":[[0.0,0.0,0.846748184,0.015344782,232.2467037889,190.8989819574],[0.0,0.0,0.845532542,0.0153437355,208.4326261385,181.9523825592],[0.0,0.0,0.8454698168,0.0153362548,178.775469228,199.2369959605],[0.0,0.0,0.8457005548,0.0153427228,228.34402777,192.6603728967],[0.0,0.0,0.8472264102,0.0153329916,233.3653571722,194.5341143716],[0.0,0.0,0.8461837935,0.0153408098,244.0498286722,187.0477939345],[0.0,0.0,0.8469511426,0.0153402723,213.1602178488,168.054006805],[0.0,0.0,0.8450041605,0.0153389506,228.8502620476,194.2260954067],[0.0,0.0,0.8450580377,0.0153402187,182.5369304766,185.4327380041],[0.0,0.0,0.8468004131,0.0153419061,247.2433179349,183.9092490257],[0.0,0.0,0.846381543,0.0153363606,193.6228734095,195.2446308645],[0.0,0.0,0.8467310398,0.0153380111,191.038851682,177.0489114224],[0.0,0.0,0.8463993625,0.0153407477,246.1500410176,199.1209981908],[0.0,0.0,0.845937591,0.0153436402,214.8174922345,169.4260538718],[0.0,0.0,0.8445112816,0.0153411372,231.3047720588,174.5154877756],[0.0,0.0,0.8457402085,0.0153340983,203.4146933154,167.6025352382],[0.0,0.0,0.847353129,0.0153467755,202.6871331989,184.7968759011],[0.0,0.0,0.8450634586,0.0153405731,221.9013115277,188.2490072227],[0.0,0.0,0.84612936,0.0153392546,243.3271956545,174.9448476515],[0.0,0.0,0.8466190801,0.0153439844,177.107696184,192.4793382653],[0.0,0.0,0.8467228833,0.0153389114,242.8396318839,195.7758667918],[0.0,0.0,0.846131615,0.015339466,212.5290534678,199.0674025877],[0.0,0.0,0.8460587616,0.0153384494,193.3686651859,180.2270859791],[0.0,0.0,0.845892381,0.0153507067,222.5013897091,198.2198972313],[0.0,0.0,0.8452764963,0.0153475262,223.5244100184,195.5800936451],[0.0,0.0,0.8449060042,0.0153505928,205.5758675648,174.477133738],[0.0,0.0,0.8464248247,0.0153399341,224.9424255847,175.4279543573],[0.0,0.0,0.8463791646,0.0153400978,190.9661571202,189.0777545426],[0.0,0.0,0.8450515349,0.0153371134,228.7215188857,173.572193416],[0.0,0.0,0.8451726661,0.0153382916,178.9465528257,185.9418415663],[0.0,0.0,0.8462714785,0.0153443434,222.5002181044,139.8031340945]],"thinning":10,"kernel_values":[0.7962969775,0.9195400118,0.6001371742,0.7458847737],"type_kernel":["Matern52"],"training_data":{"evaluations":[128.7367839626,999.9154501929,976.5017876451,133.7839568365,535.7349607552,30.8364283558,2063.2508015509,2142.9059333357,7688.4294536079,48.8252476886,3207.7631489931,105.9234747408],"points":[[0.25617883,0.2681820821,0.5,0.6],[0.9077919263,0.5465732149,0.5,0.4],[0.380280573,0.4038043028,0.5,0.8],[0.5194768539,0.5956721499,0.25,0.6],[0.3809542263,0.5478698679,0.25,0.4],[0.5233280183,0.8257435961,0.25,0.2],[0.7065627076,0.0767227919,0.75,0.8],[0.7327548103,0.6147825532,0.25,0.8],[0.0777615628,0.107497003,0.25,0.2],[0.5260614,0.1404673902,0.25,0.4],[0.3715234066,0.8785198825,0.5,0.6],[0.1824614971,0.2226714198,0.75,0.8]],"var_noise":[]},"var_noise_value":[0.0],"n_burning":500,"same_correlation":true,"problem_name":"branin","data":{"evaluations":[128.7367839626,999.9154501929,976.5017876451,133.7839568365,535.7349607552,30.8364283558,2063.2508015509,2142.9059333357,7688.4294536079,48.8252476886,3207.7631489931,105.9234747408,920.3943063743,2654.1796205931,1087.7653167597],"points":[[0.25617883,0.2681820821,0.5,0.6],[0.9077919263,0.5465732149,0.5,0.4],[0.380280573,0.4038043028,0.5,0.8],[0.5194768539,0.5956721499,0.25,0.6],[0.3809542263,0.5478698679,0.25,0.4],[0.5233280183,0.8257435961,0.25,0.2],[0.7065627076,0.0767227919,0.75,0.8],[0.7327548103,0.6147825532,0.25,0.8],[0.0777615628,0.107497003,0.25,0.2],[0.5260614,0.1404673902,0.25,0.4],[0.3715234066,0.8785198825,0.5,0.6],[0.1824614971,0.2226714198,0.75,0.8],[0.1750644886,1.0,0.6157069053,0.6467999972],[0.096056732,0.7202579129,0.524507407,0.5990016904],[1.0,0.0,0.455273018,0.2980678747]],"var_noise":[]},"start_point_sampler":[0.0,0.0,0.846748184,0.015344782,232.2467037889,190.8989819574],"name_model":"gp_fitting_gaussian","training_name":"default_training_data_12_points_rs_522"}