{"type_bounds":[0,0,1,1],"max_steps_out":1000,"dimensions":[4],"bounds_domain":[[0.0,1.0],[0.0,1.0],[0.25,0.5,0.75],[0.2,0.4,0.6,0.8]],"mean_value":[0.0],"samples_parameters":[[0.0,0.0,0.7216735573,0.0710775361,0.4296268305,0.1945912085],[0.0,0.0,0.7218780143,0.0710774416,0.4299120253,0.1945997727],[0.0,0.0,0.7222693338,0.0710830024,0.4295802452,0.1946419176],[0.0,0.0,0.7218831362,0.0710605135,0.4297096366,0.1946077208],[0.0,0.0,0.7213117454,0.0710770615,0.4299436627,0.1945765462],[0.0,0.0,0.7218666544,0.0710791946,0.429732585,0.1945008839],[0.0,0.0,0.7218490276,0.0710767011,0.4295459356,0.1945340263],[0.0,0.0,0.7218455504,0.0710631268,0.4297902932,0.1946231452],[0.0,0.0,0.7215797762,0.0710706625,0.429856602,0.1946724717],[0.0,0.0,0.722295198,0.0710721502,0.4294069787,0.1945733992],[0.0,0.0,0.7220501497,0.0710583449,0.429814456,0.1947481813],[0.0,0.0,0.803314334,0.0703054372,0.4105506988,0.1450939905],[0.0,0.0,0.7522953729,0.0709224983,0.4028090546,0.164621925],[0.0,0.0,0.752724048,0.070922476,0.4029287902,0.1645024374],[0.0,0.0,0.7523310185,0.0709152328,0.4027925469,0.1645664869],[0.0,0.0,0.7518972774,0.0709171771,0.402781166,0.1645874094],[0.0,0.0,0.7519584841,0.0709362899,0.4029176551,0.1645547892],[0.0,0.0,0.7525030338,0.0709273015,0.4027496942,0.1645419122],[0.0,0.0,0.7518753831,0.0709459593,0.4029736347,0.1645942827],[0.0,0.0,0.7522861854,0.0709313622,0.4026102946,0.164641693],[0.0,0.0,0.7524176413,0.0709297286,0.4029445182,0.1644814754],[0.0,0.0,0.7410802059,0.0705571849,0.4069453097,0.1647056093],[0.0,0.0,0.706580322,0.0699324079,0.4251532547,0.1661143801],[0.0,0.0,0.7069059332,0.0699425058,0.4249702662,0.1660153082],[0.0,0.0,0.7062298329,0.069933361,0.4250908665,0.1660695102],[0.0,0.0,0.7064243817,0.0699419023,0.4250651359,0.1661174588],[0.0,0.0,0.7064989418,0.0699482529,0.4249428096,0.1661141368],[0.0,0.0,0.7068793852,0.0699501041,0.4250841696,0.1660936556],[0.0,0.0,0.7063749782,0.0699423816,0.4251450229,0.166124393],[0.0,0.0,0.7065460657,0.0699329022,0.4248759517,0.1660885242],[0.0,0.0,0.706353632,0.069940582,0.4253035577,0.1661072789],[0.0,0.0,0.7205771714,0.0718086033,0.438215394,0.1660650678],[0.0,0.0,0.730169829,0.0714950666,0.4345198679,0.165358205],[0.0,0.0,0.7301526399,0.0715107382,0.4345513173,0.1653297923],[0.0,0.0,0.7303171302,0.0715320165,0.4342862291,0.1653236412],[0.0,0.0,0.729876266,0.0715216115,0.4346691835,0.1652742001],[0.0,0.0,0.7298236765,0.0715203761,0.4344855909,0.1654015817],[0.0,0.0,0.72998904,0.0715036913,0.4345214723,0.1653066563],[0.0,0.0,0.7298715732,0.071504324,0.4345372443,0.1653660881],[0.0,0.0,0.7303632629,0.071506061,0.434381276,0.1653519702],[0.0,0.0,0.7298523088,0.0714990275,0.4345468655,0.1653837234],[0.0,0.0,0.5598594315,0.0606951599,0.4671571211,0.1454330751],[0.0,0.0,0.8390139723,0.0685697364,0.4171165575,0.0159611464],[0.0,0.0,0.833793398,0.0686541312,0.418152259,0.0158632163],[0.0,0.0,0.8339290338,0.0686490882,0.4180069856,0.0158642567],[0.0,0.0,0.8338194535,0.0686560616,0.4180086669,0.0158551331],[0.0,0.0,0.8335948352,0.068649811,0.4182663931,0.015859763],[0.0,0.0,0.8340271712,0.0686274818,0.4180453352,0.01587601],[0.0,0.0,0.8337938211,0.068637206,0.4181843639,0.0158680808],[0.0,0.0,0.8331508893,0.0686807292,0.4182482944,0.0158542035],[0.0,0.0,0.8340465324,0.0686470787,0.4179635305,0.0158733423],[0.0,0.0,0.8334986379,0.06862803,0.418137591,0.0158535941],[0.0,0.0,0.832825586,0.0686205378,0.4183398744,0.0158516344],[0.0,0.0,0.8322943954,0.0686243998,0.4184007412,0.015858959],[0.0,0.0,0.8324198751,0.0686195666,0.4178885305,0.0158632847],[0.0,0.0,0.8323132891,0.068631414,0.4180748713,0.0158592504],[0.0,0.0,0.8320569954,0.0686147125,0.4183612796,0.0158669557],[0.0,0.0,0.8328758064,0.0686305759,0.4180332633,0.0158675617],[0.0,0.0,0.8323833494,0.0686021489,0.4183471956,0.0158581919],[0.0,0.0,0.8328519818,0.0686256051,0.4182898561,0.0158505983],[0.0,0.0,0.8317154118,0.0686562979,0.4186675534,0.0158625833],[0.0,0.0,0.8317034654,0.0686369426,0.4184981689,0.0158667614],[0.0,0.0,0.8326361513,0.0686550352,0.4183954783,0.0158684885],[0.0,0.0,0.8319478623,0.0686408914,0.418512023,0.0158645944],[0.0,0.0,0.8326407913,0.0686499413,0.4184525706,0.0158652769],[0.0,0.0,0.8324476728,0.0686718121,0.4185540715,0.0158622124],[0.0,0.0,0.8320892509,0.0686506802,0.4183542489,0.0158456923],[0.0,0.0,0.832531306,0.0686467886,0.4183254502,0.0158685429],[0.0,0.0,0.8329065518,0.0686336516,0.4182604203,0.0158587132],[0.0,0.0,0.8329260814,0.0686730725,0.4182757504,0.0158554352],[0.0,0.0,0.8328047801,0.0686451677,0.4181581806,0.0158731942],[0.0,0.0,0.0316303584,0.0236757996,0.2825211326,0.1223834297],[0.0,0.0,0.1425381734,0.2662410174,0.4510427559,0.254433027],[0.0,0.0,0.1426559331,0.2662175862,0.4497562593,0.254972421],[0.0,0.0,0.1426288822,0.2663601128,0.4494663034,0.2549832912],[0.0,0.0,0.142619387,0.2662941514,0.4499068384,0.2549467484],[0.0,0.0,0.142598723,0.2664000679,0.4494568948,0.2549455756],[0.0,0.0,0.1426384394,0.2662640308,0.4500138251,0.254891992],[0.0,0.0,0.1426728486,0.2662499039,0.4494576742,0.2550526246],[0.0,0.0,0.1425873005,0.2663047367,0.4497981809,0.2549616659],[0.0,0.0,0.1426245689,0.2663466772,0.4500578134,0.2549355462],[0.0,0.0,0.1433575801,0.2657828494,0.4430677905,0.2529351096],[0.0,0.0,0.1438034028,0.2619183746,0.445395217,0.2549498429],[0.0,0.0,0.1438023127,0.2619830227,0.4452309898,0.2549857974],[0.0,0.0,0.1437962678,0.262038286,0.4454809818,0.2549290968],[0.0,0.0,0.1438296748,0.2618915804,0.4455413363,0.2549155483],[0.0,0.0,0.1437865894,0.2619674912,0.4452668671,0.2549652915],[0.0,0.0,0.1438279998,0.2619681578,0.4451581421,0.2549717011],[0.0,0.0,0.1438444179,0.2619289003,0.4450966169,0.2550026522],[0.0,0.0,0.1437966727,0.2620474715,0.4448700888,0.2550414955],[0.0,0.0,0.1438167503,0.2619738871,0.4454569564,0.2549288234],[0.0,0.0,0.1439386316,0.2625249125,0.4466296212,0.2548881784],[0.0,0.0,0.1441335006,0.2629775905,0.4460252824,0.2545307755],[0.0,0.0,0.1441247907,0.2629705349,0.4463387363,0.2545876183],[0.0,0.0,0.1441072606,0.2630624963,0.4458233498,0.2546558121],[0.0,0.0,0.1440980191,0.2629262468,0.4461556164,0.2545459135],[0.0,0.0,0.144152175,0.2629777785,0.445889386,0.2546099359],[0.0,0.0,0.1441600722,0.2629128951,0.4460749916,0.2545637274],[0.0,0.0,0.1441062387,0.2629345432,0.4457315357,0.2546726738],[0.0,0.0,0.1441076548,0.2629537979,0.4460665081,0.2545590953],[0.0,0.0,0.1441189897,0.2629329843,0.4462237504,0.2545342014],[0.0,0.0,0.1614962647,0.2916073088,0.4448528258,0.2390907225],[0.0,0.0,0.1662231772,0.3541505621,0.2863705632,0.2684256353],[0.0,0.0,0.1666901103,0.3547965365,0.2851530767,0.2688561902],[0.0,0.0,0.1666826477,0.3546822254,0.2852393442,0.2689121153],[0.0,0.0,0.1667035288,0.3546743392,0.2852472905,0.2688958161],[0.0,0.0,0.1666461811,0.354672174,0.2852699217,0.2688487414],[0.0,0.0,0.1666917833,0.3545998174,0.2852750127,0.2689023732],[0.0,0.0,0.1666613268,0.3545169659,0.2853156087,0.2689460346],[0.0,0.0,0.1666862095,0.3546282362,0.2852635068,0.2689708373],[0.0,0.0,0.1666474919,0.3546442703,0.2852743416,0.2689432493],[0.0,0.0,0.1580526299,0.3928922744,0.2981200832,0.2629628665],[0.0,0.0,0.1380803017,0.3544119239,0.3651282175,0.2480650289],[0.0,0.0,0.1381922895,0.3545131992,0.3641899983,0.2479830634],[0.0,0.0,0.1381502218,0.3545893443,0.3641962549,0.2479628948],[0.0,0.0,0.1381870157,0.3544507034,0.364203606,0.2479895705],[0.0,0.0,0.1381665023,0.3545742829,0.3641690446,0.2480486523],[0.0,0.0,0.1382180773,0.3546648891,0.3641050393,0.2480033573],[0.0,0.0,0.138186892,0.354589833,0.364163358,0.2479741785],[0.0,0.0,0.1381691422,0.3546791604,0.3642923319,0.2479311946],[0.0,0.0,0.1381998815,0.3546391025,0.3642471227,0.2479585634],[0.0,0.0,0.1474476548,0.4732101257,0.3359867495,0.2488683994],[0.0,0.0,0.1545947633,0.4341184453,0.2940195786,0.2612579274],[0.0,0.0,0.1545451401,0.4342256233,0.2939657706,0.2612658951],[0.0,0.0,0.1545559044,0.4342352632,0.2940255092,0.2612708233],[0.0,0.0,0.1545590627,0.4342123588,0.2939321277,0.261206209],[0.0,0.0,0.1546003152,0.4341418547,0.2939631855,0.2612482459],