{"type_bounds":[0,0,1,1],"max_steps_out":1000,"dimensions":[4],"bounds_domain":[[0.0,1.0],[0.0,1.0],[0.25,0.5,0.75],[0.2,0.4,0.6,0.8]],"mean_value":[0.0],"samples_parameters":[[0.0,0.0,868.8062703709,0.0776031201,249.6915993246,0.1027305651],[0.0,0.0,876.5004338704,0.0776119141,249.801971307,0.1027268589],[0.0,0.0,874.3526470185,0.0776063234,248.2068187849,0.1027585986],[0.0,0.0,845.7890673871,0.0776068127,247.736463759,0.1027570769],[0.0,0.0,914.8550713065,0.0776135228,248.1245881068,0.1027378242],[0.0,0.0,668.2851082125,0.0776125448,248.4403586189,0.1027438898],[0.0,0.0,965.1595192898,0.0776057874,243.7451348676,0.1027151246],[0.0,0.0,842.256623292,0.0776077972,245.4054949804,0.1027756913],[0.0,0.0,949.5508624723,0.077608368,240.289414291,0.1026953114],[0.0,0.0,796.5915153035,0.0776079997,247.3518901716,0.1027101641],[0.0,0.0,750.7133045243,0.0776028819,247.9725275523,0.102727147],[0.0,0.0,607.2145343077,0.0741619087,115.8618439508,0.1029184494],[0.0,0.0,1.075244048,0.0773171394,249.9068911183,0.0989771907],[0.0,0.0,1.0552717989,0.0786888495,247.1451501761,0.0985213523],[0.0,0.0,1.0551776706,0.0786802742,246.6739813668,0.0985041222],[0.0,0.0,1.0555678354,0.07868146,247.9975773138,0.0985161656],[0.0,0.0,1.0553075635,0.0786809214,248.9078893724,0.0985135856],[0.0,0.0,1.0551524054,0.0786807126,248.837968148,0.0985198577],[0.0,0.0,1.0553691542,0.0786813522,248.2455384148,0.0984964511],[0.0,0.0,1.0550445371,0.0786897488,245.4440622537,0.0985151466],[0.0,0.0,1.0551904366,0.0786913969,248.5527620053,0.0985437416],[0.0,0.0,1.4321474516,0.0526253783,93.6542060294,0.0992855445],[0.0,0.0,2.2155335937,0.0632746903,249.105764767,0.1021847266],[0.0,0.0,1.0274873592,0.0745895537,247.7710790468,0.0006270512],[0.0,0.0,1.0359225169,0.0784998146,248.9787322681,0.0007670265],[0.0,0.0,1.0358686937,0.078500138,239.1123371569,0.0007677645],[0.0,0.0,1.035596861,0.0784997728,249.7743509572,0.0007679618],[0.0,0.0,1.0358092241,0.0785034825,246.6417908813,0.0007682306],[0.0,0.0,1.0359711277,0.078506333,248.2150239657,0.0007679023],[0.0,0.0,1.0361584162,0.0785046629,242.6514026714,0.0007665737],[0.0,0.0,1.0359298154,0.0784988435,249.6764768874,0.0007689352],[0.0,0.0,1.0359170109,0.0785006918,242.6015099213,0.0007672497],[0.0,0.0,1.0363248098,0.0785080921,249.0106028003,0.000769059],[0.0,0.0,1.0360605765,0.078511712,248.2331346517,0.0007673267],[0.0,0.0,1.0361279403,0.0784975035,247.8489873911,0.0007668138],[0.0,0.0,1.0358481252,0.0784907304,245.4670621578,0.0007668119],[0.0,0.0,1.0358846761,0.078504079,239.5582920631,0.0007666887],[0.0,0.0,1.0360850537,0.0785034074,249.3758720531,0.0007663715],[0.0,0.0,1.0360936582,0.0784916222,248.9573760022,0.0007676367],[0.0,0.0,1.0360083555,0.0784916281,244.2776408252,0.0007676239],[0.0,0.0,1.0357843145,0.0784999892,249.5094431297,0.000767667],[0.0,0.0,1.0360654975,0.0785153503,249.7864190434,0.0007671598],[0.0,0.0,1.0358745668,0.0785076348,249.6887770153,0.0007677512],[0.0,0.0,1.0359241531,0.0784996371,248.7181054378,0.0007679993],[0.0,0.0,1.03574492,0.0784936401,249.3565338867,0.0007676068],[0.0,0.0,1.0362827772,0.0785030199,248.401365964,0.0007673471],[0.0,0.0,1.0356886393,0.0785010044,249.1025081909,0.0007680836],[0.0,0.0,1.0362511509,0.0784877556,248.5273792908,0.0007681371],[0.0,0.0,1.0359059608,0.078500145,249.6061812916,0.0007678292],[0.0,0.0,1.0359197243,0.0784967844,248.5997624984,0.0007670145],[0.0,0.0,1.0363925602,0.0784916518,245.6035420692,0.0007663314]],"thinning":10,"kernel_values":[0.9787573164,0.6945368633,0.718021262,0.7030178326],"type_kernel":["Matern52"],"training_data":{"evaluations":[542.7736983507,78.6361673807,358.4422188313,1484.4855300678,810.6262311833,2237.3868139767,10416.7497390006,9679.9730824105,379.2312961415,5105.7622069772,3176.7795279843,3683.3201587658],"points":[[0.3975088883,0.7632984995,0.75,0.2],[0.4977537744,0.4125034668,0.25,0.6],[0.6902866966,0.6026923498,0.5,0.2],[0.2013770711,0.9734019536,0.75,0.6],[0.1817714304,0.9075327877,0.75,0.8],[0.1919468706,0.7038711368,0.25,0.4],[0.5151795442,0.8848340285,0.75,0.6],[0.1109958803,0.8285322738,0.25,0.6],[0.2937261661,0.3900557287,0.5,0.2],[0.0084054475,0.5408855631,0.25,0.4],[0.8526363434,0.6442023028,0.5,0.6],[0.9164966698,0.4076091539,0.75,0.8]],"var_noise":[]},"var_noise_value":[0.0],"n_burning":500,"same_correlation":true,"problem_name":"branin","data":{"evaluations":[542.7736983507,78.6361673807,358.4422188313,1484.4855300678,810.6262311833,2237.3868139767,10416.7497390006,9679.9730824105,379.2312961415,5105.7622069772,3176.7795279843,3683.3201587658,9343.8994256595,292.0913897782,46.6557516772,541.222141164,9451.5646985749],"points":[[0.3975088883,0.7632984995,0.75,0.2],[0.4977537744,0.4125034668,0.25,0.6],[0.6902866966,0.6026923498,0.5,0.2],[0.2013770711,0.9734019536,0.75,0.6],[0.1817714304,0.9075327877,0.75,0.8],[0.1919468706,0.7038711368,0.25,0.4],[0.5151795442,0.8848340285,0.75,0.6],[0.1109958803,0.8285322738,0.25,0.6],[0.2937261661,0.3900557287,0.5,0.2],[0.0084054475,0.5408855631,0.25,0.4],[0.8526363434,0.6442023028,0.5,0.6],[0.9164966698,0.4076091539,0.75,0.8],[0.0,0.457515613,0.2605959206,0.8],[1.0,0.3778605537,0.3613022766,0.7980982408],[1.0,0.0,0.25,0.8],[1.0,0.3292325498,0.5300886894,0.3380831771],[0.6195079473,1.0,0.5221455846,0.6939188415]],"var_noise":[]},"start_point_sampler":[0.0,0.0,868.8062703709,0.0776031201,249.6915993246,0.1027305651],"name_model":"gp_fitting_gaussian","training_name":"default_training_data_12_points_rs_537"}