{"type_bounds":[0,0,1,1],"max_steps_out":1000,"dimensions":[4],"bounds_domain":[[0.0,1.0],[0.0,1.0],[0.25,0.5,0.75],[0.2,0.4,0.6,0.8]],"mean_value":[0.0],"samples_parameters":[[0.0,0.0,0.7408404188,0.3376403212,0.310614531,0.5452764434],[0.0,0.0,0.7409791504,0.3377734794,0.3107166876,0.5452195107],[0.0,0.0,0.7406830099,0.3376409543,0.3106553496,0.545565988],[0.0,0.0,0.7406588155,0.3376691545,0.3106948976,0.545404571],[0.0,0.0,0.7412905256,0.3376875165,0.3106469552,0.5452913859],[0.0,0.0,0.7409602832,0.3375883789,0.3107410493,0.5452567893],[0.0,0.0,0.7409142994,0.337758901,0.3106246199,0.5452855363],[0.0,0.0,0.7408446286,0.3377632224,0.3106711129,0.5453802969],[0.0,0.0,0.7408456392,0.3377208719,0.3107365189,0.5451550035],[0.0,0.0,0.7410636366,0.3376862322,0.3105776509,0.545270552],[0.0,0.0,0.7409646894,0.3376563791,0.3107244934,0.5453062481],[0.0,0.0,1.2284810674,0.3179469309,0.2813434104,0.6237553119],[0.0,0.0,0.9470519591,0.3329781546,0.2993211928,0.6567932432],[0.0,0.0,0.9469023394,0.3330717283,0.2993259756,0.6570001461],[0.0,0.0,0.946303698,0.3330372775,0.2993220198,0.6570750956],[0.0,0.0,0.9468814293,0.3330108948,0.2992855706,0.6570065173],[0.0,0.0,0.9471879915,0.3330411494,0.2992832915,0.6569737869],[0.0,0.0,0.9473725251,0.3330121092,0.2994148037,0.6569393321],[0.0,0.0,0.9473888125,0.3329988941,0.299327499,0.6568045477],[0.0,0.0,0.9467642375,0.3330184868,0.2993826395,0.6569538982],[0.0,0.0,0.9474203824,0.3329527756,0.2993319892,0.6567861725],[0.0,0.0,1.2892719152,0.3515010884,0.2923611309,0.4168681023],[0.0,0.0,1.4672848244,0.3316706561,0.2677979861,0.3608457641],[0.0,0.0,1.4674632431,0.331744392,0.2678123513,0.360820155],[0.0,0.0,1.4675598883,0.331591075,0.2678059656,0.3607918243],[0.0,0.0,1.4673870441,0.3318248973,0.267753986,0.3608169033],[0.0,0.0,1.467089891,0.3317259759,0.2677962254,0.3608597766],[0.0,0.0,1.4673527652,0.3316447328,0.2677298056,0.3608320342],[0.0,0.0,1.4671644604,0.3316404645,0.2677298347,0.3607945218],[0.0,0.0,1.4682139116,0.3317308454,0.2677525214,0.360767805],[0.0,0.0,1.467043185,0.3317636451,0.267777367,0.3608116354],[0.0,0.0,1.5086498121,0.3278833564,0.266796604,0.3605681334],[0.0,0.0,1.5050685457,0.3231785999,0.266979797,0.3593152697],[0.0,0.0,1.5050797863,0.3231687775,0.2669944935,0.3592471346],[0.0,0.0,1.5056234791,0.3230920066,0.2670173685,0.3592921847],[0.0,0.0,1.5054567741,0.3231094523,0.2669729169,0.3592683398],[0.0,0.0,1.5056857474,0.3231694062,0.2670649669,0.3592733829],[0.0,0.0,1.5048140985,0.3230693371,0.26697416,0.3593028598],[0.0,0.0,1.5054307271,0.3230562569,0.2669673864,0.3592996686],[0.0,0.0,1.5053526332,0.3231212256,0.2669700225,0.3593251745],[0.0,0.0,1.5049355347,0.3230212601,0.2669107153,0.3593323918],[0.0,0.0,1.2299726854,0.3258039407,0.2662510547,0.3432120288],[0.0,0.0,1.2272153666,0.3258011335,0.2659117656,0.3564901781],[0.0,0.0,1.227037248,0.3258887731,0.2658452548,0.3563944377],[0.0,0.0,1.2275157047,0.3258403194,0.2658966532,0.3564838362],[0.0,0.0,1.227480262,0.325823053,0.2659075726,0.3564481578],[0.0,0.0,1.2272995004,0.3257874966,0.265896679,0.3564294018],[0.0,0.0,1.2271291427,0.3258561674,0.2659130554,0.3565329441],[0.0,0.0,1.2271672347,0.3258934705,0.2659715847,0.356506737],[0.0,0.0,1.2273965035,0.3258620904,0.2659728341,0.3564627785],[0.0,0.0,1.2270870111,0.3258665575,0.2659910987,0.3564585839],[0.0,0.0,1.227658361,0.3258024579,0.2659512932,0.3564791005],[0.0,0.0,1.2275060914,0.3257612897,0.265953466,0.3564761783],[0.0,0.0,1.2276657606,0.3257958376,0.2660284915,0.3564673953],[0.0,0.0,1.2277408973,0.3258076673,0.2659821604,0.3564694157],[0.0,0.0,1.2271956173,0.3258315614,0.26597365,0.3565129552],[0.0,0.0,1.2274434756,0.3258678422,0.2659712353,0.356467461],[0.0,0.0,1.2276003063,0.3257523969,0.2659310723,0.3564687777],[0.0,0.0,1.2272996089,0.3258422924,0.2658750737,0.3564260942],[0.0,0.0,1.2277957576,0.3258010927,0.2659768629,0.3564250608],[0.0,0.0,1.2276630521,0.3258539056,0.2659728852,0.3564296951],[0.0,0.0,1.3804880881,0.313435162,0.2594527144,0.353014565],[0.0,0.0,1.7081157712,0.3099488729,0.2608014347,0.3078541688],[0.0,0.0,1.7094595184,0.3098564706,0.2608562235,0.3078920174],[0.0,0.0,1.7087725858,0.3100031262,0.2608090164,0.3078966417],[0.0,0.0,1.7092390039,0.3098535197,0.2608814558,0.3079005991],[0.0,0.0,1.7093701585,0.3098389039,0.2607911724,0.307899442],[0.0,0.0,1.7092188812,0.3099228224,0.2608240037,0.3078941811],[0.0,0.0,1.7092029185,0.3099615797,0.2608222184,0.3079215935],[0.0,0.0,1.7092831975,0.3098927155,0.2608031665,0.3078776394],[0.0,0.0,1.7091634478,0.3098838093,0.2607847259,0.3078640335],[0.0,0.0,1.7089180635,0.3099678177,0.260798538,0.3078799547],[0.0,0.0,1.7087321065,0.3099176078,0.2608134284,0.3078977342],[0.0,0.0,1.7092118482,0.309946998,0.2608235803,0.3078736437],[0.0,0.0,1.7086813242,0.3098958587,0.2608035937,0.3078686318],[0.0,0.0,1.7091590258,0.3098915137,0.2608230053,0.3078243405],[0.0,0.0,1.7090203536,0.309842988,0.2607865487,0.3078159516],[0.0,0.0,1.7094698512,0.309867963,0.2608288402,0.3079453291],[0.0,0.0,1.7094847974,0.3098324904,0.2608292676,0.3079018512],[0.0,0.0,1.7089215695,0.3098562549,0.2608122829,0.3078762251],[0.0,0.0,1.7090839968,0.3098155722,0.2607934259,0.30783518],[0.0,0.0,1.6970841322,0.3115613163,0.2546537446,0.3073218645],[0.0,0.0,1.6666639342,0.3139117342,0.2562080702,0.3076173655],[0.0,0.0,1.6667216269,0.3139947089,0.2562062835,0.3076226137],[0.0,0.0,1.666938539,0.3139974941,0.2562360264,0.3076265325],[0.0,0.0,1.6674585457,0.3140605558,0.2562454554,0.307578565],[0.0,0.0,1.6660105564,0.3141119986,0.2562316513,0.3076633616],[0.0,0.0,1.6666622982,0.31410752,0.2561957153,0.3076136911],[0.0,0.0,1.6662724389,0.3140779464,0.2561692326,0.3076191534],[0.0,0.0,1.6665228095,0.3141021773,0.2561732776,0.3076237604],[0.0,0.0,1.6665727058,0.3141155424,0.2562635797,0.307638136],[0.0,0.0,1.6668294983,0.3140765385,0.2562609239,0.3076392363],[0.0,0.0,1.6668717417,0.3141082414,0.2562581169,0.307610281],[0.0,0.0,1.6664786323,0.3140588549,0.2562299663,0.3076385778],[0.0,0.0,1.6667540071,0.3141219361,0.2562268006,0.3076149139],[0.0,0.0,1.6664545908,0.3140599747,0.2561721571,0.307617923],[0.0,0.0,1.6665101094,0.3140939096,0.256243013,0.3076125962],[0.0,0.0,1.6665577513,0.314069933,0.2562684838,0.3075816773],[0.0,0.0,1.6667449277,0.3140753406,0.2562105084,0.3076422931],[0.0,0.0,1.6666029219,0.3140576124,0.25622706,0.3075956942],[0.0,0.0,1.6668895684,0.314124297,0.2561420277,0.3076149603],[0.0,0.0,1.6665148731,0.314045415,0.2562270465,0.3076044952],[0.0,0.0,1.6664581404,0.3140887193,0.2562547109,0.3076027823],[0.0,0.0,1.6669711032,0.3140512631,0.2561708748,0.3076218393],[0.0,0.0,1.6656949042,0.3140461126,0.2562023353,0.3076276627],[0.0,0.0,1.6674091258,0.3139891457,0.2562198529,0.3075834588],[0.0,0.0,1.6676209901,0.3140999372,0.2562357765,0.3075732081],[0.0,0.0,1.6677680131,0.314084362,0.2562521041,0.3076129122],[0.0,0.0,1.6669924212,0.3140490506,0.2562662761,0.3075870121],[0.0,0.0,1.6670942362,0.3140489087,0.2561504438,0.3076250845],[0.0,0.0,1.66677247,0.3140967612,0.2561738057,0.307589023],[0.0,0.0,1.5530206963,0.3153917465,0.2402200605,0.3081113213],[0.0,0.0,1.4866547337,0.3274300444,0.2446507143,0.3093038797],[0.0,0.0,1.4866300113,0.3274185758,0.2445968051,0.3093500507],[0.0,0.0,1.4870904242,0.3273835652,0.2445407491,0.3093585071],[0.0,0.0,1.4864033595,0.327383054,0.2445883774,0.3093763538],[0.0,0.0,1.4867452055,0.3273907445,0.2446516555,0.3094007831],[0.0,0.0,1.4866084195,0.3274364609,0.2445997756,0.309368692],[0.0,0.0,1.4861826215,0.3273892108,0.2445759354,0.3093874858],[0.0,0.0,1.4865464224,0.3274390134,0.2445610211,0.3093516661],[0.0,0.0,1.4864777605,0.3274229726,0.2446416022,0.3093506814],[0.0,0.0,1.4788360075,0.3190758339,0.2449020828,0.3254769308],[0.0,0.0,1.2073022061,0.3313351356,0.2470190622,0.3156851009],[0.0,0.0,1.2072037795,0.3312629768,0.2470014603,0.3156844849],[0.0,0.0,1.2070318368,0.3312982933,0.2470119514,0.315661757],[0.0,0.0,1.2069165183,0.3313866955,0.2470711179,0.3157027968],[0.0,0.0,1.2071675642,0.3313997603,0.2470161434,0.3156672046],[0.0,