{"type_bounds":[0,0,1,1],"max_steps_out":1000,"dimensions":[4],"bounds_domain":[[0.0,1.0],[0.0,1.0],[0.25,0.5,0.75],[0.2,0.4,0.6,0.8]],"mean_value":[0.0],"samples_parameters":[[0.0,0.0,0.6677053328,0.284014711,0.2806733059,0.0947815254],[0.0,0.0,0.668693023,0.2839538836,0.2809589787,0.0947722726],[0.0,0.0,0.6667407721,0.2839977848,0.2808439126,0.0947992185],[0.0,0.0,0.6666224961,0.2841972622,0.2805645143,0.0948096418],[0.0,0.0,0.6684468427,0.2840110519,0.280985655,0.0947732581],[0.0,0.0,0.6679737185,0.284000717,0.2807131894,0.0947945034],[0.0,0.0,0.6683999676,0.2841452448,0.2806090775,0.09475549],[0.0,0.0,0.6682339238,0.2840264858,0.2807922213,0.0947743893],[0.0,0.0,0.6692384707,0.283963065,0.2808789074,0.0947678727],[0.0,0.0,0.6689813766,0.2839779409,0.2809963214,0.0947710154],[0.0,0.0,0.6673799948,0.2840409393,0.2807974592,0.0947936508],[0.0,0.0,0.9662601214,0.2839225455,0.2659286708,0.048343024],[0.0,0.0,0.2130466854,0.2963168611,0.2538398702,0.1137102666],[0.0,0.0,0.2140268033,0.2961946501,0.2543723114,0.113434856],[0.0,0.0,0.2140034809,0.2962996237,0.2544318795,0.1134844414],[0.0,0.0,0.214123676,0.2962222367,0.2547008418,0.1134070185],[0.0,0.0,0.2142253693,0.2961275871,0.2546491597,0.1133210099],[0.0,0.0,0.2139499758,0.2962337568,0.2545472509,0.113465498],[0.0,0.0,0.2141373513,0.2962493451,0.2544066258,0.11348752],[0.0,0.0,0.2141300872,0.2962056089,0.2546282292,0.1133525321],[0.0,0.0,0.2140825597,0.2961611236,0.2548128156,0.1134133251],[0.0,0.0,0.2132194768,0.3310762045,0.3519649791,0.1117287791],[0.0,0.0,0.220378828,0.3236478298,0.3054835319,0.10841951],[0.0,0.0,0.2203220726,0.3237565721,0.305473019,0.1084210938],[0.0,0.0,0.2203342841,0.3238149913,0.3054778753,0.1084677803],[0.0,0.0,0.2202970938,0.323924714,0.305430719,0.1084281772],[0.0,0.0,0.2202419294,0.3239010778,0.3053360077,0.1084743343],[0.0,0.0,0.220276881,0.3238684119,0.3056195826,0.1084314781],[0.0,0.0,0.2203184085,0.3238724519,0.3054639371,0.1084163077],[0.0,0.0,0.2202253319,0.3238289533,0.3055319218,0.1084413041],[0.0,0.0,0.2202992588,0.3238752107,0.3053464336,0.1084396467],[0.0,0.0,498.4161847268,0.3226223129,0.6734387184,0.048949035],[0.0,0.0,630.7028315391,0.0602766484,0.4929500127,0.1048061016],[0.0,0.0,827.5154813499,0.0603233791,0.4928905247,0.1048431362],[0.0,0.0,884.9990039567,0.0603370141,0.4928598253,0.1048192471],[0.0,0.0,596.3373585643,0.0603301107,0.4928994952,0.1048608313],[0.0,0.0,955.8773767538,0.0603452313,0.492867057,0.1048437964],[0.0,0.0,651.3014302845,0.0603382478,0.4929108058,0.1048549965],[0.0,0.0,855.1885121141,0.0603340772,0.4928600989,0.1048292922],[0.0,0.0,942.2046910565,0.0603314455,0.4928797671,0.1048254512],[0.0,0.0,344.2477928325,0.0603297021,0.4928764244,0.1048337115],[0.0,0.0,217.1508458387,0.0621588477,0.4928812626,0.1051488874],[0.0,0.0,720.7067325594,0.0612770836,0.4925505815,0.1051510612],[0.0,0.0,911.1315863087,0.0613041671,0.4925344671,0.1051385645],[0.0,0.0,950.1693292023,0.0612889436,0.4925444704,0.1051563623],[0.0,0.0,581.3498612996,0.0612879548,0.4925262978,0.1050980018],[0.0,0.0,992.1037490733,0.0612750842,0.4925258923,0.1051305414],[0.0,0.0,414.852179538,0.0612877558,0.4925012035,0.1051606333],[0.0,0.0,961.0548741594,0.0612895805,0.4925439282,0.1051368681],[0.0,0.0,840.0077394419,0.0612976934,0.4925081304,0.1051155501],[0.0,0.0,882.3100697525,0.0612676277,0.4925321089,0.1051214477]],"thinning":10,"kernel_values":[0.8925427788,1.0815651358,0.6858710562,0.7115912209],"type_kernel":["Matern52"],"training_data":{"evaluations":[737.3920560564,682.512447822,568.0684412741,692.6662546994,621.1981380239,835.5659244879,2048.0543505233,278.8224973909,9792.6586157186,8371.7449756864,184.8769753227,20348.7282541882],"points":[[0.5206966144,0.0549544938,0.5,0.4],[0.9248344009,0.738233176,0.75,0.2],[0.9621008276,0.126007168,0.5,0.4],[0.6264878831,0.6013306914,0.25,0.6],[0.665715127,0.3456042373,0.25,0.8],[0.3465373909,0.3526249947,0.75,0.6],[0.543470441,0.6711138954,0.5,0.6],[0.3607131215,0.8231850832,0.25,0.2],[0.8057539558,0.0603559432,0.75,0.2],[0.0426988207,0.7430254711,0.25,0.4],[0.5395204929,0.22973133,0.5,0.6],[0.8773209395,0.9893560579,0.75,0.8]],"var_noise":[]},"var_noise_value":[0.0],"n_burning":500,"same_correlation":true,"problem_name":"branin","data":{"evaluations":[737.3920560564,682.512447822,568.0684412741,692.6662546994,621.1981380239,835.5659244879,2048.0543505233,278.8224973909,9792.6586157186,8371.7449756864,184.8769753227,20348.7282541882,4240.7598033186,2906.0866370091,34181.8477577414,1895.3698743557,6839.4153837592],"points":[[0.5206966144,0.0549544938,0.5,0.4],[0.9248344009,0.738233176,0.75,0.2],[0.9621008276,0.126007168,0.5,0.4],[0.6264878831,0.6013306914,0.25,0.6],[0.665715127,0.3456042373,0.25,0.8],[0.3465373909,0.3526249947,0.75,0.6],[0.543470441,0.6711138954,0.5,0.6],[0.3607131215,0.8231850832,0.25,0.2],[0.8057539558,0.0603559432,0.75,0.2],[0.0426988207,0.7430254711,0.25,0.4],[0.5395204929,0.22973133,0.5,0.6],[0.8773209395,0.9893560579,0.75,0.8],[1.0,0.0,0.6833491694,0.2569154721],[0.0,0.0,0.75,0.3158392925],[0.0,1.0,0.3249033301,0.8],[0.5682840969,0.4862051758,0.75,0.4499295092],[0.4061238201,0.9031576919,0.6331360948,0.7999714631]],"var_noise":[]},"start_point_sampler":[0.0,0.0,0.6677053328,0.284014711,0.2806733059,0.0947815254],"name_model":"gp_fitting_gaussian","training_name":"default_training_data_12_points_rs_541"}