{"type_bounds":[0,0,1,1],"max_steps_out":1000,"dimensions":[4],"bounds_domain":[[0.0,1.0],[0.0,1.0],[0.25,0.5,0.75],[0.2,0.4,0.6,0.8]],"mean_value":[0.0],"samples_parameters":[[0.0,0.0,0.3333935068,0.0818770344,0.10976728,107.391048823],[0.0,0.0,0.3334514752,0.0818943667,0.1098126438,92.7434146663],[0.0,0.0,0.333177723,0.0818811347,0.1097107524,112.0937654051],[0.0,0.0,0.3326510096,0.0818988897,0.1097350412,69.5522872803],[0.0,0.0,0.3327515334,0.0819090998,0.1099663651,134.8465268457],[0.0,0.0,0.3330180469,0.0820117737,0.1098100868,66.3851788618],[0.0,0.0,0.3331147252,0.0819585774,0.1097871453,158.581393252],[0.0,0.0,0.3326098733,0.0818908028,0.1098294916,94.5387495659],[0.0,0.0,0.3332364577,0.0820022,0.1098302456,82.3950338645],[0.0,0.0,0.3328749439,0.0819424279,0.1098369435,90.5600277671],[0.0,0.0,0.3328006922,0.0818994223,0.1098397414,173.8278898586],[0.0,0.0,0.3357998145,0.081789982,0.1093183324,63.5167033209],[0.0,0.0,0.3354788418,0.0817696151,0.1095265485,105.8787409364],[0.0,0.0,0.3359138567,0.0817348616,0.1095291166,122.8099153781],[0.0,0.0,0.3362370767,0.0817930767,0.109468509,148.7308218717],[0.0,0.0,0.3359352966,0.0817364342,0.1095684936,192.1945603374],[0.0,0.0,0.3361614724,0.0817805461,0.1094769148,185.0917255635],[0.0,0.0,0.335863584,0.0818415262,0.1095132629,71.6182823971],[0.0,0.0,0.3359683428,0.0817328948,0.109638908,78.6249623832],[0.0,0.0,0.3361041624,0.0817793942,0.1095180051,159.4349987305],[0.0,0.0,0.3363474296,0.0817405347,0.1095016625,102.6761478298],[0.0,0.0,0.1771681043,0.0710481679,0.1600638928,42.8604482999],[0.0,0.0,0.0937210808,0.3042903366,0.1107937562,2.6961770503],[0.0,0.0,0.0942221341,0.3193485402,0.1106062238,1.093420318],[0.0,0.0,0.0940921847,0.3394367097,0.1105155629,0.7923740494],[0.0,0.0,0.0943584726,0.357162464,0.1103838663,0.6880710246],[0.0,0.0,0.0943439665,0.3868594718,0.1099965656,0.6018941618],[0.0,0.0,0.0943999831,0.4028738607,0.1096391127,0.5717672438],[0.0,0.0,0.0943983619,0.4096638361,0.1098888704,0.5597398827],[0.0,0.0,0.0944208351,0.4164778434,0.1096213514,0.5478844126],[0.0,0.0,0.0944766757,0.4187770934,0.1096394006,0.545364426],[0.0,0.0,0.0967048224,675.9167548477,0.1035461864,0.3768468538],[0.0,0.0,0.1078499704,296.6423126029,0.1042689107,0.3550179825],[0.0,0.0,0.1080904794,767.8888225394,0.1041145226,0.3547068561],[0.0,0.0,0.1078888013,819.7062651243,0.1042031382,0.354998012],[0.0,0.0,0.1079346127,664.2568471108,0.104189677,0.3549674826],[0.0,0.0,0.1078325219,804.9701728499,0.1043268646,0.3550422677],[0.0,0.0,0.1079786496,798.9825111873,0.1043604025,0.3547086689],[0.0,0.0,0.107983401,893.8969384317,0.1042027339,0.3548699263],[0.0,0.0,0.1080081439,963.613271669,0.104303272,0.3548542842],[0.0,0.0,0.1078689474,559.5789788393,0.1042013281,0.3548083267],[0.0,0.0,0.0793497692,339.445667258,0.0554611895,0.3640680798],[0.0,0.0,0.1089183581,752.5740021986,0.0055513288,0.3557502517],[0.0,0.0,0.1088448974,758.8439909606,0.0055530186,0.3555400118],[0.0,0.0,0.1089383453,419.4812034664,0.0055516897,0.3559327138],[0.0,0.0,0.1088263747,699.679783821,0.0055540235,0.3560821879],[0.0,0.0,0.108864099,822.1354980264,0.0055515255,0.3557073324],[0.0,0.0,0.1089389714,965.5639276321,0.0055533159,0.3556189672],[0.0,0.0,0.1089924145,742.6223607746,0.0055522834,0.3556128049],[0.0,0.0,0.1088347068,304.6589756574,0.0055517176,0.3556289234],[0.0,0.0,0.1088400538,443.2286091945,0.0055501716,0.3557186829],[0.0,0.0,0.1089227823,339.1977435192,0.0003842938,0.3557413308],[0.0,0.0,0.1088556762,748.9755612829,0.000222103,0.3557196827],[0.0,0.0,0.1088540101,558.0431037523,0.0002220687,0.3558533049],[0.0,0.0,0.1088443853,492.88757329,0.0002220932,0.3559073141],[0.0,0.0,0.1088284903,805.0537978597,0.0002220696,0.3556864263],[0.0,0.0,0.1088638374,448.4446987676,0.000222078,0.3558116138],[0.0,0.0,0.1088881238,556.8837947417,0.0002221172,0.3557116801],[0.0,0.0,0.108942663,921.7005489663,0.0002221214,0.3555975632],[0.0,0.0,0.1088989529,863.8768576633,0.0002220892,0.3555749754],[0.0,0.0,0.1088143317,874.1046476095,0.0002220911,0.3558449744],[0.0,0.0,0.108846025,564.8394147389,0.0002220832,0.3555899698],[0.0,0.0,0.1088294823,954.2275420171,0.0002220912,0.3557891788],[0.0,0.0,0.1089885364,680.4825258885,0.0002221051,0.3557079604],[0.0,0.0,0.1089168048,964.6173562932,0.0002220827,0.3559389783],[0.0,0.0,0.108831013,409.9719212774,0.0002220748,0.3556864736],[0.0,0.0,0.1088975521,914.9647154108,0.0002221017,0.3557938339],[0.0,0.0,0.1088456854,947.7700182034,0.0002221215,0.3555832873],[0.0,0.0,0.1088781835,924.6508086168,0.0002220871,0.3557600247],[0.0,0.0,0.1088979222,308.9172054896,0.0002221174,0.35597659],[0.0,0.0,0.1088296809,427.1815174785,0.0002220783,0.3556088485],[0.0,0.0,0.1088121001,808.6064571456,0.0002220822,0.3560645293],[0.0,0.0,0.1089556471,317.6020120553,0.0002220936,0.3555533573],[0.0,0.0,0.1088049112,994.7471812387,0.0002221117,0.3559395628],[0.0,0.0,0.1088369222,493.1220905211,0.0002220968,0.3555355605],[0.0,0.0,0.1088240323,860.8788970752,0.0002221046,0.3557155971],[0.0,0.0,0.1088586204,535.648635135,0.0002220796,0.3555970987],[0.0,0.0,0.1088490518,765.0399676683,0.000222082,0.3557496156],[0.0,0.0,0.1087350753,773.959030761,0.0002220926,0.3558503591],[0.0,0.0,0.1089314581,551.831838427,0.0002220781,0.3558594555],[0.0,0.0,0.108845924,444.5695335199,0.0002221092,0.3555663235],[0.0,0.0,0.1088872948,541.8835231942,0.0002220827,0.3560677869],[0.0,0.0,0.1089957206,612.435948901,0.0002220604,0.3556770232],[0.0,0.0,0.108865205,894.3896207023,0.000222092,0.355712571],[0.0,0.0,0.108909909,499.8999254759,0.0002220896,0.3556875247],[0.0,0.0,0.1089121884,559.6363721789,0.0002220971,0.3557875271],[0.0,0.0,0.1087722999,796.8351467111,0.000222098,0.3557805334],[0.0,0.0,0.1089335442,718.6707727119,0.0002220848,0.3557895316],[0.0,0.0,0.1087914387,332.6771927929,0.0002220569,0.3559172279],[0.0,0.0,0.1089010174,622.9933459869,0.0002221049,0.3556315581],[0.0,0.0,0.1088074095,601.679715781,0.0002221094,0.3558449514],[0.0,0.0,0.1088454613,514.4658123936,0.0002221008,0.3557496079],[0.0,0.0,0.1089236379,377.1837848346,0.0002221107,0.355571321],[0.0,0.0,0.1088382948,720.8471777701,0.0002220803,0.3557198936],[0.0,0.0,0.1088693112,678.3089062878,0.0002221001,0.3557243582],[0.0,0.0,0.1088886302,559.9083911161,0.0002220842,0.3556623908],[0.0,0.0,0.1088518735,399.8544878306,0.0002221033,0.3560212986],[0.0,0.0,0.1088371721,567.3217739122,0.000222094,0.3557421193],[0.0,0.0,0.1087878735,651.7670301772,0.0002221051,0.3561031097],[0.0,0.0,0.1089407704,805.8084164152,0.0002220878,0.355751228],[0.0,0.0,0.1089021383,866.8441887109,0.0002221241,0.3559392425],[0.0,0.0,0.0150098297,36.2067531316,0.0002175129,0.2508489025],[0.0,0.0,0.114952615,296.8412057261,0.0002220889,0.0568874474],[0.0,0.0,0.1149855231,460.3481166958,0.0002221109,0.0569002748],[0.0,0.0,0.1150294242,424.1642276006,0.0002220971,0.0569057814],[0.0,0.0,0.1151177394,245.9488660318,0.0002220875,0.0569082247],[0.0,0.0,0.1149712374,726.3278241426,0.000222101,0.0568836198],[0.0,0.0,0.1149902603,556.6035225587,0.0002220889,0.0569200707],[0.0,0.0,0.1150968298,985.9489645459,0.0002221094,0.056910502],[0.0,0.0,0.1151756472,311.1984494624,0.000222072,0.0568964371],[0.0,0.0,0.1149988836,107.554616764,0.0002221065,0.0568782174],[0.0,0.0,0.1149239028,243.9777630821,0.0002220775,0.0568790682],[0.0,0.0,0.1148731033,912.9587193573,0.000222093,0.0569038594],[0.0,0.0,0.1151997729,830.8505946656,0.0002220692,0.056897531],[0.0,0.0,0.1149267255,692.6970980744,0.0002220451,0.0569157347],[0.0,0.0,0.1151337921,912.592982939,0.00022209,0.0568989226],[0.0,0.0,0.1151078307,227.1639730632,0.0002220877,0.0568784697],[0.0,0.0,0.1150747296,466.259973284,0.0002220952,0.0568894505],[0.0,0.0,0.1150139221,845.7251376587,0.0002220782,0.0568916757],[0.0,0.0,0.1150232622,126.0985683498,0.0002220878,0.0568999627],[0.0,0.0,0.1149512771,112.8712603172,0.0002220712,0.0568865454],[0.0,0.0,0.1151101953,925.8895202019,0.0002220827,0.0568972315],[0.0,0.0,0.1152161141,443.7473247795,0.0002220882,0.0568738511],[0.0,0.0,0.1150889049,946.0390721977,