{"type_bounds":[0,0,1,1],"max_steps_out":1000,"dimensions":[4],"bounds_domain":[[0.0,1.0],[0.0,1.0],[0.25,0.5,0.75],[0.2,0.4,0.6,0.8]],"mean_value":[0.0],"samples_parameters":[[0.0,0.0,0.2006371794,0.4321813169,0.1719606207,187.3674203931],[0.0,0.0,0.2006669484,0.4315516644,0.1719080425,199.1493755421],[0.0,0.0,0.2004579654,0.4314343753,0.1718973591,195.1907142081],[0.0,0.0,0.2005670808,0.4318866728,0.171897111,198.141012369],[0.0,0.0,0.2006932214,0.4322721349,0.1720131307,182.1977189321],[0.0,0.0,0.2005012979,0.4320469317,0.1719779497,196.7628946424],[0.0,0.0,0.2008012503,0.4315041817,0.1717630645,171.1976155095],[0.0,0.0,0.2005968833,0.431905861,0.171911099,197.65647922],[0.0,0.0,0.2007619897,0.4314541724,0.1719466085,189.0509506447],[0.0,0.0,0.2004914661,0.4322659693,0.1719987515,180.1100852988],[0.0,0.0,0.2005371799,0.4315594659,0.171990489,173.9749510091],[0.0,0.0,0.2081827803,0.4378402972,0.1793269678,136.1466983491],[0.0,0.0,0.2068904563,0.4335116585,0.1766817497,173.6986514341],[0.0,0.0,0.2067446266,0.4338299586,0.1766899241,191.6196933883],[0.0,0.0,0.2068268211,0.4335955669,0.1766403124,193.9422998502],[0.0,0.0,0.2070375274,0.4333936383,0.1767849151,150.0785139218],[0.0,0.0,0.2067358522,0.4334089488,0.1765780395,147.869619323],[0.0,0.0,0.20672863,0.4336653038,0.1766271064,199.9325584076],[0.0,0.0,0.2069192464,0.433502661,0.1766365307,189.1216213546],[0.0,0.0,0.2067178399,0.4336953061,0.1766801408,198.8606902518],[0.0,0.0,0.2067690006,0.4334552745,0.1766003888,163.046056219],[0.0,0.0,0.20764774,0.4263665145,0.1766426712,152.3482765498],[0.0,0.0,0.2123525771,0.4243032646,0.176831,194.3338809653],[0.0,0.0,0.2125602707,0.4242221147,0.1768236949,163.4216365402],[0.0,0.0,0.2124754889,0.4244446801,0.1768461938,195.8565646116],[0.0,0.0,0.2124502694,0.4243932808,0.1768806159,175.8756672742],[0.0,0.0,0.2124634206,0.4244813601,0.1768573076,184.2328676138],[0.0,0.0,0.2124094257,0.4245425356,0.1768744767,130.0166828653],[0.0,0.0,0.2123872003,0.4243705554,0.1769983492,187.4415277539],[0.0,0.0,0.2125093585,0.4241454932,0.1768448368,169.1658559482],[0.0,0.0,0.2125304866,0.4245204112,0.1768737918,188.2740696217],[0.0,0.0,0.214586781,0.4083407672,0.1790714266,147.7410255858],[0.0,0.0,0.2121704577,0.4165914912,0.1779848526,191.3890472985],[0.0,0.0,0.2120887833,0.4165246568,0.1780343647,194.9205756646],[0.0,0.0,0.2119533879,0.416864767,0.1779675422,192.9463045776],[0.0,0.0,0.2122538989,0.4159829669,0.178123439,197.7398464132],[0.0,0.0,0.2122256021,0.4164126984,0.1779170356,158.8115037266],[0.0,0.0,0.2120805732,0.4163054469,0.1779953886,176.4204675344],[0.0,0.0,0.2121934816,0.4158920249,0.1780193008,162.4543954108],[0.0,0.0,0.2119983496,0.4164700199,0.1779619578,193.9678655198],[0.0,0.0,0.2121085312,0.4163112861,0.17804633,148.1494631667],[0.0,0.0,0.1986508023,0.2177624245,0.1767699489,44.9497421613],[0.0,0.0,0.2676014742,0.3832926092,0.2418552179,0.1403818986],[0.0,0.0,0.2902107003,0.3783103162,0.2401768823,0.1419119225],[0.0,0.0,0.2902596998,0.3781819904,0.2403605514,0.1417854959],[0.0,0.0,0.28972448,0.3779437822,0.240677884,0.1418779384],[0.0,0.0,0.2899606781,0.3780556091,0.2403797754,0.1418330129],[0.0,0.0,0.2901266873,0.3779047796,0.2403278319,0.141841671],[0.0,0.0,0.2898302026,0.3782125367,0.2402048227,0.1418348166],[0.0,0.0,0.2899060919,0.3782654038,0.2402729663,0.1418659382],[0.0,0.0,0.2900944846,0.3779690168,0.2404704272,0.1418716524]],"thinning":10,"kernel_values":[0.8848366519,0.9143102904,0.63228738,0.6430041152],"type_kernel":["Matern52"],"training_data":{"evaluations":[3063.0081032594,235.6324638462,845.6755677399,1607.0952415663,3289.6774021553,69.5226463152,203.9949071113,2436.5316990942,375.7298349678,2129.6543739313,101.9553465835,349.0552000714],"points":[[0.6186869119,0.582050252,0.5,0.8],[0.3925870682,0.2781674273,0.5,0.6],[0.1832243835,0.6715494789,0.5,0.6],[0.9099172848,0.0321990442,0.75,0.8],[0.5609502368,0.7969944364,0.5,0.6],[0.5599875899,0.4468666469,0.25,0.4],[0.4416223851,0.2169647213,0.25,0.8],[0.6961134465,0.4580148229,0.75,0.4],[0.7020589021,0.8553496207,0.25,0.2],[0.1282881638,0.0438739749,0.25,0.4],[0.2208327842,0.2668972974,0.5,0.6],[0.0667732866,0.2681039352,0.75,0.8]],"var_noise":[]},"var_noise_value":[0.0],"n_burning":500,"same_correlation":true,"problem_name":"branin","data":{"evaluations":[3063.0081032594,235.6324638462,845.6755677399,1607.0952415663,3289.6774021553,69.5226463152,203.9949071113,2436.5316990942,375.7298349678,2129.6543739313,101.9553465835,349.0552000714,1635.7819784101,1304.9221270438,375.5231004133,5449.29614216,8311.0109352574],"points":[[0.6186869119,0.582050252,0.5,0.8],[0.3925870682,0.2781674273,0.5,0.6],[0.1832243835,0.6715494789,0.5,0.6],[0.9099172848,0.0321990442,0.75,0.8],[0.5609502368,0.7969944364,0.5,0.6],[0.5599875899,0.4468666469,0.25,0.4],[0.4416223851,0.2169647213,0.25,0.8],[0.6961134465,0.4580148229,0.75,0.4],[0.7020589021,0.8553496207,0.25,0.2],[0.1282881638,0.0438739749,0.25,0.4],[0.2208327842,0.2668972974,0.5,0.6],[0.0667732866,0.2681039352,0.75,0.8],[0.0,1.0,0.75,0.2],[1.0,0.0,0.75,0.8],[0.0,0.0,0.75,0.6132645667],[0.0,1.0,0.75,0.366198687],[0.7148136051,0.9347835611,0.75,0.2970309994]],"var_noise":[]},"start_point_sampler":[0.0,0.0,0.2006371794,0.4321813169,0.1719606207,187.3674203931],"name_model":"gp_fitting_gaussian","training_name":"default_training_data_12_points_rs_524"}