{"type_bounds":[0,0,1,1],"max_steps_out":1000,"dimensions":[4],"bounds_domain":[[0.0,1.0],[0.0,1.0],[0.25,0.5,0.75],[0.2,0.4,0.6,0.8]],"mean_value":[0.0],"samples_parameters":[[0.0,0.0,0.1476602866,0.2785667459,0.1956705705,0.777684287],[0.0,0.0,0.147684766,0.2785736462,0.1956403502,0.7774252629],[0.0,0.0,0.1477648018,0.2785911514,0.1956946376,0.7724724218],[0.0,0.0,0.147766522,0.2785693052,0.1957087973,0.7708096842],[0.0,0.0,0.14776913,0.2785875758,0.1957027842,0.774805258],[0.0,0.0,0.1477514675,0.2786072461,0.1956360606,0.7707171447],[0.0,0.0,0.1476928887,0.2786080019,0.1956640231,0.7740519757],[0.0,0.0,0.1476985749,0.2785999413,0.1956573109,0.7785063829],[0.0,0.0,0.1476597796,0.2786364323,0.1956206235,0.7771043179],[0.0,0.0,0.1477957002,0.2785553824,0.1956852052,0.7747033458],[0.0,0.0,0.1476977944,0.2785734159,0.1956844314,0.7764321884],[0.0,0.0,0.1475703291,0.2787942468,0.195730698,0.7421394015],[0.0,0.0,0.1476323365,0.2785233069,0.1964150606,0.7375806809],[0.0,0.0,0.1476498934,0.2785241522,0.1963962291,0.7385220409],[0.0,0.0,0.1476990302,0.2785250789,0.1964060845,0.7366178658],[0.0,0.0,0.1475841229,0.2785614661,0.1963403099,0.7415838492],[0.0,0.0,0.1476790914,0.2785729631,0.1963702326,0.7383360767],[0.0,0.0,0.1476847326,0.2785161186,0.1963902959,0.7378595327],[0.0,0.0,0.1476882835,0.2785972432,0.1963539415,0.7385994865],[0.0,0.0,0.1476248174,0.2785374943,0.1963588013,0.7404805723],[0.0,0.0,0.1475700706,0.2785059897,0.196350746,0.7451661903],[0.0,0.0,0.0205925312,0.4915061609,0.1847435985,0.5155992462],[0.0,0.0,0.0238995059,0.4028911528,0.1815935794,2.4576932389],[0.0,0.0,0.0268610493,0.36339398,0.1863720285,0.7870967679],[0.0,0.0,0.0880197726,0.2756415823,0.202030585,0.4560086694],[0.0,0.0,0.0911022731,0.2734794187,0.2053745495,0.4150790722],[0.0,0.0,0.0911692113,0.2733300839,0.2055200738,0.4138119833],[0.0,0.0,0.0911846429,0.273286318,0.2054567264,0.4139679627],[0.0,0.0,0.0911418084,0.2733265158,0.2054024849,0.4148499616],[0.0,0.0,0.0911505472,0.2733170226,0.2054244393,0.4147019818],[0.0,0.0,0.0911228414,0.2732870219,0.2054537527,0.4144411585],[0.0,0.0,0.5572904798,0.2731550489,0.2343792537,0.3032295217],[0.0,0.0,0.7698038565,0.1628736437,0.3245674369,0.1387507956],[0.0,0.0,0.7699217397,0.1628223207,0.3245828018,0.1387387001],[0.0,0.0,0.7698354752,0.1628469322,0.3245846904,0.1387074175],[0.0,0.0,0.7698582059,0.162845326,0.3245889428,0.1386999059],[0.0,0.0,0.7699007882,0.162850716,0.3245778893,0.1387147619],[0.0,0.0,0.7698303659,0.1628449048,0.3245847637,0.1387304854],[0.0,0.0,0.7698113461,0.1628376243,0.3245739688,0.1387018347],[0.0,0.0,0.7698320447,0.1628196638,0.324594495,0.1387330107],[0.0,0.0,0.7698291893,0.1628508321,0.3245780684,0.1387150492],[0.0,0.0,0.7359986991,0.1627915397,0.3223874734,0.1874519393],[0.0,0.0,0.7524591013,0.1633424021,0.3233678108,0.1753447725],[0.0,0.0,0.7535099709,0.1632553859,0.3234047025,0.1756105779],[0.0,0.0,0.7535132353,0.1632339758,0.3234037819,0.1756041651],[0.0,0.0,0.7535181956,0.163239682,0.3234114271,0.175655724],[0.0,0.0,0.753424362,0.1632549391,0.3234194865,0.1755958951],[0.0,0.0,0.7534971425,0.1632358855,0.3233994559,0.1756334733],[0.0,0.0,0.7533702656,0.1632460699,0.3234181315,0.1756389075],[0.0,0.0,0.7535595544,0.1632222433,0.3233894236,0.1756321211],[0.0,0.0,0.7534392536,0.1632273177,0.3234054768,0.175633962],[0.0,0.0,0.7541026169,0.163058946,0.3232059368,0.1760260164],[0.0,0.0,0.7540729906,0.1629868753,0.3232634003,0.1760981722],[0.0,0.0,0.7541078815,0.1629693433,0.323249939,0.1760648523],[0.0,0.0,0.7541139042,0.1629772795,0.3232587694,0.1760639231],[0.0,0.0,0.7539780578,0.1629581467,0.323253084,0.176061902],[0.0,0.0,0.7540816721,0.1629747034,0.3232699353,0.1760780155],[0.0,0.0,0.7539937312,0.1629912815,0.3232651616,0.1760930751],[0.0,0.0,0.7541779521,0.1629795825,0.3232803309,0.1760861867],[0.0,0.0,0.7539854586,0.1629777585,0.3232685868,0.176090452],[0.0,0.0,0.7540978339,0.1629674795,0.3232599586,0.1760779444],[0.0,0.0,0.7740182263,0.1638346252,0.2750593312,0.1743768133],[0.0,0.0,0.7936121751,0.1958199391,0.1533135664,0.1847994086],[0.0,0.0,0.793586315,0.1956572599,0.1538420499,0.1847155037],[0.0,0.0,0.7935694005,0.1957134371,0.1538263721,0.1847421028],[0.0,0.0,0.7936500416,0.1956782966,0.1538314952,0.1847351977],[0.0,0.0,0.7936382133,0.1956511917,0.1538402773,0.1847327288],[0.0,0.0,0.7935724718,0.1956334768,0.1538274208,0.1847457123],[0.0,0.0,0.7936925934,0.1956897198,0.1538179204,0.1847260251],[0.0,0.0,0.7936708143,0.1956406967,0.1538252954,0.1847004298],[0.0,0.0,0.7936500015,0.1956495399,0.1538301677,0.1847084343],[0.0,0.0,0.7810657133,0.1934886386,0.1542883669,0.1853436932],[0.0,0.0,0.785638215,0.1896017121,0.1546580779,0.1853572147],[0.0,0.0,0.7856161053,0.1895347143,0.154654877,0.1853428952],[0.0,0.0,0.7854471814,0.1895516836,0.1546653761,0.1853859136],[0.0,0.0,0.7856740232,0.1895194999,0.1546718521,0.185373441],[0.0,0.0,0.7855658784,0.1895417918,0.1546506972,0.1853540762],[0.0,0.0,0.7855352781,0.1895473729,0.1546607074,0.1853633327],[0.0,0.0,0.7856014147,0.1895533484,0.1546513403,0.1853751783],[0.0,0.0,0.7856444954,0.189545843,0.154675712,0.1853157105],[0.0,0.0,0.7856193331,0.1895368008,0.1546526944,0.1853279391],[0.0,0.0,0.2782684341,0.2100992377,0.155304589,0.2366991146],[0.0,0.0,0.4734220927,0.2055128549,0.1524611953,0.2592057299],[0.0,0.0,0.4735830451,0.2057015096,0.152466989,0.2590808703],[0.0,0.0,0.4735189413,0.205690762,0.1524845307,0.2591389112],[0.0,0.0,0.4735554714,0.2057144967,0.1524666243,0.2590955438],[0.0,0.0,0.4735650725,0.2056812968,0.1524810517,0.2591271142],[0.0,0.0,0.4734826776,0.205680579,0.1524730846,0.2591201745],[0.0,0.0,0.4735159399,0.2057163524,0.1524600729,0.25913715],[0.0,0.0,0.4735237232,0.2056680776,0.1524460599,0.2591882788],[0.0,0.0,0.4735638575,0.2056972566,0.1524595361,0.2590826807]],"thinning":10,"kernel_values":[0.8774673876,1.0266860428,0.675154321,0.8144718793],"type_kernel":["Matern52"],"training_data":{"evaluations":[1674.5564483497,512.2828067176,461.3872194772,5117.1022913177,539.2297358153,1766.4549332548,47.8777281546,1709.9491388958,1867.3358992946,638.4580701617,192.1663921032,21755.4828517233],"points":[[0.8865450542,0.3582221715,0.75,0.6],[0.6100252798,0.4855474977,0.25,0.8],[0.4351758595,0.7168204158,0.75,0.2],[0.8309568774,0.6808331546,0.5,0.8],[0.3404717491,0.3627039929,0.5,0.2],[0.446176367,0.076456968,0.75,0.4],[0.1685079908,0.0492771185,0.75,0.8],[0.1864998582,0.6205571582,0.25,0.4],[0.5977488909,0.3990327409,0.75,0.2],[0.9109772354,0.9137857574,0.25,0.4],[0.6097196738,0.1850082141,0.5,0.6],[0.8432671996,0.9782551477,0.75,0.8]],"var_noise":[]},"var_noise_value":[0.0],"n_burning":500,"same_correlation":true,"problem_name":"branin","data":{"evaluations":[1674.5564483497,512.2828067176,461.3872194772,5117.1022913177,539.2297358153,1766.4549332548,47.8777281546,1709.9491388958,1867.3358992946,638.4580701617,192.1663921032,21755.4828517233,1635.7819784101,40199.2005412939,10946.288357414,5357.5821200037,1330.6499816441,36610.1351889013,894.9077666292,520.1960653421,7002.0489127734],"points":[[0.8865450542,0.3582221715,0.75,0.6],[0.6100252798,0.4855474977,0.25,0.8],[0.4351758595,0.7168204158,0.75,0.2],[0.8309568774,0.6808331546,0.5,0.8],[0.3404717491,0.3627039929,0.5,0.2],[0.446176367,0.076456968,0.75,0.4],[0.1685079908,0.0492771185,0.75,0.8],[0.1864998582,0.6205571582,0.25,0.4],[0.5977488909,0.3990327409,0.75,0.2],[0.9109772354,0.9137857574,0.25,0.4],[0.6097196738,0.1850082141,0.5,0.6],[0.8432671996,0.9782551477,0.75,0.8],[0.0,1.0,0.75,0.2],[0.0,1.0,0.25,0.8],[0.0,1.0,0.7246702803,0.8],[0.0,1.0,0.75,0.3609712565],[0.0,0.2952702885,0.75,0.8],[0.0,1.0,0.2938833502,0.8],[0.0,0.0,0.75,0.8],[1.0,1.0,0.25,0.8],[1.0,0.0,0.75,0.2]],"var_noise":[]},"start_point_sampler":[0.0,0.0,0.1476602866,0.2785667459,0.1956705705,0.777684287],"name_model":"gp_fitting_gaussian","training_name":"default_training_data_12_points_rs_533"}