{"type_bounds":[0,0,1,1],"max_steps_out":1000,"dimensions":[4],"bounds_domain":[[0.0,1.0],[0.0,1.0],[0.25,0.5,0.75],[0.2,0.4,0.6,0.8]],"mean_value":[0.0],"samples_parameters":[[0.0,0.0,0.07926142,0.1961562928,0.7350902608,169.6988689118],[0.0,0.0,0.0792632247,0.1960626735,0.734979017,170.6258824501],[0.0,0.0,0.0792789954,0.1960054962,0.7343885381,179.3629398728],[0.0,0.0,0.0792867663,0.1959189728,0.734689297,172.9887789931],[0.0,0.0,0.0792598729,0.1962155504,0.7344316929,198.1116980004],[0.0,0.0,0.0793076144,0.1960133377,0.733334711,171.5821174409],[0.0,0.0,0.0792816407,0.1962679418,0.7333291104,147.721471398],[0.0,0.0,0.0793025842,0.1960025796,0.7339160206,198.398767703],[0.0,0.0,0.0792644385,0.1960528786,0.7360671041,188.3939004637],[0.0,0.0,0.0792876298,0.1961920641,0.7339983599,152.2568219242],[0.0,0.0,0.0792784717,0.196110439,0.7340110674,168.9122853185],[0.0,0.0,0.0861220522,0.2210968204,0.8161417045,187.0635244343],[0.0,0.0,800.4748933183,0.17942309,0.8305533595,0.1820220388],[0.0,0.0,958.6122322274,0.2362039949,0.4689663556,0.1259356966],[0.0,0.0,999.4704803552,0.2388110059,0.4669201933,0.1255550862],[0.0,0.0,998.2232933976,0.238762361,0.4670035668,0.125559739],[0.0,0.0,971.1818979274,0.2387827243,0.4669974528,0.1255702334],[0.0,0.0,915.9898740952,0.2387606004,0.4671706777,0.1255479744],[0.0,0.0,916.9508850273,0.2387623542,0.4671240884,0.1255623722],[0.0,0.0,977.6511882201,0.2387541716,0.4670983893,0.1255657508],[0.0,0.0,969.084277989,0.2387156129,0.4671873017,0.1255826346],[0.0,0.0,989.8236329879,0.2394988266,0.5003938831,0.1288457341],[0.0,0.0,990.0262937088,0.2337625835,0.4991443192,0.1343465062],[0.0,0.0,989.6697012741,0.2337428155,0.4991899282,0.1343446089],[0.0,0.0,990.5144021611,0.2337386389,0.4993786408,0.1343654403],[0.0,0.0,989.8728856667,0.2337381853,0.4992721679,0.13435764],[0.0,0.0,970.3906432747,0.2337574789,0.4990976997,0.134353015],[0.0,0.0,994.1560095741,0.2337485115,0.4992940188,0.1343481503],[0.0,0.0,997.9462666569,0.2336907291,0.4992992335,0.1343557352],[0.0,0.0,996.4535448599,0.233770334,0.4991951675,0.1343457872],[0.0,0.0,977.2823420603,0.2337538064,0.4991799446,0.1343391485],[0.0,0.0,992.5334626428,0.2337732903,0.4990198163,0.1343455341],[0.0,0.0,967.4272911751,0.2337223575,0.4991019145,0.1343512134],[0.0,0.0,991.1030804411,0.2337403452,0.4992083765,0.1343659901],[0.0,0.0,969.7546110451,0.2337679661,0.4989854222,0.134351592],[0.0,0.0,989.341018227,0.2337123969,0.4994195282,0.134360346],[0.0,0.0,982.810391511,0.2337257203,0.4991390089,0.1343630687],[0.0,0.0,994.4525742529,0.2337210624,0.4991347748,0.1343596076],[0.0,0.0,994.8090801934,0.2337710372,0.4990706485,0.1343664183],[0.0,0.0,997.132406709,0.2337572611,0.4991962137,0.1343423721],[0.0,0.0,992.6535128905,0.2337564142,0.4991284749,0.134348382],[0.0,0.0,901.8143671354,0.0789906177,0.3544862852,0.1337695405],[0.0,0.0,0.9248893861,0.2580172618,0.195417804,0.1416510305],[0.0,0.0,0.9069847544,0.2549950078,0.1952772691,0.141178045],[0.0,0.0,0.9071876469,0.2549512784,0.1952299421,0.1412130885],[0.0,0.0,0.9074037155,0.2549401879,0.1952769219,0.1412037205],[0.0,0.0,0.9071698714,0.2549384051,0.1952632157,0.1411986055],[0.0,0.0,0.9070148761,0.2549526544,0.1952676686,0.1411980973],[0.0,0.0,0.9071895812,0.2549015659,0.1952469038,0.1412091339],[0.0,0.0,0.9073661022,0.2548980162,0.1952651671,0.1411924881],[0.0,0.0,0.9071548153,0.2549134264,0.1952399526,0.1411781201],[0.0,0.0,0.9071094546,0.2550336989,0.1952346591,0.1411969774],[0.0,0.0,0.9069213662,0.2550415408,0.1952542245,0.1412116893],[0.0,0.0,0.907104657,0.2549939902,0.1952751475,0.14119644],[0.0,0.0,0.9071256612,0.254969056,0.1952700849,0.1412080404],[0.0,0.0,0.9073848356,0.254893286,0.1952802911,0.1412043006],[0.0,0.0,0.9070901816,0.255005575,0.1952733564,0.1412162236],[0.0,0.0,0.9075128522,0.254924417,0.1952563409,0.1411947774],[0.0,0.0,0.9073562028,0.2549215707,0.1952742212,0.1412148867],[0.0,0.0,0.9072433191,0.2549988031,0.1952732646,0.1411910255],[0.0,0.0,0.9070770132,0.2549684125,0.1952812166,0.1411986348],[0.0,0.0,0.9070771173,0.2550172284,0.1952734598,0.1412004015],[0.0,0.0,0.9071655181,0.2550092381,0.1952850314,0.1411980048],[0.0,0.0,0.9072187272,0.2549859678,0.1952705201,0.1411881389],[0.0,0.0,0.9069769842,0.254993158,0.1952593628,0.141215344],[0.0,0.0,0.9071943958,0.2549733457,0.1952491847,0.1412036138],[0.0,0.0,0.9071584499,0.2549173758,0.1952499192,0.141209804],[0.0,0.0,0.9072959578,0.2549261651,0.1952534919,0.1412101177],[0.0,0.0,0.9071751691,0.25497531,0.1952584397,0.1412150042],[0.0,0.0,0.9068767327,0.2549879561,0.1952361081,0.141204853],[0.0,0.0,0.9071707759,0.2549913918,0.1952624863,0.1412119069],[0.0,0.0,0.9046010473,0.2545517592,0.1952562514,0.1414557564],[0.0,0.0,0.9076046736,0.2536997197,0.1953392322,0.1414264579],[0.0,0.0,0.9074045084,0.2536866683,0.1953342147,0.1414119797],[0.0,0.0,0.9072916898,0.2537073047,0.1953408195,0.1414196655],[0.0,0.0,0.9071976434,0.2537532379,0.1953329376,0.1414089502],[0.0,0.0,0.9073346764,0.2537255127,0.1953264162,0.1414523003],[0.0,0.0,0.9074114665,0.2537513616,0.1953366472,0.141396783],[0.0,0.0,0.9076645738,0.253683398,0.1953316315,0.1414169986],[0.0,0.0,0.9074017779,0.2537267065,0.1953535197,0.1414261893],[0.0,0.0,0.907772981,0.2537065838,0.1953190669,0.1414126522],[0.0,0.0,0.8245048981,0.2336904385,0.1932472081,0.2169283341],[0.0,0.0,0.7278496482,0.216500952,0.1819960974,0.2134217922],[0.0,0.0,0.7278249589,0.2164778473,0.1820073616,0.2134370032],[0.0,0.0,0.7279891094,0.2164445867,0.1819777329,0.2134251997],[0.0,0.0,0.727985595,0.2164475152,0.1819900352,0.2134237004],[0.0,0.0,0.7278938577,0.2164507958,0.1819898781,0.2134405309],[0.0,0.0,0.7278446145,0.2164758135,0.1819880456,0.2134495255],[0.0,0.0,0.728043163,0.2164717903,0.1819929271,0.2134186042],[0.0,0.0,0.7278991486,0.2164314144,0.1820058797,0.2134159627],[0.0,0.0,0.7278023082,0.2164263296,0.1819850053,0.2134821701],[0.0,0.0,0.7261948475,0.2156240462,0.1819061748,0.2157066913],[0.0,0.0,0.7227451686,0.2158772931,0.1813032872,0.2153757691],[0.0,0.0,0.7228214279,0.2158559277,0.1812902131,0.2153973159],[0.0,0.0,0.7226983066,0.2158964203,0.1813087363,0.2153506219],[0.0,0.0,0.7227563222,0.2159005118,0.1813089499,0.2153795012],[0.0,0.0,0.7226356287,0.2158946295,0.1813125386,0.2153784626],[0.0,0.0,0.7226617345,0.2159776998,0.1812885181,0.215336528],[0.0,0.0,0.7226714932,0.2159094568,0.1813200541,0.2153568951],[0.0,0.0,0.7227622463,0.2159148536,0.1813247561,0.2153551575],[0.0,0.0,0.7228122631,0.2158396733,0.181300511,0.2153843838],[0.0,0.0,0.7238479989,0.2148590108,0.1842822102,0.2121127388],[0.0,0.0,0.7408314648,0.2147022372,0.183035363,0.2106878388],[0.0,0.0,0.7408048151,0.2147009618,0.1830684523,0.2106608955],[0.0,0.0,0.7408624707,0.2147191469,0.1830828482,0.2106552556],[0.0,0.0,0.7407059001,0.2147178932,0.1830651837,0.2106790065],[0.0,0.0,0.7408055687,0.2147058518,0.1830728075,0.2106749995],[0.0,0.0,0.7407799979,0.214734151,0.1830731055,0.210686225],[0.0,0.0,0.7406266483,0.2147578914,0.1830655361,0.2106792733],[0.0,0.0,0.7408696758,0.2147343406,0.1830816922,0.2106890542],[0.0,0.0,0.7407248003,0.2147380157,0.183063733,0.2106728369],[0.0,0.0,0.8536195823,0.141549881,0.1748477253,0.2346361123],[0.0,0.0,0.8276629098,0.158640259,0.1819194333,0.2943970666],[0.0,0.0,0.8274777569,0.1586383818,0.181908628,0.294459863],[0.0,0.0,0.8276439784,0.1586354237,0.1818976184,0.294451702],[0.0,0.0,0.827572836,0.1586354308,0.1818992043,0.2944551218],[0.0,0.0,0.8276810482,0.1586497783,0.1819151546,0.2944302875],[0.0,0.0,0.8275553582,0.1586427426,0.1819000704,0.2944737279],[0.0,0.0,0.8274455336,0.1586327483,0.1818966028,0.2944467094],[0.0,0.0,0.827637017,0.1586568704,0.1818945797,0.2944608953],[0.0,0.0,0.827824791,0.1586408801,0.1818997244,0.2944084236],[0.0,0.0,0.8224414574,0.1588816622,0.1800621932,0.2945816726],[0.0,0.0,0.8156308148,0.1605150819,0.1803219678,0.2947830107],[0.0,0.0,0.8156626305,0.1605093318,0.180339927,0.2947979709],[0.0,0.0,0.8156660601,0.1604844848,0.1803283783,0.2947865346],[0.0,0.0,0.8155763809,0.1605164491,0.1803183136,