{"type_bounds":[0,0,1,1],"max_steps_out":1000,"dimensions":[4],"bounds_domain":[[0.0,1.0],[0.0,1.0],[0.25,0.5,0.75],[0.2,0.4,0.6,0.8]],"mean_value":[0.0],"samples_parameters":[[0.0,0.0,0.5117396396,0.4364403971,1.2762197506,0.1467223735],[0.0,0.0,0.5118290154,0.4367041423,1.2749619082,0.1467115669],[0.0,0.0,0.5120525513,0.4366513794,1.2750986746,0.1466334326],[0.0,0.0,0.5122346352,0.4365272545,1.2727625792,0.1467164919],[0.0,0.0,0.5118192515,0.4366501028,1.2753545622,0.1467062616],[0.0,0.0,0.512040229,0.4364238482,1.2732251468,0.1466938764],[0.0,0.0,0.5118973036,0.436584438,1.2717464962,0.1467515899],[0.0,0.0,0.5119860194,0.4366509181,1.272372545,0.1466823464],[0.0,0.0,0.5119150253,0.4365793474,1.2733487536,0.14669068],[0.0,0.0,0.5118666931,0.4366226825,1.2734885745,0.146671891],[0.0,0.0,0.511891857,0.4367502079,1.2752825432,0.1467180617],[0.0,0.0,0.509167701,0.4374679445,1.2759733585,0.145796328],[0.0,0.0,0.5089643272,0.4379201551,1.2839778991,0.1463821759],[0.0,0.0,0.5090478824,0.438039772,1.2846631153,0.1464180365],[0.0,0.0,0.5092544993,0.4379697501,1.2834634981,0.1463137524],[0.0,0.0,0.5091331873,0.4380436186,1.2819880594,0.1463363192],[0.0,0.0,0.5090425144,0.4379229762,1.2819620832,0.1463735082],[0.0,0.0,0.509063735,0.4380471644,1.2852454519,0.1463080972],[0.0,0.0,0.5091511108,0.4380425983,1.2808501737,0.1463774547],[0.0,0.0,0.5088800705,0.4380056966,1.282912538,0.146396436],[0.0,0.0,0.5090837382,0.4381352076,1.2830315186,0.1463012526],[0.0,0.0,0.5008132013,0.4355012248,1.2039368569,0.1464271439],[0.0,0.0,0.4924080559,0.4334866565,1.249858763,0.1493033607],[0.0,0.0,0.4920665,0.4334777705,1.2532309591,0.1492370742],[0.0,0.0,0.492563947,0.4335870735,1.2499752981,0.1492460618],[0.0,0.0,0.4919335349,0.4335077224,1.2536248907,0.1492582458],[0.0,0.0,0.4922854131,0.4337309276,1.250193414,0.149317876],[0.0,0.0,0.4922693859,0.4334704423,1.2533140556,0.1493012248],[0.0,0.0,0.4922371216,0.4336405819,1.252890725,0.1493253879],[0.0,0.0,0.4920768949,0.4335227938,1.2540557765,0.1493099231],[0.0,0.0,0.4921846269,0.4334405322,1.2527851788,0.1493355333],[0.0,0.0,0.5068062913,0.4144608402,1.5890988433,0.0353618124],[0.0,0.0,0.5131378438,0.4178807711,1.3264612981,0.0055984264],[0.0,0.0,0.5131337845,0.4177295148,1.3285063455,0.0055390887],[0.0,0.0,0.5132535761,0.4178931049,1.3288437456,0.0052333961],[0.0,0.0,0.5129153834,0.4178780991,1.3275107789,0.0053179766],[0.0,0.0,0.5132489806,0.4177975444,1.3270359956,0.0052654075],[0.0,0.0,0.5129902362,0.4178028976,1.3255793668,0.0051553603],[0.0,0.0,0.5131090362,0.4178523899,1.3284663399,0.0056006712],[0.0,0.0,0.5131572475,0.4178765511,1.326140953,0.0047717388],[0.0,0.0,0.5133540906,0.4180033348,1.3269762179,0.0055493492],[0.0,0.0,0.2308775891,0.4023110305,0.1143597068,190.5198064183],[0.0,0.0,0.1690360404,8.2660628986,0.1822930038,2.2457097298],[0.0,0.0,0.1691708352,7.5934914051,0.1822065768,2.23058619],[0.0,0.0,0.1691510026,7.5630584604,0.1822514525,2.2313227543],[0.0,0.0,0.1691323744,7.5867232316,0.1823802153,2.2288906486],[0.0,0.0,0.169155445,7.531678987,0.1822221562,2.2294896644],[0.0,0.0,0.1691122775,7.6033861203,0.1822962489,2.2310888314],[0.0,0.0,0.169184331,7.5701597957,0.1823080836,2.2281412803],[0.0,0.0,0.1691791067,7.5949289179,0.1823069746,2.2289812107],[0.0,0.0,0.1690864954,7.5927500766,0.1822523707,2.2279574329],[0.0,0.0,0.0827901914,6.5014977463,0.1820806564,1.5125461228],[0.0,0.0,0.0375076825,4.1314410006,0.1901200851,1.280914496],[0.0,0.0,0.037498601,4.2221069109,0.1898584259,1.2667593652],[0.0,0.0,0.0374999283,4.2242324083,0.1899010087,1.2656557302],[0.0,0.0,0.0374989639,4.2006904497,0.1899598317,1.2631340067],[0.0,0.0,0.037502658,4.1860549843,0.1899065165,1.2638465212],[0.0,0.0,0.0375021436,4.2106191542,0.1899644057,1.2653770811],[0.0,0.0,0.0375020468,4.1715638707,0.1898882085,1.2637098888],[0.0,0.0,0.0375106116,4.1979153156,0.1899533022,1.264100693],[0.0,0.0,0.0374995188,4.1893507064,0.1899848261,1.2642828517],[0.0,0.0,0.0434187136,4.364982058,0.1805029976,1.3043684626],[0.0,0.0,0.047271434,0.6385174338,0.1820878762,1.3451626615],[0.0,0.0,0.0471064263,0.6439187237,0.1829631019,1.3963404931],[0.0,0.0,0.0471137286,0.6436474758,0.1830647169,1.3927804035],[0.0,0.0,0.0471140055,0.6434563383,0.1830028354,1.3936083153],[0.0,0.0,0.0471078101,0.6436737265,0.1830401073,1.3959436741],[0.0,0.0,0.0471191048,0.6434046552,0.1830927524,1.3902681584],[0.0,0.0,0.047112768,0.6437876107,0.1829141488,1.3985233537],[0.0,0.0,0.0471149346,0.6433866014,0.1830274734,1.397598876],[0.0,0.0,0.0471100159,0.643634748,0.182950917,1.3936471697],[0.0,0.0,0.0470826122,0.6302510226,0.1691093195,0.5979839934],[0.0,0.0,0.0526671461,0.5012012061,0.2017297971,0.4777392911],[0.0,0.0,0.0551098159,0.4653295838,0.2122119442,0.4076798439],[0.0,0.0,0.0650969252,0.3459243321,0.2672734369,0.3153190056],[0.0,0.0,0.3905661796,0.212948941,0.3188866441,0.1099262317],[0.0,0.0,0.4446559311,0.2111983501,0.3254985829,0.0910484951],[0.0,0.0,0.4442906487,0.2114504233,0.3254191469,0.0910238559],[0.0,0.0,0.4443143115,0.2114115926,0.3254063306,0.0910133109],[0.0,0.0,0.4442866531,0.2114324278,0.3254083653,0.0910254598],[0.0,0.0,0.4443042501,0.2114224556,0.325414651,0.091053435],[0.0,0.0,0.0313919717,0.216966309,131.4507469968,0.1783401594],[0.0,0.0,0.2470550025,0.2280301926,0.2105791011,0.2800927943],[0.0,0.0,0.2298659868,0.2387018011,0.2359232231,0.2349843811],[0.0,0.0,0.2294715965,0.2383619879,0.2367489752,0.2354488254],[0.0,0.0,0.2295105646,0.2383941684,0.2367009484,0.2354711532],[0.0,0.0,0.2294439168,0.2383599724,0.2367993907,0.2354753985],[0.0,0.0,0.2294976136,0.2383452191,0.2367766153,0.2354935911],[0.0,0.0,0.2295014276,0.238395356,0.2367513208,0.2354739007],[0.0,0.0,0.2294678058,0.2383608478,0.2367883869,0.2354916568],[0.0,0.0,0.2294937439,0.238387014,0.2367857955,0.2354609041],[0.0,0.0,0.2218416738,0.2384478325,0.2470022065,0.2354924607],[0.0,0.0,0.2197373246,0.2365380538,0.2491025932,0.2370953318],[0.0,0.0,0.2197201525,0.2365005418,0.249239108,0.237063783],[0.0,0.0,0.2196998603,0.2365231472,0.249237169,0.2370973144],[0.0,0.0,0.2196965172,0.2365000228,0.249226617,0.2371341786],[0.0,0.0,0.2197114504,0.236529154,0.2491960686,0.2370912044],[0.0,0.0,0.2197251215,0.2365260004,0.2492231264,0.2371126794],[0.0,0.0,0.219706211,0.2365056507,0.2492517113,0.2371275484],[0.0,0.0,0.2196964557,0.2365407941,0.2492161453,0.2371211461],[0.0,0.0,0.2197154624,0.2365005544,0.2492122855,0.2370911882],[0.0,0.0,0.2208154805,0.2371307852,0.2491424798,0.2382264923],[0.0,0.0,0.2208531449,0.2363264646,0.2478523175,0.2406234394],[0.0,0.0,0.2208336123,0.2363832964,0.2478581276,0.2405685094],[0.0,0.0,0.2208405455,0.2364097591,0.2478177385,0.2406051092],[0.0,0.0,0.2208588888,0.2363510786,0.2478396858,0.2406110589],[0.0,0.0,0.2208401333,0.2364129163,0.247882359,0.2406140371],[0.0,0.0,0.2208409159,0.2364169312,0.2478399432,0.2405711058],[0.0,0.0,0.2208487255,0.2364541649,0.2478192665,0.2405422927],[0.0,0.0,0.220855981,0.2364069603,0.2478281119,0.24059743],[0.0,0.0,0.2208621689,0.2365048248,0.2477753214,0.2404725188],[0.0,0.0,0.220501903,0.236493089,0.2477943976,0.2404958139],[0.0,0.0,0.2208475256,0.2363852817,0.2478282211,0.2405765432],[0.0,0.0,0.2208692834,0.236345155,0.2478131889,0.240627691],[0.0,0.0,0.2208297611,0.2363677991,0.2478476375,0.2406249545],[0.0,0.0,0.2208637321,0.2364028328,0.2478427092,0.240619106],[0.0,0.0,0.2208672292,0.236395701,0.2478179547,0.2405488779],[0.0,0.0,0.2208415155,0.2363798028,0.2478526191,0.2405675618],[0.0,0.0,0.2208465457,0.2363416267,0.2478092141,0.2406424143],[0.0,0.0,0.220857693,0.2363986662,0.2478059369,0.2405316335],[0.0,0.0,0.2208438784,0.2364426163,0.2478441701,0.2405700323],[0.0,0.0,0.2208585834,0.2363220869,0.2478470708,0.2405472582],[0.0,0.0,0.2208755436,0.236421547,0.2477380108,0.2405143909],[0.0,0.0,0.2208752587,0.2363997873,0.2477572982,0.2405606386],[0.0,0.0,0.2208520725,0.2363432451,0.2478118444,0.240617166],[0.0,0.0,0.2208756418,0.2364303734,0.2477405617,0.2405027648],[0.0,0.0,0.2208798346,0.2364287353,0.2477680953,0.2405308703],[0.0,