{"type_bounds":[0,0,1,1],"max_steps_out":1000,"dimensions":[4],"bounds_domain":[[0.0,1.0],[0.0,1.0],[0.25,0.5,0.75],[0.2,0.4,0.6,0.8]],"mean_value":[0.0],"samples_parameters":[[0.0,0.0,0.7408404188,0.3376403212,0.310614531,0.5452764434],[0.0,0.0,0.7409791504,0.3377734794,0.3107166876,0.5452195107],[0.0,0.0,0.7406830099,0.3376409543,0.3106553496,0.545565988],[0.0,0.0,0.7406588155,0.3376691545,0.3106948976,0.545404571],[0.0,0.0,0.7412905256,0.3376875165,0.3106469552,0.5452913859],[0.0,0.0,0.7409602832,0.3375883789,0.3107410493,0.5452567893],[0.0,0.0,0.7409142994,0.337758901,0.3106246199,0.5452855363],[0.0,0.0,0.7408446286,0.3377632224,0.3106711129,0.5453802969],[0.0,0.0,0.7408456392,0.3377208719,0.3107365189,0.5451550035],[0.0,0.0,0.7410636366,0.3376862322,0.3105776509,0.545270552],[0.0,0.0,0.7409646894,0.3376563791,0.3107244934,0.5453062481],[0.0,0.0,1.2284810674,0.3179469309,0.2813434104,0.6237553119],[0.0,0.0,0.9470519591,0.3329781546,0.2993211928,0.6567932432],[0.0,0.0,0.9469023394,0.3330717283,0.2993259756,0.6570001461],[0.0,0.0,0.946303698,0.3330372775,0.2993220198,0.6570750956],[0.0,0.0,0.9468814293,0.3330108948,0.2992855706,0.6570065173],[0.0,0.0,0.9471879915,0.3330411494,0.2992832915,0.6569737869],[0.0,0.0,0.9473725251,0.3330121092,0.2994148037,0.6569393321],[0.0,0.0,0.9473888125,0.3329988941,0.299327499,0.6568045477],[0.0,0.0,0.9467642375,0.3330184868,0.2993826395,0.6569538982],[0.0,0.0,0.9474203824,0.3329527756,0.2993319892,0.6567861725],[0.0,0.0,1.2892719152,0.3515010884,0.2923611309,0.4168681023],[0.0,0.0,1.4672848244,0.3316706561,0.2677979861,0.3608457641],[0.0,0.0,1.4674632431,0.331744392,0.2678123513,0.360820155],[0.0,0.0,1.4675598883,0.331591075,0.2678059656,0.3607918243],[0.0,0.0,1.4673870441,0.3318248973,0.267753986,0.3608169033],[0.0,0.0,1.467089891,0.3317259759,0.2677962254,0.3608597766],[0.0,0.0,1.4673527652,0.3316447328,0.2677298056,0.3608320342],[0.0,0.0,1.4671644604,0.3316404645,0.2677298347,0.3607945218],[0.0,0.0,1.4682139116,0.3317308454,0.2677525214,0.360767805],[0.0,0.0,1.467043185,0.3317636451,0.267777367,0.3608116354],[0.0,0.0,1.5086498121,0.3278833564,0.266796604,0.3605681334],[0.0,0.0,1.5050685457,0.3231785999,0.266979797,0.3593152697],[0.0,0.0,1.5050797863,0.3231687775,0.2669944935,0.3592471346],[0.0,0.0,1.5056234791,0.3230920066,0.2670173685,0.3592921847],[0.0,0.0,1.5054567741,0.3231094523,0.2669729169,0.3592683398],[0.0,0.0,1.5056857474,0.3231694062,0.2670649669,0.3592733829],[0.0,0.0,1.5048140985,0.3230693371,0.26697416,0.3593028598],[0.0,0.0,1.5054307271,0.3230562569,0.2669673864,0.3592996686],[0.0,0.0,1.5053526332,0.3231212256,0.2669700225,0.3593251745],[0.0,0.0,1.5049355347,0.3230212601,0.2669107153,0.3593323918],[0.0,0.0,1.2299726854,0.3258039407,0.2662510547,0.3432120288],[0.0,0.0,1.2272153666,0.3258011335,0.2659117656,0.3564901781],[0.0,0.0,1.227037248,0.3258887731,0.2658452548,0.3563944377],[0.0,0.0,1.2275157047,0.3258403194,0.2658966532,0.3564838362],[0.0,0.0,1.227480262,0.325823053,0.2659075726,0.3564481578],[0.0,0.0,1.2272995004,0.3257874966,0.265896679,0.3564294018],[0.0,0.0,1.2271291427,0.3258561674,0.2659130554,0.3565329441],[0.0,0.0,1.2271672347,0.3258934705,0.2659715847,0.356506737],[0.0,0.0,1.2273965035,0.3258620904,0.2659728341,0.3564627785],[0.0,0.0,1.2270870111,0.3258665575,0.2659910987,0.3564585839],[0.0,0.0,1.227658361,0.3258024579,0.2659512932,0.3564791005],[0.0,0.0,1.2275060914,0.3257612897,0.265953466,0.3564761783],[0.0,0.0,1.2276657606,0.3257958376,0.2660284915,0.3564673953],[0.0,0.0,1.2277408973,0.3258076673,0.2659821604,0.3564694157],[0.0,0.0,1.2271956173,0.3258315614,0.26597365,0.3565129552],[0.0,0.0,1.2274434756,0.3258678422,0.2659712353,0.356467461],[0.0,0.0,1.2276003063,0.3257523969,0.2659310723,0.3564687777],[0.0,0.0,1.2272996089,0.3258422924,0.2658750737,0.3564260942],[0.0,0.0,1.2277957576,0.3258010927,0.2659768629,0.3564250608],[0.0,0.0,1.2276630521,0.3258539056,0.2659728852,0.3564296951]],"thinning":10,"kernel_values":[0.9597842367,0.9898320215,0.6644375857,0.7544581619],"type_kernel":["Matern52"],"training_data":{"evaluations":[2594.1667858472,1571.9137257692,279.22703607,804.3260782879,12911.1021650567,1018.9246666032,1093.2521628275,39.371499366,1440.7771509611,463.591715426,6819.6538577593,865.1701867207],"points":[[0.7062163399,0.4294860667,0.5,0.8],[0.5700985486,0.0199711144,0.75,0.8],[0.9150086449,0.55357307,0.25,0.6],[0.9134629251,0.3654094376,0.5,0.2],[0.4419133607,0.9720097835,0.75,0.8],[0.3996253947,0.5362417213,0.25,0.8],[0.7355682082,0.015954154,0.5,0.8],[0.1147459207,0.2153672326,0.75,0.4],[0.421948444,0.3735718027,0.75,0.2],[0.6996486872,0.1604964326,0.25,0.4],[0.7781298003,0.8157964848,0.5,0.6],[0.0003445633,0.1417850945,0.75,0.8]],"var_noise":[]},"var_noise_value":[0.0],"n_burning":500,"same_correlation":true,"problem_name":"branin","data":{"evaluations":[2594.1667858472,1571.9137257692,279.22703607,804.3260782879,12911.1021650567,1018.9246666032,1093.2521628275,39.371499366,1440.7771509611,463.591715426,6819.6538577593,865.1701867207,8152.129097067,14779.6497976443,1226.4867482309,1635.7819784101,1635.7819784101,2385.2380974265],"points":[[0.7062163399,0.4294860667,0.5,0.8],[0.5700985486,0.0199711144,0.75,0.8],[0.9150086449,0.55357307,0.25,0.6],[0.9134629251,0.3654094376,0.5,0.2],[0.4419133607,0.9720097835,0.75,0.8],[0.3996253947,0.5362417213,0.25,0.8],[0.7355682082,0.015954154,0.5,0.8],[0.1147459207,0.2153672326,0.75,0.4],[0.421948444,0.3735718027,0.75,0.2],[0.6996486872,0.1604964326,0.25,0.4],[0.7781298003,0.8157964848,0.5,0.6],[0.0003445633,0.1417850945,0.75,0.8],[1.0,1.0,0.75,0.3745787733],[1.0,1.0,0.75,0.7196785378],[0.0,0.0,0.6603542811,0.8],[0.0,1.0,0.75,0.2],[0.0,1.0,0.75,0.2],[1.0,1.0,0.75,0.2]],"var_noise":[]},"start_point_sampler":[0.0,0.0,0.7408404188,0.3376403212,0.310614531,0.5452764434],"name_model":"gp_fitting_gaussian","training_name":"default_training_data_12_points_rs_521"}