{"type_bounds":[0,0,1,1],"max_steps_out":1000,"dimensions":[4],"bounds_domain":[[0.0,1.0],[0.0,1.0],[0.25,0.5,0.75],[0.2,0.4,0.6,0.8]],"mean_value":[0.0],"samples_parameters":[[0.0,0.0,0.2788010931,0.2501317972,207.7551259993,0.2016059867],[0.0,0.0,0.278794549,0.2502075397,234.2913896947,0.2016432653],[0.0,0.0,0.2788446398,0.2500735458,211.810958759,0.2017879513],[0.0,0.0,0.2788405078,0.2501994249,195.9482485948,0.2017618007],[0.0,0.0,0.2790789617,0.2501969307,218.1158899573,0.2017077976],[0.0,0.0,0.2790265908,0.2500675932,143.3794209515,0.2016630546],[0.0,0.0,0.2787725895,0.2500841735,150.4286732455,0.2014402264],[0.0,0.0,0.2788919536,0.2502712252,195.9059703907,0.201831714],[0.0,0.0,0.2788826236,0.2500505256,131.0199798065,0.2013772707],[0.0,0.0,0.2789479597,0.2500752726,173.6619108265,0.2016076722],[0.0,0.0,0.2789232377,0.2501921796,187.2609924713,0.2015991923],[0.0,0.0,0.3915111427,0.2200267046,208.6600196865,0.2126852665],[0.0,0.0,0.3844399319,0.2080591088,225.7855579213,0.2110026232],[0.0,0.0,0.38424763,0.2080005847,173.9135744788,0.2114124195],[0.0,0.0,0.3842515213,0.2083019892,204.629757834,0.2111933495],[0.0,0.0,0.3842708041,0.2082131628,207.95932676,0.2112299878],[0.0,0.0,0.3843331822,0.2082272406,235.4835304791,0.211297743],[0.0,0.0,0.3844178389,0.2079654731,168.9953614952,0.2110247981],[0.0,0.0,0.384276805,0.2082547687,207.2439533437,0.2110536733],[0.0,0.0,0.3846664302,0.2079245703,194.2868185078,0.2112574567],[0.0,0.0,0.3844354956,0.2080712896,230.4988852207,0.2110863768],[0.0,0.0,0.5126897619,0.1923321321,239.7603554826,0.2111310468],[0.0,0.0,0.8393717549,0.1306506874,225.8318797682,0.2104710846],[0.0,0.0,0.8872280006,0.1268987899,213.7986321385,0.2078007345],[0.0,0.0,0.8916912235,0.1267125212,184.5802209615,0.2075100962],[0.0,0.0,0.8919215247,0.1265955085,147.5448576151,0.2075584558],[0.0,0.0,0.8905094522,0.1267991991,230.9892193734,0.2077453007],[0.0,0.0,0.8900089423,0.1267490053,172.4385386726,0.2076757942],[0.0,0.0,0.8904877174,0.1267371123,247.9690151823,0.2075725098],[0.0,0.0,0.8909157752,0.1266223026,237.8774215064,0.207809778],[0.0,0.0,0.8907092909,0.1267138779,206.3610995566,0.2076657721],[0.0,0.0,0.8711984849,0.127505547,163.1708765139,0.2069454777],[0.0,0.0,0.8658428756,0.1294059645,235.4256374679,0.2021517052],[0.0,0.0,0.8684837944,0.1292280621,202.5423591629,0.2021493333],[0.0,0.0,0.8665415726,0.1293298285,209.9590701056,0.2021081072],[0.0,0.0,0.8660406855,0.1294248697,245.1479763599,0.2020020215],[0.0,0.0,0.8668575038,0.1293743547,198.5034665661,0.202080345],[0.0,0.0,0.8680776336,0.1292817232,188.6001522533,0.2019950372],[0.0,0.0,0.8677507277,0.129266761,236.6283527124,0.2020853889],[0.0,0.0,0.8672660149,0.1293188838,169.7813769818,0.2020604338],[0.0,0.0,0.8672404449,0.1293929211,222.111341651,0.2020482582],[0.0,0.0,0.0104280617,602.2405262714,103.2449616819,0.1833818411],[0.0,0.0,0.141725458,0.3140227348,0.1939281228,8.6035528096],[0.0,0.0,0.1416938756,0.3079650246,0.1955174659,1.8754429428],[0.0,0.0,0.1416024212,0.3083857332,0.1954759273,2.0026687061],[0.0,0.0,0.141656654,0.3082514597,0.1954712023,2.1822489743],[0.0,0.0,0.1417122102,0.3079748585,0.1953944101,2.1806071041],[0.0,0.0,0.1416740343,0.3078589879,0.1955131162,2.1081042992],[0.0,0.0,0.1416528983,0.30824695,0.1955385765,1.99764281],[0.0,0.0,0.1415906247,0.3082173343,0.1956746287,2.0088767511],[0.0,0.0,0.1416318396,0.3084154766,0.1954955911,1.9946471157],[0.0,0.0,0.1412249139,0.3276353378,0.1934916972,102.1631016439],[0.0,0.0,0.1348021047,0.3441419563,0.1994201127,72.2561161537],[0.0,0.0,0.1346904867,0.3443853375,0.1995967181,121.4930450696],[0.0,0.0,0.1347675537,0.3441841364,0.1994581528,116.5252576734],[0.0,0.0,0.1347200657,0.3442712821,0.1995725473,185.0738190939],[0.0,0.0,0.1347748242,0.3441615435,0.1994945273,125.2679281078],[0.0,0.0,0.134680587,0.3446017536,0.1995616209,117.8523324901],[0.0,0.0,0.1347495572,0.3440464127,0.1995578571,94.8824135919],[0.0,0.0,0.1347016538,0.3441367783,0.1994985584,146.5810605073],[0.0,0.0,0.1347986629,0.3441224327,0.1994677829,97.4197432902],[0.0,0.0,0.2839388935,0.3691894166,0.1372425945,90.0017807015],[0.0,0.0,0.2527768686,0.2251920438,0.1605547456,0.2523634925],[0.0,0.0,0.2535506108,0.2201741377,0.1631787135,0.2415230341],[0.0,0.0,0.2535269634,0.2201565844,0.1632039867,0.2416662455],[0.0,0.0,0.2534957954,0.2201545664,0.1631982844,0.2419366767],[0.0,0.0,0.2535046619,0.2201800362,0.1631810914,0.2422091953],[0.0,0.0,0.253520441,0.2201374688,0.1631792284,0.242111818],[0.0,0.0,0.2535628061,0.2200830356,0.1632205619,0.2419459403],[0.0,0.0,0.2535397617,0.220119203,0.1632444791,0.2416113944],[0.0,0.0,0.2535432832,0.2201418173,0.1632218145,0.2419046441],[0.0,0.0,0.2537241497,0.2210422503,0.1629727198,0.2837012076],[0.0,0.0,0.2517545857,0.2234012955,0.161061251,0.3164116016],[0.0,0.0,0.2517751352,0.2234353259,0.1611162484,0.3164989096],[0.0,0.0,0.2517960046,0.2234673842,0.161057561,0.3164715816],[0.0,0.0,0.2518317166,0.2234304177,0.1610853211,0.3163574585],[0.0,0.0,0.2517996544,0.2234134612,0.1610605102,0.3164455312],[0.0,0.0,0.2517279243,0.2235580596,0.1610334644,0.3165215587],[0.0,0.0,0.2517655632,0.2234707244,0.1610596384,0.3164350462],[0.0,0.0,0.2517358284,0.2234114323,0.1610243689,0.3164779795],[0.0,0.0,0.2518090406,0.2234565876,0.1610670393,0.3163451914],[0.0,0.0,0.2517645716,0.2234545052,0.1610701035,0.3163813987],[0.0,0.0,0.2517654513,0.2234466834,0.1609990651,0.3165172448],[0.0,0.0,0.251782378,0.2234332298,0.1610468278,0.3165030132],[0.0,0.0,0.2517832069,0.2234631863,0.1610956088,0.3164170171],[0.0,0.0,0.2517744012,0.2234447692,0.1611381263,0.3163578713],[0.0,0.0,0.2516956337,0.223532798,0.1611128063,0.3165115332],[0.0,0.0,0.2517737178,0.2234065055,0.1610742403,0.3164215637],[0.0,0.0,0.2517576543,0.2234733931,0.1610840354,0.3164979569],[0.0,0.0,0.2517651129,0.2234406153,0.1611095432,0.3165628055],[0.0,0.0,0.2517685537,0.2234354583,0.161096532,0.3165108775],[0.0,0.0,0.2517652459,0.2234657933,0.1610351972,0.3164522659],[0.0,0.0,0.2517418284,0.2233800288,0.161032664,0.3163432955],[0.0,0.0,0.2518197896,0.2234554208,0.161132648,0.316470182],[0.0,0.0,0.2518121982,0.223438145,0.1610070602,0.3164839704],[0.0,0.0,0.2517700772,0.2234288433,0.1610996133,0.3164609515],[0.0,0.0,0.251796316,0.223418467,0.1610327314,0.316431078],[0.0,0.0,0.2517969528,0.2234207498,0.1611089052,0.3164525313],[0.0,0.0,0.2517955313,0.2234749035,0.1610742176,0.316450572],[0.0,0.0,0.2517578081,0.2234731125,0.1611307385,0.3164870798],[0.0,0.0,0.2517985073,0.2233315132,0.1610780498,0.3165045665],[0.0,0.0,0.2518137858,0.223932092,0.1609544741,0.3165089126],[0.0,0.0,0.2518136908,0.2240693286,0.1610195212,0.3166974547],[0.0,0.0,0.2517777769,0.2241770872,0.1609545557,0.3166575424],[0.0,0.0,0.251851282,0.2242505889,0.1609946632,0.3167937769],[0.0,0.0,0.2517408978,0.2241823937,0.1610435344,0.3166498554],[0.0,0.0,0.2518154331,0.224119343,0.1610265107,0.3166383919],[0.0,0.0,0.251820212,0.2241298573,0.1610234935,0.3166446959],[0.0,0.0,0.2518652589,0.2241942426,0.160977897,0.3166373657],[0.0,0.0,0.2518045273,0.2241215167,0.1610162074,0.3166180562],[0.0,0.0,0.2518408671,0.2241473975,0.1609805034,0.3166804537],[0.0,0.0,0.2517995925,0.2242165044,0.1609880498,0.3166544683],[0.0,0.0,0.2517897102,0.2241268715,0.1609917852,0.3167036967],[0.0,0.0,0.2517769418,0.2242346535,0.1610528329,0.3166765196],[0.0,0.0,0.2518346226,0.2241459001,0.1609954902,0.3166391315],[0.0,0.0,0.2518423407,0.2242437352,0.1609807558,0.3166949618],[0.0,0.0,0.2518248948,0.2241247255,0.1609766296,0.3167321974],[0.0,0.0,0.2518261702,0.2241979078,0.1610282838,0.3166428116],[0.0,0.0,0.2518079924,0.224218979,0.1609594036,0.3166545419],[0.0,0.0,0.2518396466,0.2241855146,0.1609717654,0.316731546],[0.0,0.0,0.251819039,0.2242076632,0.1610265899,0.316700265],[0.0,0.0,0.1945070105,0.3027857488,0.1571588273,0.3177828557],[0.0,0.0,0.2046274711,0.2577110732,0.1578947172,0.3201147534],[0.0,0.0,0.2046173583,0.2577611737,0.1578050745,0.3201417539],[0.0,0.0,0.2045910809,0.2576514066,0.1578484051,0.3201642835],[0.0,0.0,