{"type_bounds":[0,0,1,1],"max_steps_out":1000,"dimensions":[4],"bounds_domain":[[0.0,1.0],[0.0,1.0],[0.25,0.5,0.75],[0.2,0.4,0.6,0.8]],"mean_value":[0.0],"samples_parameters":[[0.0,0.0,0.8444867821,0.1766499696,0.2669661549,0.6851235731],[0.0,0.0,0.8444654946,0.1766531396,0.2670121941,0.6853453461],[0.0,0.0,0.84392249,0.1766551159,0.2670342813,0.6856065862],[0.0,0.0,0.8435079101,0.1766800415,0.267029303,0.6858774546],[0.0,0.0,0.8440701995,0.176617681,0.2670651814,0.6852152279],[0.0,0.0,0.8443235166,0.1766239782,0.2670140359,0.6851797129],[0.0,0.0,0.844179549,0.1766620976,0.2670162338,0.6852355793],[0.0,0.0,0.8436913847,0.1767752477,0.267046111,0.6859259804],[0.0,0.0,0.8439450031,0.17675079,0.2670996923,0.6855652193],[0.0,0.0,0.844113297,0.1767129745,0.2670124757,0.6854977509],[0.0,0.0,0.8441732271,0.1766596672,0.2670715161,0.6855926346],[0.0,0.0,0.7151869568,0.1104122178,0.2640042601,0.3989757471],[0.0,0.0,0.7968399711,0.0739156532,2.9330388118,0.4369942069],[0.0,0.0,0.738826751,0.0833858442,0.4231390411,0.46723552],[0.0,0.0,0.7148754051,0.0855287842,0.4126079826,0.4763960351],[0.0,0.0,0.7073842045,0.0860769946,0.4064350851,0.4805996125],[0.0,0.0,0.706600385,0.0860810679,0.4065366754,0.480759765],[0.0,0.0,0.7060881593,0.0861437621,0.4055498249,0.481251012],[0.0,0.0,0.7049257914,0.0862029988,0.4057539355,0.4818090931],[0.0,0.0,0.7055697978,0.0861517488,0.4059370623,0.4813067487],[0.0,0.0,0.7057748688,0.0861356421,0.4060368626,0.4813131122],[0.0,0.0,0.7372886834,0.0869824972,79.8659925272,0.4479183194],[0.0,0.0,1.1002770713,0.0963273588,0.6544049912,0.3736104564],[0.0,0.0,1.2667848308,0.0966155203,0.5650031316,0.3685108835],[0.0,0.0,1.2666481424,0.096619274,0.5644551595,0.3685491446],[0.0,0.0,1.2671030243,0.0966234236,0.5644226825,0.368528634],[0.0,0.0,1.2671801992,0.096615297,0.5646406186,0.3686048589],[0.0,0.0,1.2664195643,0.0966100883,0.5648698177,0.3685871059],[0.0,0.0,1.2672678485,0.0966103516,0.5645523514,0.3684619193],[0.0,0.0,1.266757007,0.0966137208,0.564795745,0.36858228],[0.0,0.0,1.2671204943,0.0966130463,0.5645119491,0.3684683222],[0.0,0.0,1.1445139456,0.097198149,0.5403811879,0.3530868309],[0.0,0.0,1.1252490846,0.0996418368,0.4597470618,0.3697402031],[0.0,0.0,1.1248389596,0.0996528205,0.4597621214,0.369793218],[0.0,0.0,1.124042624,0.0996366874,0.4599406063,0.3696496932],[0.0,0.0,1.1246279826,0.0996507429,0.4597545557,0.3696989661],[0.0,0.0,1.124958083,0.0996510407,0.4596268324,0.3698379188],[0.0,0.0,1.1244569054,0.099653905,0.4596775981,0.3698025796],[0.0,0.0,1.1238110795,0.0996570863,0.459776938,0.36988158],[0.0,0.0,1.123741946,0.0996484846,0.4597451743,0.3698074005],[0.0,0.0,1.1250287728,0.0996484118,0.4596422475,0.3697523932]],"thinning":10,"kernel_values":[0.9719469162,1.0529374024,0.5036865569,0.6687242798],"type_kernel":["Matern52"],"training_data":{"evaluations":[5268.073560833,7245.064174831,41.9864113589,107.4535184229,433.1309777736,1296.4674998887,1972.3019693508,1007.9049512575,682.4339804006,87.5609233322,212.7365544349,11435.3849351291],"points":[[0.0909112349,0.8194187299,0.5,0.8],[0.9594181286,0.8906088599,0.75,0.4],[0.973245103,0.4078647301,0.25,0.6],[0.4234035133,0.05373979,0.5,0.6],[0.4963765271,0.01858639,0.5,0.8],[0.878979376,0.329627465,0.5,0.8],[0.4997189214,0.6148644644,0.5,0.8],[0.581011626,0.5588328889,0.5,0.4],[0.893466561,0.0898526984,0.25,0.2],[0.48573836,0.4603176181,0.25,0.4],[0.1508726589,0.3215105735,0.5,0.6],[0.4567009045,0.9019774135,0.75,0.8]],"var_noise":[]},"var_noise_value":[0.0],"n_burning":500,"same_correlation":true,"problem_name":"branin","data":{"evaluations":[5268.073560833,7245.064174831,41.9864113589,107.4535184229,433.1309777736,1296.4674998887,1972.3019693508,1007.9049512575,682.4339804006,87.5609233322,212.7365544349,11435.3849351291,7543.9189529858,25837.7457844487,3348.7438140976,894.9077666292],"points":[[0.0909112349,0.8194187299,0.5,0.8],[0.9594181286,0.8906088599,0.75,0.4],[0.973245103,0.4078647301,0.25,0.6],[0.4234035133,0.05373979,0.5,0.6],[0.4963765271,0.01858639,0.5,0.8],[0.878979376,0.329627465,0.5,0.8],[0.4997189214,0.6148644644,0.5,0.8],[0.581011626,0.5588328889,0.5,0.4],[0.893466561,0.0898526984,0.25,0.2],[0.48573836,0.4603176181,0.25,0.4],[0.1508726589,0.3215105735,0.5,0.6],[0.4567009045,0.9019774135,0.75,0.8],[0.0,0.5188991344,0.4418363783,0.8],[0.0,1.0,0.4418363685,0.8],[0.0,0.0597018436,0.25,0.8],[0.0,0.0,0.75,0.8]],"var_noise":[]},"start_point_sampler":[0.0,0.0,0.8444867821,0.1766499696,0.2669661549,0.6851235731],"name_model":"gp_fitting_gaussian","training_name":"default_training_data_12_points_rs_546"}