{"type_bounds":[0,0,1,1],"max_steps_out":1000,"dimensions":[4],"bounds_domain":[[0.0,1.0],[0.0,1.0],[0.25,0.5,0.75],[0.2,0.4,0.6,0.8]],"mean_value":[0.0],"samples_parameters":[[0.0,0.0,0.26563165,0.1138954291,0.2396213545,0.1949222564],[0.0,0.0,0.2656305673,0.11395948,0.2394649111,0.1949657425],[0.0,0.0,0.2656221518,0.1139247064,0.2393617012,0.1951138983],[0.0,0.0,0.2654416156,0.1138957975,0.2395298175,0.1953463428],[0.0,0.0,0.2655490576,0.1138897812,0.2392064753,0.1954567935],[0.0,0.0,0.2655237247,0.1139096358,0.2394521185,0.1953015784],[0.0,0.0,0.2656932494,0.1139226576,0.2393664111,0.1950498837],[0.0,0.0,0.2655510278,0.1138495228,0.2392886256,0.1949093276],[0.0,0.0,0.2655869597,0.1138742899,0.2394815238,0.1951651464],[0.0,0.0,0.2657173971,0.1138988187,0.2393063522,0.1952219858],[0.0,0.0,0.2655793468,0.1138729704,0.2393686311,0.1950703098],[0.0,0.0,0.2653969929,0.1143767279,0.2556318507,0.1936184838],[0.0,0.0,0.2655728507,0.1140723331,0.2486105253,0.1955032822],[0.0,0.0,0.265522678,0.1141120625,0.2485078658,0.1951526863],[0.0,0.0,0.2656061993,0.1139852847,0.2486030147,0.1951512954],[0.0,0.0,0.2655722234,0.1140654728,0.2481136335,0.1953619305],[0.0,0.0,0.2654784222,0.1140580593,0.2482437212,0.1955155128],[0.0,0.0,0.2655111863,0.1140642255,0.2483066019,0.1952935033],[0.0,0.0,0.2655878558,0.1140969472,0.2482569876,0.1953262912],[0.0,0.0,0.2655990094,0.1140654823,0.2483393867,0.195275766],[0.0,0.0,0.2655275621,0.1141041003,0.248601236,0.1951141731],[0.0,0.0,0.2655969228,0.1162202372,0.2517954196,0.1935427855],[0.0,0.0,0.2654467928,0.1175417156,0.252368871,0.1912836239],[0.0,0.0,0.265563889,0.1175091634,0.2522541973,0.1914078492],[0.0,0.0,0.2655575594,0.1175652446,0.2522951256,0.1914884155],[0.0,0.0,0.2654753536,0.1175470841,0.2524369643,0.191532642],[0.0,0.0,0.265610031,0.1175158198,0.252420785,0.1912450606],[0.0,0.0,0.2656208699,0.1175687131,0.2525534989,0.1909795315],[0.0,0.0,0.2655437238,0.1175361293,0.2524193547,0.1910539211],[0.0,0.0,0.265546616,0.1175276743,0.2523048211,0.1912497902],[0.0,0.0,0.2655453332,0.1175325037,0.2523883998,0.1912193995],[0.0,0.0,0.2656211839,0.1175567071,0.2523842435,0.1930729949],[0.0,0.0,0.2655505646,0.1175060015,0.2526127823,0.192457384],[0.0,0.0,0.2655178069,0.1174839798,0.2524770703,0.1925070063],[0.0,0.0,0.2656185463,0.117527616,0.2525617732,0.192176134],[0.0,0.0,0.2655826082,0.1175194143,0.251992942,0.1924839667],[0.0,0.0,0.2655584328,0.117486436,0.2523507182,0.1925281904],[0.0,0.0,0.2656624576,0.1175377793,0.2523297781,0.1923770426],[0.0,0.0,0.2657182701,0.117495389,0.2526537551,0.1925184483],[0.0,0.0,0.265650744,0.1175554318,0.2523784606,0.1925450538],[0.0,0.0,0.2655350291,0.117486913,0.2523311324,0.1925169183],[0.0,0.0,0.2687166115,0.1139379461,0.2458591228,0.1767876144],[0.0,0.0,0.2698239498,0.1159895948,0.2421301937,0.1823977023],[0.0,0.0,0.2697971207,0.1159724561,0.2421588225,0.182347696],[0.0,0.0,0.2699488975,0.1159750056,0.2422207651,0.1823404675],[0.0,0.0,0.2700046698,0.1160088841,0.2422106578,0.1824115495],[0.0,0.0,0.2700193561,0.1159908032,0.2419026621,0.1823232681],[0.0,0.0,0.2699114845,0.1159772547,0.2419234393,0.1825147461],[0.0,0.0,0.2699314909,0.1159500328,0.2418739318,0.1823967554],[0.0,0.0,0.2700127672,0.1159445289,0.2418693586,0.1823667726],[0.0,0.0,0.2698706716,0.1159891385,0.2421158525,0.1822548769],[0.0,0.0,0.2703491825,0.1159413822,0.2450208433,0.1818959052],[0.0,0.0,0.2701007908,0.1159943825,0.2507138365,0.1800358874],[0.0,0.0,0.2700452951,0.1160040032,0.250833612,0.1799826202],[0.0,0.0,0.270055503,0.116041428,0.2509472306,0.1800872188],[0.0,0.0,0.2699966286,0.1160195928,0.2508449216,0.1800397412],[0.0,0.0,0.2700287881,0.1160485984,0.2511021387,0.1798189088],[0.0,0.0,0.2700308724,0.1160215118,0.2508573281,0.179955299],[0.0,0.0,0.2699725738,0.1159721561,0.2510398098,0.1802476023],[0.0,0.0,0.2700282089,0.1159744587,0.2509131059,0.1801064634],[0.0,0.0,0.2699537364,0.1159298346,0.2511756092,0.1798333521],[0.0,0.0,0.2201160915,0.1554053583,180.8971382773,0.1558742401],[0.0,0.0,0.1332348863,0.3080404546,248.4313339024,0.1540593999],[0.0,0.0,0.1332451074,0.3079252694,240.3843288526,0.1541918587],[0.0,0.0,0.1333059521,0.3076879137,248.4293282902,0.1541101459],[0.0,0.0,0.1333350405,0.307683549,223.8042855168,0.1541952612],[0.0,0.0,0.1333463477,0.3076270413,243.9663029132,0.1541536802],[0.0,0.0,0.1333022029,0.3078671742,239.3601451365,0.1541640157],[0.0,0.0,0.1332698692,0.3077445168,239.9639181714,0.1541867359],[0.0,0.0,0.1332975699,0.3076777951,243.4392869709,0.1541458326],[0.0,0.0,0.1333069085,0.3078636784,244.0808792337,0.1541725901],[0.0,0.0,0.1341940201,0.2723246891,230.09677742,0.1641873996],[0.0,0.0,0.1417052768,0.2593116067,247.5331515053,0.1595864151],[0.0,0.0,0.1416666745,0.2594334264,230.953043906,0.1595592078],[0.0,0.0,0.1417618605,0.2593158081,247.5601455012,0.1595847375],[0.0,0.0,0.1417608743,0.2593388304,248.5467786722,0.1596055617],[0.0,0.0,0.1418038216,0.2592891654,245.1607457067,0.1595577631],[0.0,0.0,0.1416959884,0.2593870476,245.7358158387,0.1595606493],[0.0,0.0,0.1417639241,0.2592778529,235.1693676291,0.1595501822],[0.0,0.0,0.1417066433,0.2593123781,246.2222032448,0.1595391484],[0.0,0.0,0.1418773123,0.2593063959,247.668715417,0.15951848],[0.0,0.0,0.140294122,0.2682601931,243.0300765629,0.157798252],[0.0,0.0,0.1391636949,0.2702456784,245.1102753545,0.1583434858],[0.0,0.0,0.139205487,0.270143316,249.6555594237,0.1582822821],[0.0,0.0,0.1391449656,0.2703588768,240.919601598,0.1582831277],[0.0,0.0,0.1391685458,0.2702937385,245.2843780822,0.1582983012],[0.0,0.0,0.1391594451,0.2702214196,230.3547830851,0.158240618],[0.0,0.0,0.1391700867,0.2702916689,243.0772371737,0.1582756172],[0.0,0.0,0.139230987,0.2702470798,234.6085208892,0.15829965],[0.0,0.0,0.1391606808,0.2703006304,245.476883516,0.1583120298],[0.0,0.0,0.1392073062,0.2702699536,247.147173348,0.1582626351],[0.0,0.0,0.139858709,0.2760878921,32.9365204894,0.1579313854],[0.0,0.0,0.1319279699,0.276639344,0.4711526708,0.1689170323],[0.0,0.0,0.1336427944,0.2687387097,0.470295168,0.1707422806],[0.0,0.0,0.1337216725,0.2683296687,0.47011044,0.1708302919],[0.0,0.0,0.133637979,0.2686498294,0.4703944422,0.170750093],[0.0,0.0,0.133749049,0.2683255247,0.4701657786,0.1708812376],[0.0,0.0,0.1336941813,0.2683680587,0.4702614647,0.1708006946],[0.0,0.0,0.1336068322,0.2688247832,0.4702801541,0.1708153855],[0.0,0.0,0.133627138,0.2686870517,0.4701161141,0.1707219746],[0.0,0.0,0.1336549086,0.2687144862,0.47036592,0.1708094736],[0.0,0.0,0.1339583225,0.2542727682,0.4719106231,0.1871288312],[0.0,0.0,0.1395381502,0.24861071,0.4697076944,0.1809112277],[0.0,0.0,0.1395664499,0.2484464926,0.4695358919,0.1809589354],[0.0,0.0,0.13950161,0.2487552793,0.4695360737,0.1809907368],[0.0,0.0,0.1395169231,0.248585852,0.4697803201,0.1809443064],[0.0,0.0,0.1394517877,0.248671157,0.4694835235,0.1809631779],[0.0,0.0,0.1394740071,0.2486969035,0.4696083532,0.1809749442],[0.0,0.0,0.1395043161,0.2486087311,0.4697272138,0.1809405878],[0.0,0.0,0.1395257301,0.248711262,0.4697659807,0.1809270254],[0.0,0.0,0.1394595234,0.2487465043,0.4695955155,0.1809607726],[0.0,0.0,0.1380782262,0.2010087473,0.4101542289,0.1819607286],[0.0,0.0,0.2282378508,0.1775033984,0.4408115994,0.1832024378],[0.0,0.0,0.2280187785,0.1775490286,0.4407924157,0.183240202],[0.0,0.0,0.2281563867,0.1774938395,0.4405885548,0.1832932452],[0.0,0.0,0.2283131597,0.1774774318,0.4408490211,0.1832263595],[0.0,0.0,0.2281286604,0.1775568296,0.4408583537,0.1831516614],[0.0,0.0,0.2281490059,0.1775026276,0.4407315901,0.1832737577],[0.0,0.0,0.2283207479,0.1774603785,0.4406863298,0.1832407433],[0.0,0.0,0.2283027084,0.1774817542,0.4408061772,0.1831869058],[0.0,0.0,0.2279270172,0.1775679657,0.4407777792,0.1832229035],[0.0,0.0,0.2308873789,0.1777545023,0.4473648202,0.1792948994],[0.0,0.0,0.218779691,0.184135812,0.4541298014,0.1788021961],[0.0,0.0,0.2157336945,0.1850125811,0.4540795635,0.178869056],[0.0,0.0,0.2119778019,0.1858571902,0.4542250506,0.1789212818],[0.0,0.0,0.2110589575,0.1860450758,0.4542428599,0.1789517407],[0.0,0.0,