{"type_bounds":[0,0,1,1],"max_steps_out":1000,"dimensions":[4],"bounds_domain":[[0.0,1.0],[0.0,1.0],[0.25,0.5,0.75],[0.2,0.4,0.6,0.8]],"mean_value":[0.0],"samples_parameters":[[0.0,0.0,0.4261113612,0.0488953926,0.1220800622,0.3073790843],[0.0,0.0,0.4260710018,0.0488992571,0.1220969226,0.3075028051],[0.0,0.0,0.4261582293,0.0488968347,0.1220765882,0.307322885],[0.0,0.0,0.4260786062,0.0488817741,0.1220311818,0.3078375331],[0.0,0.0,0.4260895158,0.0488879301,0.1220697141,0.3077625843],[0.0,0.0,0.4262399495,0.0488997137,0.1220224635,0.3075473766],[0.0,0.0,0.4260976226,0.0488880387,0.1220603255,0.3073599841],[0.0,0.0,0.4261446111,0.0489108829,0.1220661424,0.3074882818],[0.0,0.0,0.4261664115,0.0489059395,0.1220679807,0.3076400667],[0.0,0.0,0.4259553137,0.048891744,0.1220930966,0.3076599335],[0.0,0.0,0.4258926866,0.0489050894,0.1220478263,0.3077705632],[0.0,0.0,0.4190746855,0.0639419104,0.1151041482,0.4838900085],[0.0,0.0,0.3040328314,0.0676049484,0.121546769,0.3684192387],[0.0,0.0,0.3041858382,0.0675986308,0.1215383028,0.3683958173],[0.0,0.0,0.3039100749,0.0676344543,0.121519891,0.368661671],[0.0,0.0,0.3040097662,0.0676104996,0.1215448602,0.3685167532],[0.0,0.0,0.303956704,0.0676281571,0.1215560605,0.3684798225],[0.0,0.0,0.3040135757,0.0676308665,0.121588374,0.3684299247],[0.0,0.0,0.3039114875,0.0676195061,0.1215783555,0.3685735966],[0.0,0.0,0.3041116907,0.0676263496,0.1215844789,0.3684448928],[0.0,0.0,0.3039176722,0.0676312351,0.1215535038,0.3685310385],[0.0,0.0,0.3040145611,0.0676331422,0.1215613907,0.3685871333],[0.0,0.0,0.3039627768,0.0676305916,0.1215253244,0.36849848],[0.0,0.0,0.3040435638,0.0676040967,0.121535397,0.3684315889],[0.0,0.0,0.3039306309,0.0676115236,0.1215118034,0.3685648344],[0.0,0.0,0.3037918603,0.0676431721,0.1215164326,0.3685957931],[0.0,0.0,0.304008503,0.0676354366,0.1215445747,0.3685382304],[0.0,0.0,0.3040302742,0.0676061593,0.1215472333,0.3686349613],[0.0,0.0,0.3040940683,0.0675924902,0.1215885488,0.3684522957],[0.0,0.0,0.3040086173,0.06763181,0.1215414116,0.3684712495],[0.0,0.0,0.3039840282,0.0676131609,0.12157002,0.3686433039],[0.0,0.0,0.3058469576,0.0674800332,0.1215952508,0.3686100531],[0.0,0.0,0.304813437,0.0676428772,0.1216648154,0.3681869586],[0.0,0.0,0.305224446,0.0676327427,0.1216476498,0.3680710299],[0.0,0.0,0.3051001113,0.0676324069,0.1216599169,0.3683009164],[0.0,0.0,0.3050329839,0.0676333591,0.1216663912,0.3679994785],[0.0,0.0,0.3049182283,0.0676449579,0.1216943126,0.3682555182],[0.0,0.0,0.3048442448,0.0676276449,0.1216789661,0.3683088924],[0.0,0.0,0.30498657,0.0676330338,0.121678447,0.3680485106],[0.0,0.0,0.3049149191,0.0676416304,0.1216350353,0.3681440338],[0.0,0.0,0.3048828197,0.0676347958,0.1216517964,0.3683106799],[0.0,0.0,0.3068754087,0.0676510148,0.1216224051,0.368616142],[0.0,0.0,0.3128636047,0.0669471158,0.1214888419,0.3687038259],[0.0,0.0,0.3127520963,0.0669566733,0.1214718626,0.3686829707],[0.0,0.0,0.3128572079,0.0669557277,0.1214649824,0.3688072295],[0.0,0.0,0.3127364821,0.0669528425,0.1214433877,0.368819591],[0.0,0.0,0.3128553221,0.0669539358,0.1214528997,0.3685465441],[0.0,0.0,0.3129346716,0.066939722,0.121446381,0.3688140903],[0.0,0.0,0.3129145309,0.0669364078,0.121467792,0.3686964389],[0.0,0.0,0.3128628424,0.0669275306,0.1214638181,0.3687580865],[0.0,0.0,0.3128532878,0.0669232442,0.1214760314,0.3685504679],[0.0,0.0,0.4436251192,0.0852794709,0.121436571,0.3084038732],[0.0,0.0,0.4639293446,0.0857264994,0.1375499359,0.1769376749],[0.0,0.0,0.4636505671,0.0857670949,0.1374382914,0.1770594599],[0.0,0.0,0.463711084,0.0857567119,0.137475806,0.1770611497],[0.0,0.0,0.463773381,0.0857761752,0.1374944022,0.1769944744],[0.0,0.0,0.4637006686,0.0857442411,0.1374635609,0.1771093283],[0.0,0.0,0.4638615035,0.0857412769,0.1374829271,0.1770143671],[0.0,0.0,0.4637012141,0.0857658258,0.1374726334,0.1769627502],[0.0,0.0,0.4637056024,0.0857633517,0.1374436884,0.1770628987],[0.0,0.0,0.4638625374,0.0857614095,0.1374631504,0.1770943151],[0.0,0.0,0.4632834867,0.0857983066,0.137547335,0.1768802625],[0.0,0.0,0.4636414312,0.0858344463,0.1375565306,0.1769213643],[0.0,0.0,0.4636819666,0.0858604062,0.1375344041,0.1768676369],[0.0,0.0,0.463687643,0.0858818659,0.1376150313,0.1768096139],[0.0,0.0,0.4636309787,0.0858557927,0.1375445759,0.1768478125],[0.0,0.0,0.4634965856,0.0858659761,0.1374920441,0.1768499187],[0.0,0.0,0.4635862139,0.0858487449,0.1375975481,0.1768512068],[0.0,0.0,0.4636061424,0.0858503475,0.1375745856,0.176804001],[0.0,0.0,0.4636447833,0.0858527487,0.1375513363,0.1768063315],[0.0,0.0,0.4636030004,0.0858390048,0.1375717101,0.1768486206],[0.0,0.0,0.4639537932,0.085845407,0.1375856859,0.1768744753],[0.0,0.0,0.4639213338,0.0858526242,0.1378100298,0.1766106929],[0.0,0.0,0.4639364684,0.0858543025,0.1378605767,0.1766279061],[0.0,0.0,0.4640530688,0.0858787836,0.1378476373,0.1765339898],[0.0,0.0,0.4639254459,0.0858749238,0.1377664578,0.1766293792],[0.0,0.0,0.464019019,0.0858565539,0.1378150658,0.1765478043],[0.0,0.0,0.4639635508,0.0858513046,0.1378631477,0.1766124928],[0.0,0.0,0.4640021374,0.0858813039,0.1378735335,0.176567626],[0.0,0.0,0.4641974125,0.0858635269,0.1378308679,0.1765746455],[0.0,0.0,0.4640647368,0.0858723645,0.1378250935,0.1765974911],[0.0,0.0,0.4635409324,0.0858628909,0.1379941492,0.1765848089],[0.0,0.0,0.4637341528,0.0858817399,0.1381007186,0.1765466264],[0.0,0.0,0.4636125638,0.085892514,0.1380559731,0.1765647955],[0.0,0.0,0.4636201027,0.085914839,0.1380751452,0.1765772417],[0.0,0.0,0.463606993,0.0859053261,0.1380872623,0.1764900659],[0.0,0.0,0.4636623429,0.0859059886,0.1381026256,0.1764166104],[0.0,0.0,0.4636767549,0.0858951888,0.1381016856,0.1766076185],[0.0,0.0,0.4635641472,0.085916783,0.1381027737,0.176500242],[0.0,0.0,0.4635634576,0.085909271,0.1379986975,0.1765885553],[0.0,0.0,0.46353118,0.0859064534,0.1380881538,0.1764967355],[0.0,0.0,0.454609985,0.0849271963,0.1397388269,0.1799776511],[0.0,0.0,0.4581473559,0.0859600086,0.1405595094,0.1779110368],[0.0,0.0,0.4582107967,0.0859546507,0.1405526267,0.1778875697],[0.0,0.0,0.4582562441,0.0859761933,0.1405676195,0.1777971808],[0.0,0.0,0.4581101554,0.0859490538,0.1405444926,0.1779238682],[0.0,0.0,0.4581783901,0.0859613501,0.1405656919,0.1778389185],[0.0,0.0,0.4582891811,0.085990046,0.14058816,0.1777937967],[0.0,0.0,0.4581865614,0.0859507315,0.1405397137,0.1778776493],[0.0,0.0,0.4581696712,0.0859568812,0.1405455096,0.177872708],[0.0,0.0,0.4581644854,0.0859945738,0.1405751054,0.1778126131],[0.0,0.0,0.4583166355,0.0859907982,0.1406056333,0.1777433357],[0.0,0.0,0.458494913,0.086094474,0.1408075882,0.1770534309],[0.0,0.0,0.4585574977,0.0860915832,0.1408327768,0.1769762262],[0.0,0.0,0.4585481086,0.0860895571,0.140801253,0.1771172198],[0.0,0.0,0.4584183828,0.0860742994,0.1407953432,0.1770519302],[0.0,0.0,0.4584964753,0.0860887015,0.1408293772,0.1770098574],[0.0,0.0,0.4585588464,0.0860942152,0.1408404909,0.1770204877],[0.0,0.0,0.4585467699,0.0860976606,0.1408302899,0.1770178828],[0.0,0.0,0.4584000969,0.086078777,0.1407372601,0.1771272031],[0.0,0.0,0.458540057,0.0860620695,0.1407951102,0.1770959008],[0.0,0.0,0.4589222235,0.0863503922,0.1416742577,0.1770945228],[0.0,0.0,0.4592702663,0.0866165735,0.141875497,0.1757036062],[0.0,0.0,0.4593472914,0.0866078232,0.1418833235,0.1757457447],[0.0,0.0,0.4592070033,0.0866459884,0.1419538874,0.1756450009],[0.0,0.0,0.4593029269,0.0866197877,0.1419302413,0.1757272857],[0.0,0.0,0.4593067412,0.0866223492,0.1419096983,0.1757378246],[0.0,0.0,0.4592454495,0.0866310267,0.141945345,0.1756664273],[0.0,0.0,0.4592309458,0.0866171883,0.1419426249,0.1757389524],[0.0,0.0,0.4592905976,0.0866453193,0.1419427109,0.1756494386],[0.0,0.0,0.4592336747,0.0865921286,0.1419157369,0.1757632839],[0.0,0.0,0.4563298176,0.0719285273,0.1392796464,0.1836940468],[0.0,0.0,0.313026456,0.0810092808,0.1289522041,0.2599523905],[0.0,0.0,0.3136136374,0.0809775698,0.1287885657,0.2602030293],[0.0,0.0,0.3136176905,0.0809986216,0.1287790635,0.260327222],[0.0,0.0,0.3136521868,0.0809852302,0.128777773,0.2603245814],[0.0,0.0,0.3136450464,0.081010853,0.128812973,0.2601926137],[0.0,0.0,