{"type_bounds":[0,0,1,1],"max_steps_out":1000,"dimensions":[4],"bounds_domain":[[0.0,1.0],[0.0,1.0],[0.25,0.5,0.75],[0.2,0.4,0.6,0.8]],"mean_value":[0.0],"samples_parameters":[[0.0,0.0,0.4115692519,0.3315159471,0.1155596829,0.1317804577],[0.0,0.0,0.4115666889,0.3315598752,0.1155640354,0.1318638057],[0.0,0.0,0.4115821379,0.3316035999,0.1155598887,0.131885541],[0.0,0.0,0.4114885443,0.3315646777,0.1155884685,0.1317218165],[0.0,0.0,0.411672653,0.3315696367,0.1155125753,0.1318232023],[0.0,0.0,0.4115084495,0.3312532752,0.1155818171,0.1320107917],[0.0,0.0,0.4115737186,0.3316069968,0.1156161087,0.1318498239],[0.0,0.0,0.4115825595,0.3316628441,0.1155723389,0.1318180924],[0.0,0.0,0.4115399935,0.3314508889,0.1154947457,0.1317995154],[0.0,0.0,0.4114773985,0.3316816913,0.1155971486,0.1317773546],[0.0,0.0,0.4114941374,0.331597487,0.1155562367,0.1318455082],[0.0,0.0,0.4112375336,0.3310945139,0.1157588154,0.1337594051],[0.0,0.0,0.4113859288,0.3291164993,0.1159405243,0.1331755663],[0.0,0.0,0.4113592814,0.3292250681,0.1159942439,0.1332430512],[0.0,0.0,0.4112661607,0.3291652144,0.115949154,0.1330242391],[0.0,0.0,0.4113055763,0.329270658,0.1159546634,0.1331476686],[0.0,0.0,0.4113226275,0.3290899276,0.1158541865,0.1330800075],[0.0,0.0,0.4113024717,0.3289780711,0.1160242562,0.1332893761],[0.0,0.0,0.411377342,0.3290274285,0.1159847762,0.1331845295],[0.0,0.0,0.41132188,0.3289824161,0.1159501538,0.1330970057],[0.0,0.0,0.4112657384,0.3291484457,0.1159917695,0.133165355],[0.0,0.0,0.4098846673,0.3285525628,0.1160990503,0.3158657356],[0.0,0.0,0.3521428609,0.1484756325,0.1993078091,138.3953741687],[0.0,0.0,0.3450638665,0.124421432,0.2330600176,186.6353413331],[0.0,0.0,0.3452063891,0.124346365,0.2329521738,179.3970832382],[0.0,0.0,0.3452789776,0.1243114648,0.2330515141,195.4404027461],[0.0,0.0,0.3451039626,0.1242633488,0.2332199659,198.1920520742],[0.0,0.0,0.3451365173,0.1243255504,0.2330347649,187.104659028],[0.0,0.0,0.345183809,0.1243789802,0.2329822465,158.8766507299],[0.0,0.0,0.3452786725,0.1243705157,0.2328682851,133.1103443982],[0.0,0.0,0.3453298735,0.1243472168,0.2329409393,188.0152430018],[0.0,0.0,0.3452257636,0.1244181588,0.232908839,152.7514863352],[0.0,0.0,0.345224693,0.1244412874,0.2327482527,139.2295175212],[0.0,0.0,0.3451735731,0.1244224373,0.2328170828,189.8193853319],[0.0,0.0,0.3451970723,0.1244294147,0.232895436,146.5683827196],[0.0,0.0,0.3452598918,0.1243775191,0.2329256365,98.7682547996],[0.0,0.0,0.3453739466,0.1244581113,0.2326232852,145.4810054145],[0.0,0.0,0.3452489486,0.1243825207,0.2328195596,152.6537003573],[0.0,0.0,0.3451377098,0.1243304317,0.2331037077,176.8991572691],[0.0,0.0,0.3452947545,0.1243467116,0.2329651759,145.0997092544],[0.0,0.0,0.3452928587,0.1243555549,0.2329204284,156.7714033574],[0.0,0.0,0.3452319568,0.1242136827,0.1939089498,131.0653266614],[0.0,0.0,0.3477801654,0.1311133697,0.2297029089,1.0074611962],[0.0,0.0,0.3448685226,0.1247011488,0.2392533336,1.0097758502],[0.0,0.0,0.3448102759,0.1247374582,0.2391959892,1.0107530127],[0.0,0.0,0.3448896893,0.1247166388,0.2393259424,1.0084171655],[0.0,0.0,0.3449047509,0.1246844955,0.2393638446,1.0089253995],[0.0,0.0,0.344838655,0.1246863074,0.2395005826,1.0086378208],[0.0,0.0,0.3448813831,0.1247213189,0.2393905488,1.0080603981],[0.0,0.0,0.3448708197,0.124692689,0.2394913115,1.0077403349],[0.0,0.0,0.3448824986,0.1246242716,0.2396111727,1.0079421719],[0.0,0.0,0.3448441895,0.1246443566,0.2392425228,1.0032918823],[0.0,0.0,0.345108947,0.1251974537,0.2382792544,0.960817052],[0.0,0.0,0.3451421589,0.1252889516,0.2380468822,0.9616147419],[0.0,0.0,0.3450867478,0.1252153998,0.2382284239,0.9611586394],[0.0,0.0,0.3451906059,0.1253203739,0.2379389143,0.9636851149],[0.0,0.0,0.3450158959,0.1252221922,0.2381421739,0.9643830485],[0.0,0.0,0.3451159149,0.1252708374,0.2381223442,0.9616059453],[0.0,0.0,0.345006631,0.1252679719,0.2380413042,0.9586429691],[0.0,0.0,0.3450362436,0.1252110685,0.2382442141,0.9619000533],[0.0,0.0,0.3450484811,0.1252278839,0.2381521016,0.9634782519]],"thinning":10,"kernel_values":[1.0423746555,0.6313875103,0.6858710562,0.634430727],"type_kernel":["Matern52"],"training_data":{"evaluations":[320.825671848,9256.978057622,1728.6016944021,246.983535562,302.0527386621,452.7011279215,3466.7517783255,2902.0850957343,222.4752529702,84.7866046537,2649.4524650097,9294.4508547651],"points":[[0.0989724733,0.641261838,0.75,0.6],[0.0409827218,0.8673086387,0.5,0.6],[0.6640970269,0.4795261842,0.5,0.6],[0.1028929667,0.615091046,0.75,0.6],[0.647085675,0.1763991391,0.25,0.8],[0.1427421582,0.5724241567,0.25,0.2],[0.533753319,0.862487758,0.5,0.6],[0.3811106629,0.4649371616,0.75,0.8],[0.8434842999,0.4741079376,0.25,0.2],[0.5670924869,0.4612254403,0.25,0.4],[0.6270108253,0.6197127763,0.5,0.6],[0.9859576185,0.7818866356,0.75,0.8]],"var_noise":[]},"var_noise_value":[0.0],"n_burning":500,"same_correlation":true,"problem_name":"branin","data":{"evaluations":[320.825671848,9256.978057622,1728.6016944021,246.983535562,302.0527386621,452.7011279215,3466.7517783255,2902.0850957343,222.4752529702,84.7866046537,2649.4524650097,9294.4508547651,270.1706275721,2993.7522667646,122.2283552209,290.1541957208,101.0284685445,245.6684037817],"points":[[0.0989724733,0.641261838,0.75,0.6],[0.0409827218,0.8673086387,0.5,0.6],[0.6640970269,0.4795261842,0.5,0.6],[0.1028929667,0.615091046,0.75,0.6],[0.647085675,0.1763991391,0.25,0.8],[0.1427421582,0.5724241567,0.25,0.2],[0.533753319,0.862487758,0.5,0.6],[0.3811106629,0.4649371616,0.75,0.8],[0.8434842999,0.4741079376,0.25,0.2],[0.5670924869,0.4612254403,0.25,0.4],[0.6270108253,0.6197127763,0.5,0.6],[0.9859576185,0.7818866356,0.75,0.8],[0.0,0.0572509653,0.75,0.6115481856],[0.0,1.0,0.75,0.2557093824],[1.0,0.0,0.338005331,0.7868143625],[1.0,0.0,0.3244369145,0.3403895172],[1.0,0.0,0.3244369249,0.8],[0.1945723282,1.0,0.75,0.2]],"var_noise":[]},"start_point_sampler":[0.0,0.0,0.4115692519,0.3315159471,0.1155596829,0.1317804577],"name_model":"gp_fitting_gaussian","training_name":"default_training_data_12_points_rs_513"}