{"type_bounds":[0,0,1,1],"max_steps_out":1000,"dimensions":[4],"bounds_domain":[[0.0,1.0],[0.0,1.0],[0.25,0.5,0.75],[0.2,0.4,0.6,0.8]],"mean_value":[0.0],"samples_parameters":[[0.0,0.0,0.2137408479,676.7201991196,0.1112561135,0.4956089466],[0.0,0.0,0.2137499238,802.7219900485,0.1112824388,0.4954942811],[0.0,0.0,0.2137233971,960.1822653346,0.1112667393,0.4956288192],[0.0,0.0,0.2137487864,488.8622000753,0.111315561,0.4953996713],[0.0,0.0,0.2137675382,654.6758200841,0.1113070163,0.4955590189],[0.0,0.0,0.2137673263,676.7033698694,0.1112540535,0.4956021339],[0.0,0.0,0.2136741251,771.1730194009,0.111260617,0.4956394034],[0.0,0.0,0.2137595911,580.1199783161,0.1112456946,0.4954958954],[0.0,0.0,0.2137672763,707.0878972881,0.1112539589,0.4955868917],[0.0,0.0,0.2137542316,724.2950648433,0.1112510317,0.495642407],[0.0,0.0,0.2137690031,409.0123335355,0.1112374511,0.4954574059],[0.0,0.0,0.2136290043,557.4838996469,0.1111100424,0.4942341162],[0.0,0.0,0.2126980062,591.9118123711,0.1110052706,0.4957225973],[0.0,0.0,0.212679164,454.7829341615,0.1109775442,0.4958593182],[0.0,0.0,0.2126814855,832.6355212852,0.1110271146,0.4957925759],[0.0,0.0,0.2126743423,851.8193870498,0.1110039244,0.4957609874],[0.0,0.0,0.212756249,886.0694321332,0.1110653857,0.4956980761],[0.0,0.0,0.2127415366,968.0917155901,0.1109850847,0.4957049533],[0.0,0.0,0.2128295425,811.4227580033,0.1110161473,0.4957663705],[0.0,0.0,0.2127274854,760.7878795905,0.1110325138,0.4958821571],[0.0,0.0,0.2127250492,856.5254539521,0.1109798699,0.4957572147],[0.0,0.0,0.2178250999,536.4370643966,0.1109345888,0.4881648819],[0.0,0.0,0.2280847946,981.3131103903,0.1111834469,0.4757518225],[0.0,0.0,0.2280233796,660.1685268335,0.1111597016,0.4754194241],[0.0,0.0,0.228123483,301.7910686423,0.1111588872,0.4754315712],[0.0,0.0,0.2280231152,315.0675824688,0.1111464325,0.4756435576],[0.0,0.0,0.2279972357,867.9575694845,0.1111947972,0.4756684238],[0.0,0.0,0.2280303499,461.1700556189,0.1111433668,0.4754104436],[0.0,0.0,0.2280971221,254.2762238867,0.1111486439,0.4753564333],[0.0,0.0,0.2280719362,930.0610082039,0.1112095843,0.4754585207],[0.0,0.0,0.2280219178,546.8854970065,0.1112085341,0.4754207347],[0.0,0.0,0.2280206854,996.934676198,0.1111360004,0.4754404642],[0.0,0.0,0.2278890306,632.8127064258,0.1111449965,0.4754309998],[0.0,0.0,0.2278855484,428.8616478106,0.1111873117,0.47556848],[0.0,0.0,0.2278603669,610.6390711779,0.1111834466,0.4754453189],[0.0,0.0,0.2277643347,949.7803177033,0.1111526478,0.4756080972],[0.0,0.0,0.2279120839,788.4708410635,0.1111328685,0.4755718111],[0.0,0.0,0.227885564,396.2380685598,0.1111763087,0.4755747799],[0.0,0.0,0.2278679566,560.2281116956,0.111157468,0.4755246134],[0.0,0.0,0.2277680342,952.4717771899,0.1112005913,0.4756781196],[0.0,0.0,0.2278554779,216.3478048881,0.111156342,0.4756024834]],"thinning":10,"kernel_values":[0.8366261834,0.9415371145,0.6001371742,0.8316186557],"type_kernel":["Matern52"],"training_data":{"evaluations":[435.064458354,2591.0794835225,868.7175509078,440.8429994071,5343.1376233684,177.3932995032,106.6549786856,116.4566008587,113.6175860772,820.4649719733,1351.371099702,18987.7347298626],"points":[[0.8112405275,0.1771847571,0.25,0.8],[0.3368720259,0.7099024151,0.25,0.8],[0.2048360252,0.6080133093,0.5,0.8],[0.1718491273,0.0031106186,0.5,0.4],[0.5198612654,0.1140069244,0.75,0.2],[0.5421013532,0.6898228179,0.5,0.2],[0.7949740126,0.1675334474,0.25,0.6],[0.5820622647,0.2057438362,0.25,0.8],[0.9153956261,0.4024862475,0.25,0.2],[0.3078580543,0.5606273058,0.25,0.4],[0.4395660412,0.6019333394,0.5,0.6],[0.7409966524,0.8616779338,0.75,0.8]],"var_noise":[]},"var_noise_value":[0.0],"n_burning":500,"same_correlation":true,"problem_name":"branin","data":{"evaluations":[435.064458354,2591.0794835225,868.7175509078,440.8429994071,5343.1376233684,177.3932995032,106.6549786856,116.4566008587,113.6175860772,820.4649719733,1351.371099702,18987.7347298626,24.2468536248,1635.7819784101,894.9077666292,46.6557516772],"points":[[0.8112405275,0.1771847571,0.25,0.8],[0.3368720259,0.7099024151,0.25,0.8],[0.2048360252,0.6080133093,0.5,0.8],[0.1718491273,0.0031106186,0.5,0.4],[0.5198612654,0.1140069244,0.75,0.2],[0.5421013532,0.6898228179,0.5,0.2],[0.7949740126,0.1675334474,0.25,0.6],[0.5820622647,0.2057438362,0.25,0.8],[0.9153956261,0.4024862475,0.25,0.2],[0.3078580543,0.5606273058,0.25,0.4],[0.4395660412,0.6019333394,0.5,0.6],[0.7409966524,0.8616779338,0.75,0.8],[1.0,0.7747169054,0.25,0.2],[0.0,1.0,0.75,0.2],[0.0,0.0,0.75,0.8],[1.0,0.0,0.25,0.8]],"var_noise":[]},"start_point_sampler":[0.0,0.0,0.2137408479,676.7201991196,0.1112561135,0.4956089466],"name_model":"gp_fitting_gaussian","training_name":"default_training_data_12_points_rs_504"}