{"type_bounds":[0,0,1,1],"max_steps_out":1000,"dimensions":[4],"bounds_domain":[[0.0,1.0],[0.0,1.0],[0.25,0.5,0.75],[0.2,0.4,0.6,0.8]],"mean_value":[0.0],"samples_parameters":[[0.0,0.0,937.6428885061,0.3034575509,0.4288635776,0.1397354207],[0.0,0.0,553.2401749479,0.303532431,0.4286753008,0.1397230009],[0.0,0.0,372.3029518352,0.3035232328,0.4288495045,0.1397035147],[0.0,0.0,857.7378402536,0.3034598905,0.4284978386,0.1397422683],[0.0,0.0,868.3593973654,0.3035109813,0.4285242102,0.1397086845],[0.0,0.0,519.853974212,0.3034230358,0.428787703,0.1396746729],[0.0,0.0,518.3743696842,0.3030925979,0.4293539156,0.1396429954],[0.0,0.0,878.8299566332,0.3035748596,0.4286174797,0.1397260757],[0.0,0.0,837.8168096283,0.303576565,0.4288374678,0.1396592564],[0.0,0.0,219.9513926824,0.303370301,0.4285646266,0.1397328798],[0.0,0.0,367.6684606996,0.3035298739,0.4291353607,0.1396200953],[0.0,0.0,481.2172718267,0.1161356536,0.0037695826,0.025903779],[0.0,0.0,0.5318481996,0.2461923645,12.2302006194,0.0982213169],[0.0,0.0,0.5202685324,0.240561252,0.4235637633,0.1123476081],[0.0,0.0,0.5173584437,0.2431010811,0.4032878447,0.1135017376],[0.0,0.0,0.5174331123,0.2431970813,0.4031133766,0.1135349946],[0.0,0.0,0.5172494235,0.2433618875,0.4022636033,0.1135918254],[0.0,0.0,0.517246845,0.2432995215,0.402698444,0.1135776997],[0.0,0.0,0.5172184768,0.2433154581,0.40231299,0.1135869706],[0.0,0.0,0.5174855073,0.2431555103,0.4033617914,0.1135125338],[0.0,0.0,0.5173173011,0.2433475238,0.4021419997,0.1135903405],[0.0,0.0,0.516460923,0.2434326446,0.3950766146,0.1156538556],[0.0,0.0,0.5160745415,0.2450105974,0.3871410899,0.1155231153],[0.0,0.0,0.5159771605,0.2449715801,0.3869768209,0.115630324],[0.0,0.0,0.5162046318,0.2449536524,0.3870810494,0.1154805642],[0.0,0.0,0.5161580253,0.2449863343,0.3879941017,0.1155313922],[0.0,0.0,0.5161168979,0.2449458336,0.3874193686,0.1155682647],[0.0,0.0,0.5161529605,0.2448988771,0.387597668,0.1156024884],[0.0,0.0,0.5159577372,0.2448638727,0.3874026817,0.1155137608],[0.0,0.0,0.516156886,0.2449322945,0.3870383226,0.1156040786],[0.0,0.0,0.5163767569,0.244913036,0.3873837541,0.1155477882],[0.0,0.0,0.0738130793,0.3076878309,0.3275685809,0.1086083386],[0.0,0.0,0.0956463804,0.3596886947,0.1839441829,0.2053938221],[0.0,0.0,0.1546612165,0.3768884844,0.1757162527,0.1054494968],[0.0,0.0,0.1549004454,0.3760083961,0.1754636262,0.105718965],[0.0,0.0,0.1549125409,0.375754486,0.175489169,0.1057073458],[0.0,0.0,0.1549804541,0.3757374059,0.1754958012,0.1057231627],[0.0,0.0,0.1548192653,0.3758990477,0.1755473944,0.105735106],[0.0,0.0,0.1548790189,0.3757893948,0.1755150266,0.1057142136],[0.0,0.0,0.1549460828,0.3759325648,0.1755404505,0.1056813288],[0.0,0.0,0.1548567775,0.3758458097,0.1755263126,0.1057194243]],"thinning":10,"kernel_values":[1.0436598666,0.9579040785,0.7287379973,0.5572702332],"type_kernel":["Matern52"],"training_data":{"evaluations":[2544.4218436345,3131.1112272056,106.6369386831,15.4320475326,1430.9833644607,779.9252331605,664.406229632,369.3549068722,2305.6286622718,145.627951531,2411.4032037923,743.9532284915],"points":[[0.830128941,0.1207712957,0.75,0.4],[0.2714134111,0.7922669258,0.75,0.6],[0.7789951706,0.1570190252,0.25,0.6],[0.5390875353,0.0070271056,0.25,0.6],[0.1936376162,0.4756238129,0.25,0.6],[0.4169327842,0.510524893,0.25,0.8],[0.1755959132,0.3237748878,0.25,0.6],[0.1657721116,0.8551682483,0.75,0.8],[0.4734514438,0.0055037165,0.5,0.2],[0.903015226,0.4373591819,0.25,0.4],[0.8606303094,0.5810971277,0.5,0.6],[0.0189503543,0.1992492616,0.75,0.8]],"var_noise":[]},"var_noise_value":[0.0],"n_burning":500,"same_correlation":true,"problem_name":"branin","data":{"evaluations":[2544.4218436345,3131.1112272056,106.6369386831,15.4320475326,1430.9833644607,779.9252331605,664.406229632,369.3549068722,2305.6286622718,145.627951531,2411.4032037923,743.9532284915,12858.6321839475,358.6575375576,40199.2005412939,6094.3464343897],"points":[[0.830128941,0.1207712957,0.75,0.4],[0.2714134111,0.7922669258,0.75,0.6],[0.7789951706,0.1570190252,0.25,0.6],[0.5390875353,0.0070271056,0.25,0.6],[0.1936376162,0.4756238129,0.25,0.6],[0.4169327842,0.510524893,0.25,0.8],[0.1755959132,0.3237748878,0.25,0.6],[0.1657721116,0.8551682483,0.75,0.8],[0.4734514438,0.0055037165,0.5,0.2],[0.903015226,0.4373591819,0.25,0.4],[0.8606303094,0.5810971277,0.5,0.6],[0.0189503543,0.1992492616,0.75,0.8],[1.0,1.0,0.75,0.6097039576],[0.0,0.0,0.75,0.6097039475],[0.0,1.0,0.25,0.8],[1.0,0.0,0.75,0.2303270961]],"var_noise":[]},"start_point_sampler":[0.0,0.0,937.6428885061,0.3034575509,0.4288635776,0.1397354207],"name_model":"gp_fitting_gaussian","training_name":"default_training_data_12_points_rs_556"}