{"type_bounds":[0,0,1,1],"max_steps_out":1000,"dimensions":[4],"bounds_domain":[[0.0,1.0],[0.0,1.0],[0.25,0.5,0.75],[0.2,0.4,0.6,0.8]],"mean_value":[0.0],"samples_parameters":[[0.0,0.0,0.1700357405,0.2961198842,0.2323488269,0.1605542959],[0.0,0.0,0.1700960753,0.2960746796,0.23239869,0.1605679343],[0.0,0.0,0.1701427687,0.2960780609,0.2329967536,0.1603004538],[0.0,0.0,0.1701640647,0.2960493068,0.2328373881,0.1603801457],[0.0,0.0,0.1701519586,0.2960915584,0.2325632817,0.1605323913],[0.0,0.0,0.1701029223,0.2960598561,0.2322226887,0.1605601254],[0.0,0.0,0.1700831026,0.296087459,0.2322054895,0.1606649992],[0.0,0.0,0.170161644,0.2961045949,0.232535891,0.1605170393],[0.0,0.0,0.1700867465,0.2961430824,0.232642515,0.1605133272],[0.0,0.0,0.1700953224,0.296112568,0.2323875516,0.1605257585],[0.0,0.0,0.1701079179,0.2960226797,0.2326617526,0.1605203542],[0.0,0.0,850.9675384361,0.2368681234,6.23597565,0.1322802064],[0.0,0.0,811.1822484968,0.1950335996,0.8406832587,0.1338751996],[0.0,0.0,816.2880501466,0.1949862525,0.8407799405,0.1338752094],[0.0,0.0,758.1466254573,0.1949744777,0.8406138236,0.1338874209],[0.0,0.0,830.1699690994,0.1949906571,0.840617354,0.1338592303],[0.0,0.0,957.1277826492,0.1949648057,0.8407872646,0.1338619779],[0.0,0.0,959.4605004832,0.1949993053,0.8406992972,0.1338703809],[0.0,0.0,987.8927110465,0.1949921423,0.8404638328,0.1338634292],[0.0,0.0,949.5125419549,0.1949611359,0.8407556923,0.133883367],[0.0,0.0,903.4538190286,0.194983821,0.840687466,0.133867355],[0.0,0.0,294.0789162904,0.0267581375,0.9280811773,0.5011307041],[0.0,0.0,856.2504587793,0.0181572891,156.9519508572,0.33241729],[0.0,0.0,889.55990931,0.0181601529,243.7889960878,0.3324227991],[0.0,0.0,669.1633431072,0.0181551182,216.7279519342,0.332417735],[0.0,0.0,773.193573977,0.0181569674,188.4235258124,0.3324089352],[0.0,0.0,780.5814969455,0.0181605977,249.8066298589,0.3324183799],[0.0,0.0,876.0470504843,0.018157916,244.1668848823,0.3324066237],[0.0,0.0,629.6351464692,0.0181584947,86.4656875487,0.3324096963],[0.0,0.0,922.1653441344,0.0181571601,246.8671789444,0.3324168288],[0.0,0.0,474.3847855477,0.0181569056,142.0099916188,0.3324392277],[0.0,0.0,940.9470668205,0.0181572563,249.9835847535,0.3324380166],[0.0,0.0,373.8019760727,0.0181580315,233.3728143778,0.3324113492],[0.0,0.0,473.474838639,0.0181598158,184.8198994893,0.3324422068],[0.0,0.0,766.0663481905,0.0181560471,123.2106524795,0.3324212265],[0.0,0.0,410.0226883947,0.0181611717,121.0929450536,0.3324422715],[0.0,0.0,939.1665014227,0.0181604122,136.7527461654,0.332413034],[0.0,0.0,856.489745767,0.0181591219,242.1268470362,0.3324093093],[0.0,0.0,730.9295856028,0.0181587719,230.3809447332,0.3324192474],[0.0,0.0,513.0223734859,0.0181552832,197.1645178406,0.3324313815],[0.0,0.0,800.0631601387,0.0181605032,185.9806500347,0.3324130222],[0.0,0.0,885.8240443107,0.0181576171,102.9524357262,0.331983281],[0.0,0.0,1.3144089523,0.0181720582,0.7181280911,0.3320766821],[0.0,0.0,0.7190427982,0.0183950939,218.8824866214,0.3323892619],[0.0,0.0,0.7216158875,0.0183929954,233.3314934186,0.3323876025],[0.0,0.0,0.7209631027,0.018391557,201.1374188492,0.3323724303],[0.0,0.0,0.719384905,0.0183946801,241.1011836638,0.3323775478],[0.0,0.0,0.7204852766,0.0183944729,99.2566833209,0.3323837004],[0.0,0.0,0.7192823446,0.0183951534,113.0818750629,0.3323803265],[0.0,0.0,0.7211140688,0.0183900221,203.8579595623,0.3323678487],[0.0,0.0,0.721719854,0.0183923962,181.5052801217,0.332379013]],"thinning":10,"kernel_values":[0.9834770998,1.025725305,0.718021262,0.7458847737],"type_kernel":["Matern52"],"training_data":{"evaluations":[134.743540772,16312.7041692323,932.803565444,249.2757048311,683.0886822439,951.9032202523,91.396651639,3193.9882393735,84.2817128529,4045.873425047,2423.6581402376,3767.8990392228],"points":[[0.1113820407,0.1833508938,0.5,0.6],[0.8545630339,0.8573055562,0.75,0.8],[0.1174374289,0.8111044762,0.25,0.2],[0.4921082864,0.7847502595,0.25,0.4],[0.2910688564,0.2500722129,0.25,0.8],[0.7781210621,0.24189189,0.5,0.4],[0.2507171465,0.0757248427,0.75,0.6],[0.6783417023,0.2961076719,0.75,0.8],[0.6223584284,0.7251942133,0.25,0.2],[0.2289075403,0.9635364443,0.25,0.4],[0.8007540719,0.5287806887,0.5,0.6],[0.8728738008,0.3773183126,0.75,0.8]],"var_noise":[]},"var_noise_value":[0.0],"n_burning":500,"same_correlation":true,"problem_name":"branin","data":{"evaluations":[134.743540772,16312.7041692323,932.803565444,249.2757048311,683.0886822439,951.9032202523,91.396651639,3193.9882393735,84.2817128529,4045.873425047,2423.6581402376,3767.8990392228,39791.2000057745,23985.4718783792,7002.0489127734,949.1995444056,457.3124189743],"points":[[0.1113820407,0.1833508938,0.5,0.6],[0.8545630339,0.8573055562,0.75,0.8],[0.1174374289,0.8111044762,0.25,0.2],[0.4921082864,0.7847502595,0.25,0.4],[0.2910688564,0.2500722129,0.25,0.8],[0.7781210621,0.24189189,0.5,0.4],[0.2507171465,0.0757248427,0.75,0.6],[0.6783417023,0.2961076719,0.75,0.8],[0.6223584284,0.7251942133,0.25,0.2],[0.2289075403,0.9635364443,0.25,0.4],[0.8007540719,0.5287806887,0.5,0.6],[0.8728738008,0.3773183126,0.75,0.8],[0.0,1.0,0.25,0.6863189855],[0.0,1.0,0.25,0.3981381075],[1.0,0.0,0.75,0.2],[1.0,0.1831972638,0.65390288,0.8],[0.5117167827,0.6271935671,0.75,0.2]],"var_noise":[]},"start_point_sampler":[0.0,0.0,0.1700357405,0.2961198842,0.2323488269,0.1605542959],"name_model":"gp_fitting_gaussian","training_name":"default_training_data_12_points_rs_539"}