{"type_bounds":[0,0,1,1],"max_steps_out":1000,"dimensions":[4],"bounds_domain":[[0.0,1.0],[0.0,1.0],[0.25,0.5,0.75],[0.2,0.4,0.6,0.8]],"mean_value":[0.0],"samples_parameters":[[0.0,0.0,0.2137408479,676.7201991196,0.1112561135,0.4956089466],[0.0,0.0,0.2137499238,802.7219900485,0.1112824388,0.4954942811],[0.0,0.0,0.2137233971,960.1822653346,0.1112667393,0.4956288192],[0.0,0.0,0.2137487864,488.8622000753,0.111315561,0.4953996713],[0.0,0.0,0.2137675382,654.6758200841,0.1113070163,0.4955590189],[0.0,0.0,0.2137673263,676.7033698694,0.1112540535,0.4956021339],[0.0,0.0,0.2136741251,771.1730194009,0.111260617,0.4956394034],[0.0,0.0,0.2137595911,580.1199783161,0.1112456946,0.4954958954],[0.0,0.0,0.2137672763,707.0878972881,0.1112539589,0.4955868917],[0.0,0.0,0.2137542316,724.2950648433,0.1112510317,0.495642407],[0.0,0.0,0.2137690031,409.0123335355,0.1112374511,0.4954574059],[0.0,0.0,0.2136290043,557.4838996469,0.1111100424,0.4942341162],[0.0,0.0,0.2126980062,591.9118123711,0.1110052706,0.4957225973],[0.0,0.0,0.212679164,454.7829341615,0.1109775442,0.4958593182],[0.0,0.0,0.2126814855,832.6355212852,0.1110271146,0.4957925759],[0.0,0.0,0.2126743423,851.8193870498,0.1110039244,0.4957609874],[0.0,0.0,0.212756249,886.0694321332,0.1110653857,0.4956980761],[0.0,0.0,0.2127415366,968.0917155901,0.1109850847,0.4957049533],[0.0,0.0,0.2128295425,811.4227580033,0.1110161473,0.4957663705],[0.0,0.0,0.2127274854,760.7878795905,0.1110325138,0.4958821571],[0.0,0.0,0.2127250492,856.5254539521,0.1109798699,0.4957572147],[0.0,0.0,0.2178250999,536.4370643966,0.1109345888,0.4881648819],[0.0,0.0,0.2280847946,981.3131103903,0.1111834469,0.4757518225],[0.0,0.0,0.2280233796,660.1685268335,0.1111597016,0.4754194241],[0.0,0.0,0.228123483,301.7910686423,0.1111588872,0.4754315712],[0.0,0.0,0.2280231152,315.0675824688,0.1111464325,0.4756435576],[0.0,0.0,0.2279972357,867.9575694845,0.1111947972,0.4756684238],[0.0,0.0,0.2280303499,461.1700556189,0.1111433668,0.4754104436],[0.0,0.0,0.2280971221,254.2762238867,0.1111486439,0.4753564333],[0.0,0.0,0.2280719362,930.0610082039,0.1112095843,0.4754585207],[0.0,0.0,0.2280219178,546.8854970065,0.1112085341,0.4754207347],[0.0,0.0,0.2280206854,996.934676198,0.1111360004,0.4754404642],[0.0,0.0,0.2278890306,632.8127064258,0.1111449965,0.4754309998],[0.0,0.0,0.2278855484,428.8616478106,0.1111873117,0.47556848],[0.0,0.0,0.2278603669,610.6390711779,0.1111834466,0.4754453189],[0.0,0.0,0.2277643347,949.7803177033,0.1111526478,0.4756080972],[0.0,0.0,0.2279120839,788.4708410635,0.1111328685,0.4755718111],[0.0,0.0,0.227885564,396.2380685598,0.1111763087,0.4755747799],[0.0,0.0,0.2278679566,560.2281116956,0.111157468,0.4755246134],[0.0,0.0,0.2277680342,952.4717771899,0.1112005913,0.4756781196],[0.0,0.0,0.2278554779,216.3478048881,0.111156342,0.4756024834],[0.0,0.0,0.2272164264,510.8775553037,0.1110118653,0.475815751],[0.0,0.0,0.2217813612,724.2499968297,0.1107994468,0.4812020746],[0.0,0.0,0.2218305589,606.5304337488,0.1108278341,0.4811341076],[0.0,0.0,0.2219263347,942.3687865023,0.1107970422,0.481047717],[0.0,0.0,0.2218656404,961.5601834537,0.110758059,0.481157941],[0.0,0.0,0.221928868,904.652976907,0.110779306,0.4809617382],[0.0,0.0,0.2218605016,367.0835345395,0.1108013589,0.4810393349],[0.0,0.0,0.2218383672,725.6466151261,0.1107956646,0.4811107021],[0.0,0.0,0.2217672207,457.3088380244,0.1108517682,0.4812292564],[0.0,0.0,0.2218594265,747.8390752179,0.1107864096,0.4811308382],[0.0,0.0,0.2212022975,768.2636374182,0.110776478,0.4811328472],[0.0,0.0,0.2216058121,7.9120541261,0.1107803694,0.4812640752],[0.0,0.0,0.2223060463,6.7212128604,0.1107826151,0.4814453155],[0.0,0.0,0.2222421081,6.8787419541,0.110718686,0.4816417607],[0.0,0.0,0.2222952484,6.8035692525,0.1107523679,0.4814397097],[0.0,0.0,0.2222671117,7.0552628465,0.11078891,0.4814882783],[0.0,0.0,0.2223762958,6.8489366552,0.1107629386,0.4815739551],[0.0,0.0,0.2223245583,6.7079760828,0.1108162858,0.4815591708],[0.0,0.0,0.222231155,6.7131269869,0.1107923993,0.481500281],[0.0,0.0,0.2224074997,6.6589758859,0.1107588079,0.4815029719],[0.0,0.0,0.2222243463,2.809923588,0.1095453286,0.4959952009],[0.0,0.0,0.2263223668,2.879657064,0.1102473559,0.4844137362],[0.0,0.0,0.2265103996,2.8589314361,0.1103087476,0.4842000541],[0.0,0.0,0.2265489322,2.8620286888,0.1103112878,0.4841833663],[0.0,0.0,0.2265344637,2.8608379484,0.1103347528,0.4842325334],[0.0,0.0,0.2265056803,2.8666804894,0.1103167946,0.4842526134],[0.0,0.0,0.2263967606,2.864814927,0.1102721142,0.4843076971],[0.0,0.0,0.2264625567,2.8616072417,0.1102892642,0.4842857369],[0.0,0.0,0.2263508932,2.8709331475,0.1102823518,0.4843393338],[0.0,0.0,0.2265182271,2.8742554066,0.1103088172,0.4842092459],[0.0,0.0,0.2264665821,2.8623758177,0.1102857882,0.4841119384],[0.0,0.0,0.2264766585,2.8545170793,0.1102824679,0.484351683],[0.0,0.0,0.2265363537,2.8619794754,0.110339247,0.4842330282],[0.0,0.0,0.2263396289,2.9018769895,0.1102662828,0.4842288808],[0.0,0.0,0.2265499232,2.8708156281,0.1102762659,0.4842155761],[0.0,0.0,0.2263696175,2.8769720192,0.1102870605,0.4843296489],[0.0,0.0,0.2263904362,2.8667376294,0.1102776426,0.4843436533],[0.0,0.0,0.2264550981,2.869260187,0.1103112392,0.4842598521],[0.0,0.0,0.226384251,2.8947349492,0.1102820379,0.4842654315],[0.0,0.0,0.2264049071,2.8782202612,0.1103212534,0.4841583184],[0.0,0.0,0.226446028,2.8677608595,0.1103970139,0.4841293705],[0.0,0.0,0.2264013536,2.8820755027,0.1102813538,0.4842916455],[0.0,0.0,0.2265663989,2.8570571809,0.1102517111,0.4842948161],[0.0,0.0,0.2265117895,2.8629961219,0.1103050987,0.4841334681],[0.0,0.0,0.2265164289,2.8685686925,0.1103111712,0.484224435],[0.0,0.0,0.2265087165,2.8714268311,0.1103093287,0.4843041627],[0.0,0.0,0.2264643273,2.8665763715,0.1103308068,0.4842140999],[0.0,0.0,0.2265625112,2.859485907,0.1102445671,0.484217238],[0.0,0.0,0.2264578847,2.8633067493,0.1102344913,0.4841261957],[0.0,0.0,0.2264703184,2.8773117295,0.1102835653,0.4840773842],[0.0,0.0,0.2264060948,2.8632265326,0.1102469655,0.4843895962],[0.0,0.0,0.226453631,2.8683751762,0.1103113419,0.4843595602],[0.0,0.0,0.2265391721,2.8569511468,0.1103050735,0.484270538],[0.0,0.0,0.2264832182,2.8637347747,0.1103011141,0.4842999113],[0.0,0.0,0.226389225,2.877183742,0.1102975968,0.4843442988],[0.0,0.0,0.2264791517,2.8692146614,0.110325103,0.4841926965],[0.0,0.0,0.2265474621,2.8525979846,0.1102825768,0.4842449292],[0.0,0.0,0.2265006489,2.8644496232,0.1103285702,0.4841632259],[0.0,0.0,0.2264216504,2.8689935105,0.1103356523,0.4842635659],[0.0,0.0,0.2264807301,2.8658058884,0.1102553244,0.4841498093],[0.0,0.0,0.2264220367,2.8692077089,0.1103557411,0.4842171735],[0.0,0.0,0.2264502751,2.8675656247,0.1103018609,0.4842734518],[0.0,0.0,0.2264809959,2.8678679197,0.1103182535,0.4843399701],[0.0,0.0,0.2264232568,2.87212702,0.1103040363,0.4843535784],[0.0,0.0,0.2263963333,2.8762735412,0.1103433406,0.4842727551],[0.0,0.0,0.2265145315,2.8588305728,0.1103017867,0.484246727],[0.0,0.0,0.2263666199,2.8713793686,0.1102760939,0.4843596067],[0.0,0.0,0.2263797915,2.8804577404,0.1103659657,0.4842369228],[0.0,0.0,0.2264216033,2.8665341809,0.110299709,0.4842160347],[0.0,0.0,0.2264501196,2.8671115013,0.1103433756,0.4842557712],[0.0,0.0,0.2392208182,2.1388944196,0.1102022532,0.4246208851],[0.0,0.0,0.3639153709,0.4177080275,0.1119020985,0.0476671531],[0.0,0.0,0.3643697609,0.4170169923,0.1118737772,0.0475949065],[0.0,0.0,0.3636678056,0.4171787794,0.1119856068,0.0476465923],[0.0,0.0,0.3634182442,0.4176789658,0.1119469966,0.0476348007],[0.0,0.0,0.3635705917,0.4172390562,0.1119136293,0.0475807988],[0.0,0.0,0.3630601995,0.4173180926,0.1120035478,0.0476839913],[0.0,0.0,0.3633811393,0.4174025072,0.1120033541,0.0476544981],[0.0,0.0,0.3635779075,0.4171627108,0.1120023854,0.0476815001],[0.0,0.0,0.3633487159,0.4173761219,0.1119538905,0.0475962644],[0.0,0.0,1.5448473892,0.1593143967,0.1269790243,0.0608790019],[0.0,0.0,1.3882812914,0.1663788995,0.1154937233,0.0494749941],[0.0,0.0,1.288355425,0.1734150329,0.1124862807,0.0492097357],[0.0,0.0,1.2236325261,0.1783151668,0.1113481646,0.0493351358],[0.0,0.0,