{"type_bounds":[0,0,1,1],"max_steps_out":1000,"dimensions":[4],"bounds_domain":[[0.0,1.0],[0.0,1.0],[0.25,0.5,0.75],[0.2,0.4,0.6,0.8]],"mean_value":[0.0],"samples_parameters":[[0.0,0.0,0.3333935068,0.0818770344,0.10976728,107.391048823],[0.0,0.0,0.3334514752,0.0818943667,0.1098126438,92.7434146663],[0.0,0.0,0.333177723,0.0818811347,0.1097107524,112.0937654051],[0.0,0.0,0.3326510096,0.0818988897,0.1097350412,69.5522872803],[0.0,0.0,0.3327515334,0.0819090998,0.1099663651,134.8465268457],[0.0,0.0,0.3330180469,0.0820117737,0.1098100868,66.3851788618],[0.0,0.0,0.3331147252,0.0819585774,0.1097871453,158.581393252],[0.0,0.0,0.3326098733,0.0818908028,0.1098294916,94.5387495659],[0.0,0.0,0.3332364577,0.0820022,0.1098302456,82.3950338645],[0.0,0.0,0.3328749439,0.0819424279,0.1098369435,90.5600277671],[0.0,0.0,0.3328006922,0.0818994223,0.1098397414,173.8278898586],[0.0,0.0,0.3357998145,0.081789982,0.1093183324,63.5167033209],[0.0,0.0,0.3354788418,0.0817696151,0.1095265485,105.8787409364],[0.0,0.0,0.3359138567,0.0817348616,0.1095291166,122.8099153781],[0.0,0.0,0.3362370767,0.0817930767,0.109468509,148.7308218717],[0.0,0.0,0.3359352966,0.0817364342,0.1095684936,192.1945603374],[0.0,0.0,0.3361614724,0.0817805461,0.1094769148,185.0917255635],[0.0,0.0,0.335863584,0.0818415262,0.1095132629,71.6182823971],[0.0,0.0,0.3359683428,0.0817328948,0.109638908,78.6249623832],[0.0,0.0,0.3361041624,0.0817793942,0.1095180051,159.4349987305],[0.0,0.0,0.3363474296,0.0817405347,0.1095016625,102.6761478298],[0.0,0.0,0.1771681043,0.0710481679,0.1600638928,42.8604482999],[0.0,0.0,0.0937210808,0.3042903366,0.1107937562,2.6961770503],[0.0,0.0,0.0942221341,0.3193485402,0.1106062238,1.093420318],[0.0,0.0,0.0940921847,0.3394367097,0.1105155629,0.7923740494],[0.0,0.0,0.0943584726,0.357162464,0.1103838663,0.6880710246],[0.0,0.0,0.0943439665,0.3868594718,0.1099965656,0.6018941618],[0.0,0.0,0.0943999831,0.4028738607,0.1096391127,0.5717672438],[0.0,0.0,0.0943983619,0.4096638361,0.1098888704,0.5597398827],[0.0,0.0,0.0944208351,0.4164778434,0.1096213514,0.5478844126],[0.0,0.0,0.0944766757,0.4187770934,0.1096394006,0.545364426],[0.0,0.0,0.0967048224,675.9167548477,0.1035461864,0.3768468538],[0.0,0.0,0.1078499704,296.6423126029,0.1042689107,0.3550179825],[0.0,0.0,0.1080904794,767.8888225394,0.1041145226,0.3547068561],[0.0,0.0,0.1078888013,819.7062651243,0.1042031382,0.354998012],[0.0,0.0,0.1079346127,664.2568471108,0.104189677,0.3549674826],[0.0,0.0,0.1078325219,804.9701728499,0.1043268646,0.3550422677],[0.0,0.0,0.1079786496,798.9825111873,0.1043604025,0.3547086689],[0.0,0.0,0.107983401,893.8969384317,0.1042027339,0.3548699263],[0.0,0.0,0.1080081439,963.613271669,0.104303272,0.3548542842],[0.0,0.0,0.1078689474,559.5789788393,0.1042013281,0.3548083267],[0.0,0.0,0.0793497692,339.445667258,0.0554611895,0.3640680798],[0.0,0.0,0.1089183581,752.5740021986,0.0055513288,0.3557502517],[0.0,0.0,0.1088448974,758.8439909606,0.0055530186,0.3555400118],[0.0,0.0,0.1089383453,419.4812034664,0.0055516897,0.3559327138],[0.0,0.0,0.1088263747,699.679783821,0.0055540235,0.3560821879],[0.0,0.0,0.108864099,822.1354980264,0.0055515255,0.3557073324],[0.0,0.0,0.1089389714,965.5639276321,0.0055533159,0.3556189672],[0.0,0.0,0.1089924145,742.6223607746,0.0055522834,0.3556128049],[0.0,0.0,0.1088347068,304.6589756574,0.0055517176,0.3556289234],[0.0,0.0,0.1088400538,443.2286091945,0.0055501716,0.3557186829]],"thinning":10,"kernel_values":[1.12291917,0.8163105415,0.718021262,0.7115912209],"type_kernel":["Matern52"],"training_data":{"evaluations":[1039.6624631649,1141.7873009386,691.2611034902,558.146901869,363.1348303271,18.5186429711,5700.8402829904,1475.5619813088,161.8585154617,433.2925085273,337.5379173589,3700.2928759497],"points":[[0.8506181009,0.7745239054,0.75,0.2],[0.2925411766,0.5754695103,0.75,0.4],[0.2230885266,0.1744014623,0.25,0.4],[0.1977146566,0.5734416748,0.5,0.6],[0.3778901171,0.3396943292,0.5,0.6],[0.1385341232,0.4631847311,0.75,0.4],[0.0108283689,0.3333446696,0.25,0.8],[0.0825687799,0.899034518,0.75,0.8],[0.9595192475,0.0842840957,0.25,0.2],[0.7219853935,0.21447231,0.25,0.4],[0.0645368212,0.2213165687,0.5,0.6],[0.8194104702,0.3372847682,0.75,0.8]],"var_noise":[]},"var_noise_value":[0.0],"n_burning":500,"same_correlation":true,"problem_name":"branin","data":{"evaluations":[1039.6624631649,1141.7873009386,691.2611034902,558.146901869,363.1348303271,18.5186429711,5700.8402829904,1475.5619813088,161.8585154617,433.2925085273,337.5379173589,3700.2928759497,249.285749268,1064.0945505405,1681.1781330253,3571.1320812108,39774.6569328859],"points":[[0.8506181009,0.7745239054,0.75,0.2],[0.2925411766,0.5754695103,0.75,0.4],[0.2230885266,0.1744014623,0.25,0.4],[0.1977146566,0.5734416748,0.5,0.6],[0.3778901171,0.3396943292,0.5,0.6],[0.1385341232,0.4631847311,0.75,0.4],[0.0108283689,0.3333446696,0.25,0.8],[0.0825687799,0.899034518,0.75,0.8],[0.9595192475,0.0842840957,0.25,0.2],[0.7219853935,0.21447231,0.25,0.4],[0.0645368212,0.2213165687,0.5,0.6],[0.8194104702,0.3372847682,0.75,0.8],[1.0,0.0,0.25,0.2008841543],[0.0,0.475392844,0.75,0.524042711],[0.0,0.3402980777,0.75,0.7721731906],[0.0,0.0,0.2545711717,0.8],[0.0,1.0,0.2550781282,0.8]],"var_noise":[]},"start_point_sampler":[0.0,0.0,0.3333935068,0.0818770344,0.10976728,107.391048823],"name_model":"gp_fitting_gaussian","training_name":"default_training_data_12_points_rs_505"}