{"type_bounds":[0,0,1,1],"max_steps_out":1000,"dimensions":[4],"bounds_domain":[[0.0,1.0],[0.0,1.0],[0.25,0.5,0.75],[0.2,0.4,0.6,0.8]],"mean_value":[0.0],"samples_parameters":[[0.0,0.0,0.4261113612,0.0488953926,0.1220800622,0.3073790843],[0.0,0.0,0.4260710018,0.0488992571,0.1220969226,0.3075028051],[0.0,0.0,0.4261582293,0.0488968347,0.1220765882,0.307322885],[0.0,0.0,0.4260786062,0.0488817741,0.1220311818,0.3078375331],[0.0,0.0,0.4260895158,0.0488879301,0.1220697141,0.3077625843],[0.0,0.0,0.4262399495,0.0488997137,0.1220224635,0.3075473766],[0.0,0.0,0.4260976226,0.0488880387,0.1220603255,0.3073599841],[0.0,0.0,0.4261446111,0.0489108829,0.1220661424,0.3074882818],[0.0,0.0,0.4261664115,0.0489059395,0.1220679807,0.3076400667],[0.0,0.0,0.4259553137,0.048891744,0.1220930966,0.3076599335],[0.0,0.0,0.4258926866,0.0489050894,0.1220478263,0.3077705632],[0.0,0.0,0.4190746855,0.0639419104,0.1151041482,0.4838900085],[0.0,0.0,0.3040328314,0.0676049484,0.121546769,0.3684192387],[0.0,0.0,0.3041858382,0.0675986308,0.1215383028,0.3683958173],[0.0,0.0,0.3039100749,0.0676344543,0.121519891,0.368661671],[0.0,0.0,0.3040097662,0.0676104996,0.1215448602,0.3685167532],[0.0,0.0,0.303956704,0.0676281571,0.1215560605,0.3684798225],[0.0,0.0,0.3040135757,0.0676308665,0.121588374,0.3684299247],[0.0,0.0,0.3039114875,0.0676195061,0.1215783555,0.3685735966],[0.0,0.0,0.3041116907,0.0676263496,0.1215844789,0.3684448928],[0.0,0.0,0.3039176722,0.0676312351,0.1215535038,0.3685310385],[0.0,0.0,0.3040145611,0.0676331422,0.1215613907,0.3685871333],[0.0,0.0,0.3039627768,0.0676305916,0.1215253244,0.36849848],[0.0,0.0,0.3040435638,0.0676040967,0.121535397,0.3684315889],[0.0,0.0,0.3039306309,0.0676115236,0.1215118034,0.3685648344],[0.0,0.0,0.3037918603,0.0676431721,0.1215164326,0.3685957931],[0.0,0.0,0.304008503,0.0676354366,0.1215445747,0.3685382304],[0.0,0.0,0.3040302742,0.0676061593,0.1215472333,0.3686349613],[0.0,0.0,0.3040940683,0.0675924902,0.1215885488,0.3684522957],[0.0,0.0,0.3040086173,0.06763181,0.1215414116,0.3684712495],[0.0,0.0,0.3039840282,0.0676131609,0.12157002,0.3686433039],[0.0,0.0,0.3058469576,0.0674800332,0.1215952508,0.3686100531],[0.0,0.0,0.304813437,0.0676428772,0.1216648154,0.3681869586],[0.0,0.0,0.305224446,0.0676327427,0.1216476498,0.3680710299],[0.0,0.0,0.3051001113,0.0676324069,0.1216599169,0.3683009164],[0.0,0.0,0.3050329839,0.0676333591,0.1216663912,0.3679994785],[0.0,0.0,0.3049182283,0.0676449579,0.1216943126,0.3682555182],[0.0,0.0,0.3048442448,0.0676276449,0.1216789661,0.3683088924],[0.0,0.0,0.30498657,0.0676330338,0.121678447,0.3680485106],[0.0,0.0,0.3049149191,0.0676416304,0.1216350353,0.3681440338],[0.0,0.0,0.3048828197,0.0676347958,0.1216517964,0.3683106799],[0.0,0.0,0.3068754087,0.0676510148,0.1216224051,0.368616142],[0.0,0.0,0.3128636047,0.0669471158,0.1214888419,0.3687038259],[0.0,0.0,0.3127520963,0.0669566733,0.1214718626,0.3686829707],[0.0,0.0,0.3128572079,0.0669557277,0.1214649824,0.3688072295],[0.0,0.0,0.3127364821,0.0669528425,0.1214433877,0.368819591],[0.0,0.0,0.3128553221,0.0669539358,0.1214528997,0.3685465441],[0.0,0.0,0.3129346716,0.066939722,0.121446381,0.3688140903],[0.0,0.0,0.3129145309,0.0669364078,0.121467792,0.3686964389],[0.0,0.0,0.3128628424,0.0669275306,0.1214638181,0.3687580865],[0.0,0.0,0.3128532878,0.0669232442,0.1214760314,0.3685504679]],"thinning":10,"kernel_values":[0.8919506772,0.7207056697,0.718021262,0.8144718793],"type_kernel":["Matern52"],"training_data":{"evaluations":[18195.9843667216,4723.5179031578,1665.7366495542,5737.8679962517,1882.6699633828,379.7675181686,508.2338397061,174.7206266976,269.1481058065,319.9506236586,450.2739113898,1111.8960675418],"points":[[0.0593423823,0.9074794239,0.25,0.6],[0.3849411203,0.6141211172,0.75,0.8],[0.4306210244,0.9440000595,0.75,0.2],[0.8026034323,0.5600449431,0.75,0.6],[0.2012818101,0.9133090062,0.5,0.8],[0.4220279662,0.6454845645,0.75,0.2],[0.8395081264,0.5407493256,0.25,0.4],[0.108923332,0.6350461331,0.5,0.2],[0.6126457247,0.3384438675,0.25,0.2],[0.4802941715,0.7864892293,0.25,0.4],[0.0614810846,0.2536158201,0.5,0.6],[0.2315224642,0.5464383469,0.75,0.8]],"var_noise":[]},"var_noise_value":[0.0],"n_burning":500,"same_correlation":true,"problem_name":"branin","data":{"evaluations":[18195.9843667216,4723.5179031578,1665.7366495542,5737.8679962517,1882.6699633828,379.7675181686,508.2338397061,174.7206266976,269.1481058065,319.9506236586,450.2739113898,1111.8960675418,5950.6032941208,1304.9221270438,2216.7130825969,520.1960653421,5266.3975322248],"points":[[0.0593423823,0.9074794239,0.25,0.6],[0.3849411203,0.6141211172,0.75,0.8],[0.4306210244,0.9440000595,0.75,0.2],[0.8026034323,0.5600449431,0.75,0.6],[0.2012818101,0.9133090062,0.5,0.8],[0.4220279662,0.6454845645,0.75,0.2],[0.8395081264,0.5407493256,0.25,0.4],[0.108923332,0.6350461331,0.5,0.2],[0.6126457247,0.3384438675,0.25,0.2],[0.4802941715,0.7864892293,0.25,0.4],[0.0614810846,0.2536158201,0.5,0.6],[0.2315224642,0.5464383469,0.75,0.8],[0.8727088717,0.5088683405,0.75,0.8],[1.0,0.0,0.75,0.8],[0.0,0.0,0.4590789629,0.8],[1.0,1.0,0.25,0.8],[0.7411784868,1.0,0.25,0.6575417469]],"var_noise":[]},"start_point_sampler":[0.0,0.0,0.4261113612,0.0488953926,0.1220800622,0.3073790843],"name_model":"gp_fitting_gaussian","training_name":"default_training_data_12_points_rs_552"}