{"type_bounds":[0,0,1,1],"max_steps_out":1000,"dimensions":[4],"bounds_domain":[[0.0,1.0],[0.0,1.0],[0.25,0.5,0.75],[0.2,0.4,0.6,0.8]],"mean_value":[0.0],"samples_parameters":[[0.0,0.0,0.7216735573,0.0710775361,0.4296268305,0.1945912085],[0.0,0.0,0.7218780143,0.0710774416,0.4299120253,0.1945997727],[0.0,0.0,0.7222693338,0.0710830024,0.4295802452,0.1946419176],[0.0,0.0,0.7218831362,0.0710605135,0.4297096366,0.1946077208],[0.0,0.0,0.7213117454,0.0710770615,0.4299436627,0.1945765462],[0.0,0.0,0.7218666544,0.0710791946,0.429732585,0.1945008839],[0.0,0.0,0.7218490276,0.0710767011,0.4295459356,0.1945340263],[0.0,0.0,0.7218455504,0.0710631268,0.4297902932,0.1946231452],[0.0,0.0,0.7215797762,0.0710706625,0.429856602,0.1946724717],[0.0,0.0,0.722295198,0.0710721502,0.4294069787,0.1945733992],[0.0,0.0,0.7220501497,0.0710583449,0.429814456,0.1947481813],[0.0,0.0,0.803314334,0.0703054372,0.4105506988,0.1450939905],[0.0,0.0,0.7522953729,0.0709224983,0.4028090546,0.164621925],[0.0,0.0,0.752724048,0.070922476,0.4029287902,0.1645024374],[0.0,0.0,0.7523310185,0.0709152328,0.4027925469,0.1645664869],[0.0,0.0,0.7518972774,0.0709171771,0.402781166,0.1645874094],[0.0,0.0,0.7519584841,0.0709362899,0.4029176551,0.1645547892],[0.0,0.0,0.7525030338,0.0709273015,0.4027496942,0.1645419122],[0.0,0.0,0.7518753831,0.0709459593,0.4029736347,0.1645942827],[0.0,0.0,0.7522861854,0.0709313622,0.4026102946,0.164641693],[0.0,0.0,0.7524176413,0.0709297286,0.4029445182,0.1644814754],[0.0,0.0,0.7410802059,0.0705571849,0.4069453097,0.1647056093],[0.0,0.0,0.706580322,0.0699324079,0.4251532547,0.1661143801],[0.0,0.0,0.7069059332,0.0699425058,0.4249702662,0.1660153082],[0.0,0.0,0.7062298329,0.069933361,0.4250908665,0.1660695102],[0.0,0.0,0.7064243817,0.0699419023,0.4250651359,0.1661174588],[0.0,0.0,0.7064989418,0.0699482529,0.4249428096,0.1661141368],[0.0,0.0,0.7068793852,0.0699501041,0.4250841696,0.1660936556],[0.0,0.0,0.7063749782,0.0699423816,0.4251450229,0.166124393],[0.0,0.0,0.7065460657,0.0699329022,0.4248759517,0.1660885242],[0.0,0.0,0.706353632,0.069940582,0.4253035577,0.1661072789],[0.0,0.0,0.7205771714,0.0718086033,0.438215394,0.1660650678],[0.0,0.0,0.730169829,0.0714950666,0.4345198679,0.165358205],[0.0,0.0,0.7301526399,0.0715107382,0.4345513173,0.1653297923],[0.0,0.0,0.7303171302,0.0715320165,0.4342862291,0.1653236412],[0.0,0.0,0.729876266,0.0715216115,0.4346691835,0.1652742001],[0.0,0.0,0.7298236765,0.0715203761,0.4344855909,0.1654015817],[0.0,0.0,0.72998904,0.0715036913,0.4345214723,0.1653066563],[0.0,0.0,0.7298715732,0.071504324,0.4345372443,0.1653660881],[0.0,0.0,0.7303632629,0.071506061,0.434381276,0.1653519702],[0.0,0.0,0.7298523088,0.0714990275,0.4345468655,0.1653837234],[0.0,0.0,0.5598594315,0.0606951599,0.4671571211,0.1454330751],[0.0,0.0,0.8390139723,0.0685697364,0.4171165575,0.0159611464],[0.0,0.0,0.833793398,0.0686541312,0.418152259,0.0158632163],[0.0,0.0,0.8339290338,0.0686490882,0.4180069856,0.0158642567],[0.0,0.0,0.8338194535,0.0686560616,0.4180086669,0.0158551331],[0.0,0.0,0.8335948352,0.068649811,0.4182663931,0.015859763],[0.0,0.0,0.8340271712,0.0686274818,0.4180453352,0.01587601],[0.0,0.0,0.8337938211,0.068637206,0.4181843639,0.0158680808],[0.0,0.0,0.8331508893,0.0686807292,0.4182482944,0.0158542035],[0.0,0.0,0.8340465324,0.0686470787,0.4179635305,0.0158733423],[0.0,0.0,0.8334986379,0.06862803,0.418137591,0.0158535941],[0.0,0.0,0.832825586,0.0686205378,0.4183398744,0.0158516344],[0.0,0.0,0.8322943954,0.0686243998,0.4184007412,0.015858959],[0.0,0.0,0.8324198751,0.0686195666,0.4178885305,0.0158632847],[0.0,0.0,0.8323132891,0.068631414,0.4180748713,0.0158592504],[0.0,0.0,0.8320569954,0.0686147125,0.4183612796,0.0158669557],[0.0,0.0,0.8328758064,0.0686305759,0.4180332633,0.0158675617],[0.0,0.0,0.8323833494,0.0686021489,0.4183471956,0.0158581919],[0.0,0.0,0.8328519818,0.0686256051,0.4182898561,0.0158505983],[0.0,0.0,0.8317154118,0.0686562979,0.4186675534,0.0158625833],[0.0,0.0,0.8317034654,0.0686369426,0.4184981689,0.0158667614],[0.0,0.0,0.8326361513,0.0686550352,0.4183954783,0.0158684885],[0.0,0.0,0.8319478623,0.0686408914,0.418512023,0.0158645944],[0.0,0.0,0.8326407913,0.0686499413,0.4184525706,0.0158652769],[0.0,0.0,0.8324476728,0.0686718121,0.4185540715,0.0158622124],[0.0,0.0,0.8320892509,0.0686506802,0.4183542489,0.0158456923],[0.0,0.0,0.832531306,0.0686467886,0.4183254502,0.0158685429],[0.0,0.0,0.8329065518,0.0686336516,0.4182604203,0.0158587132],[0.0,0.0,0.8329260814,0.0686730725,0.4182757504,0.0158554352],[0.0,0.0,0.8328047801,0.0686451677,0.4181581806,0.0158731942],[0.0,0.0,0.0316303584,0.0236757996,0.2825211326,0.1223834297],[0.0,0.0,0.1425381734,0.2662410174,0.4510427559,0.254433027],[0.0,0.0,0.1426559331,0.2662175862,0.4497562593,0.254972421],[0.0,0.0,0.1426288822,0.2663601128,0.4494663034,0.2549832912],[0.0,0.0,0.142619387,0.2662941514,0.4499068384,0.2549467484],[0.0,0.0,0.142598723,0.2664000679,0.4494568948,0.2549455756],[0.0,0.0,0.1426384394,0.2662640308,0.4500138251,0.254891992],[0.0,0.0,0.1426728486,0.2662499039,0.4494576742,0.2550526246],[0.0,0.0,0.1425873005,0.2663047367,0.4497981809,0.2549616659],[0.0,0.0,0.1426245689,0.2663466772,0.4500578134,0.2549355462],[0.0,0.0,0.1433575801,0.2657828494,0.4430677905,0.2529351096],[0.0,0.0,0.1438034028,0.2619183746,0.445395217,0.2549498429],[0.0,0.0,0.1438023127,0.2619830227,0.4452309898,0.2549857974],[0.0,0.0,0.1437962678,0.262038286,0.4454809818,0.2549290968],[0.0,0.0,0.1438296748,0.2618915804,0.4455413363,0.2549155483],[0.0,0.0,0.1437865894,0.2619674912,0.4452668671,0.2549652915],[0.0,0.0,0.1438279998,0.2619681578,0.4451581421,0.2549717011],[0.0,0.0,0.1438444179,0.2619289003,0.4450966169,0.2550026522],[0.0,0.0,0.1437966727,0.2620474715,0.4448700888,0.2550414955],[0.0,0.0,0.1438167503,0.2619738871,0.4454569564,0.2549288234]],"thinning":10,"kernel_values":[0.9461415241,0.7801609868,0.6001371742,0.8058984911],"type_kernel":["Matern52"],"training_data":{"evaluations":[138.317368902,177.8679278702,5252.1934148773,2235.3839291681,1580.1685254462,1357.1667957581,9368.1451094096,818.7500155067,1924.6525589544,763.1079044698,129.7498563709,6826.3497059313],"points":[[0.4419190107,0.4506656937,0.25,0.2],[0.2076607697,0.0548931325,0.75,0.8],[0.0145791129,0.0455780777,0.25,0.4],[0.4435357941,0.0170710249,0.5,0.2],[0.6553227498,0.0283987032,0.5,0.4],[0.3123031025,0.4648669808,0.25,0.8],[0.0596126113,0.586502044,0.25,0.8],[0.3738524439,0.5954219864,0.5,0.4],[0.2048433393,0.21561468,0.25,0.2],[0.2083039944,0.4381132072,0.25,0.4],[0.9853072874,0.0220936575,0.5,0.6],[0.7594408524,0.4929413772,0.75,0.8]],"var_noise":[]},"var_noise_value":[0.0],"n_burning":500,"same_correlation":true,"problem_name":"branin","data":{"evaluations":[138.317368902,177.8679278702,5252.1934148773,2235.3839291681,1580.1685254462,1357.1667957581,9368.1451094096,818.7500155067,1924.6525589544,763.1079044698,129.7498563709,6826.3497059313,2666.4386954908,2149.1134228944,2000.3069035508,3152.5484092706,42.0257530822,1480.9380237746,9320.5077074845,131.5905485604,479.9674580355],"points":[[0.4419190107,0.4506656937,0.25,0.2],[0.2076607697,0.0548931325,0.75,0.8],[0.0145791129,0.0455780777,0.25,0.4],[0.4435357941,0.0170710249,0.5,0.2],[0.6553227498,0.0283987032,0.5,0.4],[0.3123031025,0.4648669808,0.25,0.8],[0.0596126113,0.586502044,0.25,0.8],[0.3738524439,0.5954219864,0.5,0.4],[0.2048433393,0.21561468,0.25,0.2],[0.2083039944,0.4381132072,0.25,0.4],[0.9853072874,0.0220936575,0.5,0.6],[0.7594408524,0.4929413772,0.75,0.8],[1.0,0.0,0.5315044021,0.2],[1.0,0.0834598259,0.75,0.3811774436],[1.0,0.2682601145,0.75,0.2698224837],[0.0,0.4086885243,0.25,0.4228437184],[1.0,0.4275867774,0.25,0.2],[0.0890410057,1.0,0.75,0.7867344098],[0.0,0.0,0.5461931005,0.2011212841],[0.5937534201,0.0,0.25,0.8],[0.9962848388,1.0,0.25,0.8]],"var_noise":[]},"start_point_sampler":[0.0,0.0,0.7216735573,0.0710775361,0.4296268305,0.1945912085],"name_model":"gp_fitting_gaussian","training_name":"default_training_data_12_points_rs_520"}