{"type_bounds":[0,0,1,1],"max_steps_out":1000,"dimensions":[4],"bounds_domain":[[0.0,1.0],[0.0,1.0],[0.25,0.5,0.75],[0.2,0.4,0.6,0.8]],"mean_value":[0.0],"samples_parameters":[[0.0,0.0,0.0487812736,942.874130093,0.2980214769,1.2727910156],[0.0,0.0,0.0487875987,820.6565977647,0.2979830947,1.2736181202],[0.0,0.0,0.0488169113,899.3622647397,0.2982315723,1.2648150081],[0.0,0.0,0.0488223944,846.961386551,0.297976566,1.269491996],[0.0,0.0,0.0487892986,900.2383557121,0.2981069357,1.2735052062],[0.0,0.0,0.04882282,352.1845675314,0.2981713854,1.2616464833],[0.0,0.0,0.048779613,840.4706004665,0.298155573,1.2727807513],[0.0,0.0,0.0488008161,319.6027351015,0.297936266,1.2691871912],[0.0,0.0,0.0487772503,718.8012960286,0.2979891711,1.2766656478],[0.0,0.0,0.048811202,961.1600370089,0.2981521661,1.2685484376],[0.0,0.0,0.0488181411,456.4223343093,0.2980382129,1.2670809176],[0.0,0.0,0.0454456487,338.5819273624,0.3692794633,52.2861642751],[0.0,0.0,0.0471958369,1.0408196163,0.2457210756,62.5197093172],[0.0,0.0,0.0505941307,0.8796668255,0.2775992838,158.6298856811],[0.0,0.0,0.0506003589,0.8795014116,0.277405272,158.5604590443],[0.0,0.0,0.0506070476,0.8794977792,0.277352627,192.8733980475],[0.0,0.0,0.0505766072,0.8785457906,0.2774959473,193.3429696621],[0.0,0.0,0.0505950757,0.8793977127,0.2775704114,160.9970951086],[0.0,0.0,0.050597397,0.879903713,0.2772739928,180.3773416961],[0.0,0.0,0.0506079795,0.8796553179,0.2775539026,177.8641163607],[0.0,0.0,0.0505805838,0.8801253001,0.2775811351,180.2483535062],[0.0,0.0,0.0394872499,0.2587560495,0.2942412208,7.8023889443],[0.0,0.0,0.0401912295,0.3889507134,0.4199971136,0.3886910707],[0.0,0.0,0.0405106624,0.407042891,0.4526906735,0.3702383481],[0.0,0.0,0.0405009824,0.4083552175,0.4522760414,0.3703603156],[0.0,0.0,0.0405247208,0.4085088477,0.4532715426,0.3698279671],[0.0,0.0,0.040514073,0.4090823819,0.4529097494,0.3699276388],[0.0,0.0,0.0405251536,0.4077160549,0.4523685718,0.3703622005],[0.0,0.0,0.040531225,0.407913811,0.4525185629,0.3705388666],[0.0,0.0,0.0405313299,0.4074478492,0.4527970003,0.3699273],[0.0,0.0,0.040520394,0.4076828745,0.452543077,0.3701348083],[0.0,0.0,0.0429169026,0.2748746101,0.475502819,0.3677426275],[0.0,0.0,0.0501520242,0.1080471568,0.560240403,0.3824337737],[0.0,0.0,0.0556132825,0.054394559,1.1910827726,67.4075946462],[0.0,0.0,0.0571536682,0.056948423,0.8402898652,116.5523621911],[0.0,0.0,0.0571529306,0.0569723342,0.842211758,137.2453062229],[0.0,0.0,0.0571389377,0.057010477,0.8375608776,194.6059877495],[0.0,0.0,0.0571405983,0.0569603762,0.8401136483,120.0562502556],[0.0,0.0,0.0571611672,0.0569558025,0.8398007557,132.8009566276],[0.0,0.0,0.0571601701,0.0569594248,0.8408517757,181.9738831725],[0.0,0.0,0.0571357164,0.0569637544,0.8401757893,184.0205148704],[0.0,0.0,0.0571604881,0.0570116812,0.840062823,159.8687916841],[0.0,0.0,0.057135876,0.0570680517,0.8354016948,161.7833621745],[0.0,0.0,0.0571592531,0.0570806399,0.8369349231,154.451817423],[0.0,0.0,0.0570980664,0.0570969162,0.837579778,185.4172037076],[0.0,0.0,0.0570959943,0.0571059878,0.8355046389,163.195279217],[0.0,0.0,0.0571213537,0.0571258582,0.8360841196,158.068553312],[0.0,0.0,0.0571835418,0.0570620913,0.839473705,174.3718108968],[0.0,0.0,0.0571545996,0.0570916114,0.8363516093,196.6823854211],[0.0,0.0,0.0571365248,0.0570844516,0.8362886373,155.5562593834],[0.0,0.0,0.0571312592,0.0571068418,0.836828944,188.9379391268],[0.0,0.0,0.0512700788,0.0749715725,0.771547785,178.0973822886],[0.0,0.0,0.0480879364,0.1987488718,0.4015551035,0.5113907632],[0.0,0.0,0.0479117486,0.2000108014,0.5183052158,0.3247452693],[0.0,0.0,0.0479345134,0.2008420401,0.5286932247,0.320537122],[0.0,0.0,0.0479356591,0.2007978709,0.5282144265,0.3208483899],[0.0,0.0,0.0479354512,0.2007603477,0.5298084493,0.3201824319],[0.0,0.0,0.0479463212,0.2007913907,0.5304576453,0.3198299066],[0.0,0.0,0.0479331638,0.2007932504,0.5304956301,0.3198306328],[0.0,0.0,0.0479337748,0.2008390684,0.5296448471,0.3200892854],[0.0,0.0,0.04790364,0.2007780812,0.5294436382,0.3203602248],[0.0,0.0,0.0478998786,0.2022048819,0.5241812423,0.3233383528],[0.0,0.0,0.0478914133,0.2018180498,0.5043727614,0.3315068061],[0.0,0.0,0.0478909028,0.2018911281,0.5031465254,0.3323527892],[0.0,0.0,0.0479045948,0.2017112168,0.5038019073,0.3319053489],[0.0,0.0,0.0479033841,0.2018393261,0.5034759147,0.3320532065],[0.0,0.0,0.0478712915,0.2018543939,0.5030115653,0.3322740577],[0.0,0.0,0.0478850065,0.2019045245,0.5032878593,0.3322197025],[0.0,0.0,0.0478937904,0.2018887825,0.5029106529,0.3324579813],[0.0,0.0,0.0479217858,0.2017198946,0.5038553317,0.331726574],[0.0,0.0,0.0478747329,0.2017387725,0.5042825542,0.3319229012],[0.0,0.0,0.0469071957,0.2027497697,0.409426129,0.3332697258],[0.0,0.0,0.04781279,0.2022405642,0.4139910493,0.4020280576],[0.0,0.0,0.0478352826,0.2023734171,0.4132945104,0.4034265341],[0.0,0.0,0.0478085318,0.2022714181,0.4135564423,0.4035057695],[0.0,0.0,0.0477858937,0.2023622226,0.4132808557,0.4038588737],[0.0,0.0,0.0478273784,0.2021251882,0.4133685429,0.4040361637],[0.0,0.0,0.0478079103,0.2022940574,0.4133109305,0.4036561325],[0.0,0.0,0.0478058279,0.2022978533,0.4135854407,0.4034104673],[0.0,0.0,0.0478016285,0.2022002663,0.4133794157,0.4040709019],[0.0,0.0,0.0477866869,0.2022915997,0.4133421802,0.4040843099]],"thinning":10,"kernel_values":[0.9603380902,1.0589956214,0.675154321,0.8144718793],"type_kernel":["Matern52"],"training_data":{"evaluations":[935.1608179378,4808.1993024519,724.9003311165,246.8760708704,2276.838293585,972.3188481758,1003.4803607795,2208.6693366385,1185.0949796605,5136.3750968104,670.2580835918,1377.9644119917],"points":[[0.8637333186,0.4611834916,0.5,0.4],[0.2570357482,0.9693830753,0.75,0.8],[0.9102136321,0.3907461102,0.5,0.6],[0.0048883796,0.2023915906,0.75,0.6],[0.3088955828,0.1747616871,0.75,0.2],[0.5287739417,0.8158125786,0.75,0.2],[0.371889571,0.2026393011,0.25,0.2],[0.8271199869,0.1798572089,0.75,0.8],[0.3107317632,0.235596535,0.25,0.2],[0.1612730918,0.898732318,0.25,0.4],[0.3959258942,0.4416137718,0.5,0.6],[0.1926760669,0.9866377823,0.75,0.8]],"var_noise":[]},"var_noise_value":[0.0],"n_burning":500,"same_correlation":true,"problem_name":"branin","data":{"evaluations":[935.1608179378,4808.1993024519,724.9003311165,246.8760708704,2276.838293585,972.3188481758,1003.4803607795,2208.6693366385,1185.0949796605,5136.3750968104,670.2580835918,1377.9644119917,342.3496636577,1365.4920262724,767.5368971266,701.6307246087,3878.5978931774,700.1094250886,2096.030100007,1842.7168304945],"points":[[0.8637333186,0.4611834916,0.5,0.4],[0.2570357482,0.9693830753,0.75,0.8],[0.9102136321,0.3907461102,0.5,0.6],[0.0048883796,0.2023915906,0.75,0.6],[0.3088955828,0.1747616871,0.75,0.2],[0.5287739417,0.8158125786,0.75,0.2],[0.371889571,0.2026393011,0.25,0.2],[0.8271199869,0.1798572089,0.75,0.8],[0.3107317632,0.235596535,0.25,0.2],[0.1612730918,0.898732318,0.25,0.4],[0.3959258942,0.4416137718,0.5,0.6],[0.1926760669,0.9866377823,0.75,0.8],[0.3251649947,0.8281566102,0.25,0.2],[0.2874643915,0.2582137586,0.75,0.2],[0.3520766509,1.0,0.25,0.2],[0.0,0.0,0.75,0.6689113158],[0.3026044501,0.0,0.75,0.2],[0.322126246,0.4377888949,0.75,0.2],[0.2919625218,0.0,0.3512254327,0.2],[0.2836325943,0.0,0.4062746198,0.2]],"var_noise":[]},"start_point_sampler":[0.0,0.0,0.0487812736,942.874130093,0.2980214769,1.2727910156],"name_model":"gp_fitting_gaussian","training_name":"default_training_data_12_points_rs_547"}