{"type_bounds":[0,0,1,1],"max_steps_out":1000,"dimensions":[4],"bounds_domain":[[0.0,1.0],[0.0,1.0],[0.25,0.5,0.75],[0.2,0.4,0.6,0.8]],"mean_value":[0.0],"samples_parameters":[[0.0,0.0,1.2923539107,0.3252998791,0.1364095216,0.1422161717],[0.0,0.0,1.2928761911,0.3253577382,0.1364364224,0.1421885514],[0.0,0.0,1.2949997799,0.325265257,0.1364164317,0.14217316],[0.0,0.0,1.2856704439,0.325513031,0.1363296401,0.1422214137],[0.0,0.0,1.2918208986,0.3253157181,0.1364118417,0.1421810041],[0.0,0.0,1.2940748307,0.325259319,0.1364070392,0.1421857238],[0.0,0.0,1.2894041385,0.3253451067,0.1363432502,0.1421905003],[0.0,0.0,1.2978864062,0.3252911626,0.1364218794,0.142181051],[0.0,0.0,1.2952712821,0.3254407379,0.136437166,0.1421677341],[0.0,0.0,1.2911219393,0.3253669779,0.1363643435,0.1421466791],[0.0,0.0,1.2877021905,0.325449776,0.1363755554,0.1422018111],[0.0,0.0,1.1950488179,0.3256355783,0.1363530198,0.1428089269],[0.0,0.0,1.1890275682,0.3271887152,0.1358835185,0.1426222498],[0.0,0.0,1.185873027,0.3274112045,0.1358365682,0.1426506085],[0.0,0.0,1.1873667229,0.3273701036,0.1358116951,0.1426203817],[0.0,0.0,1.1896065172,0.327351609,0.1358780224,0.1426301888],[0.0,0.0,1.1859310746,0.3273510415,0.1359264885,0.1426355539],[0.0,0.0,1.1883304645,0.3271717685,0.1358610316,0.1426124623],[0.0,0.0,1.19086668,0.3273139011,0.1358900078,0.1425695141],[0.0,0.0,1.1869884439,0.3273726269,0.1358024767,0.1426312845],[0.0,0.0,1.1901533195,0.3271759844,0.1358855075,0.1426153318],[0.0,0.0,1.2004832315,0.2383619664,0.1381536294,0.1391487298],[0.0,0.0,0.5555041233,0.3947136287,0.0435675921,0.1476656335],[0.0,0.0,0.5343203127,0.3718616121,0.0314827092,0.1521664575],[0.0,0.0,0.5340192886,0.3718900846,0.0314829769,0.1521601073],[0.0,0.0,0.5342991342,0.3718056672,0.0314682308,0.1521714069],[0.0,0.0,0.5341680448,0.3718338527,0.0315091099,0.15213577],[0.0,0.0,0.5339156354,0.372159198,0.0314918636,0.1521664336],[0.0,0.0,0.5342760918,0.3719222338,0.0314606118,0.1521789807],[0.0,0.0,0.5346523729,0.3718513155,0.031472626,0.1521272351],[0.0,0.0,0.5335644921,0.372058635,0.0314806273,0.1521563328],[0.0,0.0,0.4901919944,0.3729085733,0.0765280191,0.1274698768],[0.0,0.0,0.1740463755,0.395595139,0.1430433555,0.1833481357],[0.0,0.0,0.1741174579,0.3946346275,0.143079031,0.1837190728],[0.0,0.0,0.1741681899,0.3946222264,0.143060488,0.1836310107],[0.0,0.0,0.1742613675,0.3948151135,0.1430530374,0.1836264344],[0.0,0.0,0.1741111489,0.395207236,0.1430547776,0.1835352448],[0.0,0.0,0.174139878,0.3946932347,0.1430733513,0.1836932725],[0.0,0.0,0.1742457906,0.3949825236,0.1430399482,0.1835624545],[0.0,0.0,0.1741821748,0.394854003,0.1430411513,0.1836194236],[0.0,0.0,0.1740134288,0.3949475108,0.1430978541,0.1836754096],[0.0,0.0,0.1627764588,0.3953332971,0.1433893271,0.1882020201],[0.0,0.0,0.1573382326,0.3777664863,0.1511666866,0.1980985183],[0.0,0.0,0.1574194089,0.3772210083,0.1512372839,0.1982119449],[0.0,0.0,0.1572630245,0.3775067211,0.1512567496,0.1982024407],[0.0,0.0,0.1572088747,0.3774349393,0.1512544078,0.1982690639],[0.0,0.0,0.1572222301,0.3772326738,0.1512601579,0.1983886817],[0.0,0.0,0.1573391939,0.3773059463,0.1511876046,0.1982979009],[0.0,0.0,0.1573830495,0.3768177381,0.1512033543,0.1984197571],[0.0,0.0,0.157337083,0.3772205806,0.1511841636,0.1982322199],[0.0,0.0,0.1574376998,0.3772956426,0.1511956018,0.1982739029],[0.0,0.0,0.157426603,0.3772343419,0.1512287708,0.1981352045],[0.0,0.0,0.1572768247,0.3772548005,0.1512599751,0.1982690457],[0.0,0.0,0.1573497991,0.3772138269,0.1511744146,0.1983301763],[0.0,0.0,0.1573990262,0.3768983999,0.151229913,0.1983563148],[0.0,0.0,0.1572655395,0.3770766609,0.1512475636,0.1983255969],[0.0,0.0,0.157266079,0.3774687861,0.1512800363,0.1982635352],[0.0,0.0,0.1573928764,0.3773440797,0.1512082262,0.1982933387],[0.0,0.0,0.1572751279,0.3774240818,0.1511929895,0.1981580352],[0.0,0.0,0.1573804379,0.3771478216,0.1512019755,0.1982227525],[0.0,0.0,0.1573003747,0.3772297036,0.1512574057,0.19833408]],"thinning":10,"kernel_values":[1.0816991078,1.1283470019,0.5036865569,0.7115912209],"type_kernel":["Matern52"],"training_data":{"evaluations":[7787.7997844969,54.6930693584,414.6334021576,430.5534655292,5583.3745230129,4009.0833995412,105.7027203992,592.7318700729,449.0379960742,69.1198774986,3586.5615448647,2198.982085494],"points":[[0.0338031543,0.9247991453,0.5,0.4],[0.0644958797,0.106685764,0.75,0.6],[0.4033083733,0.061296467,0.5,0.8],[0.8905654789,0.7973599897,0.5,0.2],[0.5107430371,0.5837799302,0.75,0.8],[0.9574412163,0.5725984705,0.75,0.6],[0.192431537,0.2572481245,0.75,0.4],[0.205339389,0.7552680302,0.75,0.4],[0.3174728346,0.911841014,0.5,0.2],[0.5187201253,0.0566543912,0.25,0.4],[0.0702445354,0.6661836193,0.5,0.6],[0.7853505766,0.1462924064,0.75,0.8]],"var_noise":[]},"var_noise_value":[0.0],"n_burning":500,"same_correlation":true,"problem_name":"branin","data":{"evaluations":[7787.7997844969,54.6930693584,414.6334021576,430.5534655292,5583.3745230129,4009.0833995412,105.7027203992,592.7318700729,449.0379960742,69.1198774986,3586.5615448647,2198.982085494,388.4481970908,2553.7239835789,9893.1028804658,1914.482591888,46.6557516772,2385.2380974265],"points":[[0.0338031543,0.9247991453,0.5,0.4],[0.0644958797,0.106685764,0.75,0.6],[0.4033083733,0.061296467,0.5,0.8],[0.8905654789,0.7973599897,0.5,0.2],[0.5107430371,0.5837799302,0.75,0.8],[0.9574412163,0.5725984705,0.75,0.6],[0.192431537,0.2572481245,0.75,0.4],[0.205339389,0.7552680302,0.75,0.4],[0.3174728346,0.911841014,0.5,0.2],[0.5187201253,0.0566543912,0.25,0.4],[0.0702445354,0.6661836193,0.5,0.6],[0.7853505766,0.1462924064,0.75,0.8],[1.0,0.0,0.4898832534,0.8],[0.4962487499,0.4049035079,0.7224625798,0.6840902308],[0.0,1.0,0.588522526,0.3842650199],[1.0,1.0,0.5606907454,0.2538039602],[1.0,0.0,0.25,0.8],[1.0,1.0,0.75,0.2]],"var_noise":[]},"start_point_sampler":[0.0,0.0,1.2923539107,0.3252998791,0.1364095216,0.1422161717],"name_model":"gp_fitting_gaussian","training_name":"default_training_data_12_points_rs_523"}