{"type_bounds":[0,0,1,1],"max_steps_out":1000,"dimensions":[4],"bounds_domain":[[0.0,1.0],[0.0,1.0],[0.25,0.5,0.75],[0.2,0.4,0.6,0.8]],"mean_value":[0.0],"samples_parameters":[[0.0,0.0,0.2520368231,0.3731764019,0.2527054569,0.2840995537],[0.0,0.0,0.2520547571,0.3732789923,0.2527612548,0.2842070783],[0.0,0.0,0.2520737609,0.3727867591,0.2526739534,0.2843152889],[0.0,0.0,0.251967664,0.3729552101,0.2525712207,0.2842729946],[0.0,0.0,0.2520793912,0.3729388818,0.2525815738,0.284456584],[0.0,0.0,0.2521121469,0.3726741117,0.2523732058,0.2846726319],[0.0,0.0,0.2520586988,0.3731698593,0.2527114414,0.2840473318],[0.0,0.0,0.252064979,0.3729193386,0.2525240434,0.2843198742],[0.0,0.0,0.2520776355,0.373202691,0.2528089237,0.2837757303],[0.0,0.0,0.2520464788,0.3731384498,0.252599459,0.2842261358],[0.0,0.0,0.2519766063,0.372705126,0.2522076569,0.2848893572],[0.0,0.0,763.4530527356,0.0158540192,0.2456854033,41.8555816091],[0.0,0.0,1.6331543682,0.021074421,0.2309122234,50.6115119701],[0.0,0.0,0.2598235391,0.1419690059,0.1894549509,187.6964584506],[0.0,0.0,0.2597707722,0.1421736268,0.1881179631,184.706709605],[0.0,0.0,0.2597415029,0.1421928101,0.1880504209,167.5149830757],[0.0,0.0,0.2596401443,0.1421722787,0.1880847123,104.037189649],[0.0,0.0,0.2596575598,0.142207968,0.1880816555,110.1444882326],[0.0,0.0,0.2596651088,0.1421879759,0.1880892793,152.844904072],[0.0,0.0,0.2596514148,0.1422471099,0.1881391063,116.3778963942],[0.0,0.0,0.2596881876,0.1422088227,0.1880708779,190.0338209021],[0.0,0.0,0.2600703751,0.1416823043,0.1897669194,84.750683897],[0.0,0.0,0.2603377796,0.1413532897,0.1889083094,123.2260567035],[0.0,0.0,0.2603623988,0.1413398042,0.1888775458,125.4806328635],[0.0,0.0,0.2602618098,0.1413594357,0.1888877007,102.9665290094],[0.0,0.0,0.2603028302,0.1413333542,0.1888880438,138.7194692342],[0.0,0.0,0.2603759017,0.141328696,0.1889171211,104.1197275228],[0.0,0.0,0.2604079302,0.14133381,0.1889025822,95.5119178933],[0.0,0.0,0.2602941027,0.1413856483,0.188887756,177.6278209991],[0.0,0.0,0.2604078605,0.1413331443,0.1889434775,157.7342116613],[0.0,0.0,0.2603273068,0.1413492658,0.1889196596,107.1754867347],[0.0,0.0,0.0510651182,0.0962958198,0.1925090934,23.514365932],[0.0,0.0,0.0133605445,0.0212734121,17.3087818995,0.773003456],[0.0,0.0,0.0138543469,0.0212794715,1.1082223923,0.7335245778],[0.0,0.0,0.0139007396,0.0660647569,0.6684897598,0.7033017917],[0.0,0.0,0.2558349453,0.1408944326,0.2043093578,0.3857853557],[0.0,0.0,0.2622814692,0.1415178473,0.2058949615,0.3851197995],[0.0,0.0,0.2623094371,0.1414315581,0.2059053128,0.3851865625],[0.0,0.0,0.2622453884,0.1415089598,0.2059029557,0.3851332923],[0.0,0.0,0.262254694,0.1414626668,0.205972108,0.3851151211],[0.0,0.0,0.2623945127,0.1414799956,0.2058951098,0.3851401306],[0.0,0.0,0.2310350846,0.1441836453,0.1848843013,0.4067678838],[0.0,0.0,0.0979949838,0.1538413637,0.2008537068,0.3907495059],[0.0,0.0,0.0980004977,0.1538109494,0.2013502435,0.3905883529],[0.0,0.0,0.0979863082,0.1537878226,0.2012273917,0.3906299128],[0.0,0.0,0.0979796557,0.1538330316,0.2011605022,0.3907578038],[0.0,0.0,0.0979825631,0.1538378176,0.2012470923,0.3907470444],[0.0,0.0,0.0980407961,0.1538420139,0.2012673081,0.3906636751],[0.0,0.0,0.0980339379,0.1538459862,0.2012987008,0.390682121],[0.0,0.0,0.0980196789,0.1538457431,0.2012938756,0.3906452798],[0.0,0.0,0.0979781037,0.1538829169,0.2012213339,0.3906280849],[0.0,0.0,0.0735642373,0.2920287717,0.202923645,0.3942676613],[0.0,0.0,0.046216905,0.2384396622,0.2067399683,0.3925161405],[0.0,0.0,0.0462151822,0.2382319449,0.2069274342,0.392336098],[0.0,0.0,0.0461988606,0.2382848146,0.2068080524,0.3923429298],[0.0,0.0,0.0462041454,0.238209579,0.2068580134,0.3922987929],[0.0,0.0,0.0462161784,0.2383083541,0.2068961025,0.392388754],[0.0,0.0,0.0462218826,0.238097469,0.2066953465,0.3923444148],[0.0,0.0,0.0462137619,0.2382499335,0.2069987887,0.3922739571],[0.0,0.0,0.0462130406,0.2383151771,0.2068171735,0.3923905285],[0.0,0.0,0.0462087393,0.2382579385,0.206857564,0.3923845176],[0.0,0.0,0.0462098017,0.2420207413,0.2079103181,0.3923807281],[0.0,0.0,0.0461973644,0.2407207077,0.2075751488,0.3919563867],[0.0,0.0,0.0462147979,0.2407087288,0.2074084729,0.3920763344],[0.0,0.0,0.0461974088,0.2407771234,0.2075618883,0.3920444202],[0.0,0.0,0.0461954534,0.2406916852,0.2075947411,0.3919862143],[0.0,0.0,0.0461976,0.2407905474,0.2076162623,0.3920096221],[0.0,0.0,0.0461964783,0.2406696047,0.2075761261,0.3919194191],[0.0,0.0,0.0462044135,0.2407523407,0.2075774698,0.3919482187],[0.0,0.0,0.0462117231,0.2406117422,0.2075260092,0.392069492],[0.0,0.0,0.0462106141,0.2406998663,0.2075097173,0.3921021069]],"thinning":10,"kernel_values":[1.1516705892,0.8263159434,0.5572702332,0.7030178326],"type_kernel":["Matern52"],"training_data":{"evaluations":[648.2148706658,2352.9038774698,2741.3104593061,2110.5606966334,2038.1019720586,2850.5225650228,1675.525897346,6378.8802432712,825.5978289412,243.8006653831,4683.4497447089,3042.7169617588],"points":[[0.90956968,0.4280596465,0.5,0.4],[0.6941323738,0.9273268025,0.25,0.4],[0.4209006429,0.8174467822,0.5,0.6],[0.6903295536,0.503173044,0.5,0.6],[0.832977431,0.1455347206,0.75,0.8],[0.6008974212,0.5900241826,0.5,0.8],[0.1192163761,0.3796648105,0.25,0.2],[0.055891363,0.793603249,0.5,0.6],[0.2423134216,0.3600111108,0.25,0.2],[0.9402558345,0.8195137275,0.25,0.4],[0.903110707,0.863111748,0.5,0.6],[0.0463141106,0.8095805537,0.75,0.8]],"var_noise":[]},"var_noise_value":[0.0],"n_burning":500,"same_correlation":true,"problem_name":"branin","data":{"evaluations":[648.2148706658,2352.9038774698,2741.3104593061,2110.5606966334,2038.1019720586,2850.5225650228,1675.525897346,6378.8802432712,825.5978289412,243.8006653831,4683.4497447089,3042.7169617588,9818.9109726763,1265.4958393665,5461.9923359021,902.8452881881,3847.0801791693,426.8810689115,2941.3935064798],"points":[[0.90956968,0.4280596465,0.5,0.4],[0.6941323738,0.9273268025,0.25,0.4],[0.4209006429,0.8174467822,0.5,0.6],[0.6903295536,0.503173044,0.5,0.6],[0.832977431,0.1455347206,0.75,0.8],[0.6008974212,0.5900241826,0.5,0.8],[0.1192163761,0.3796648105,0.25,0.2],[0.055891363,0.793603249,0.5,0.6],[0.2423134216,0.3600111108,0.25,0.2],[0.9402558345,0.8195137275,0.25,0.4],[0.903110707,0.863111748,0.5,0.6],[0.0463141106,0.8095805537,0.75,0.8],[0.0,0.9919653892,0.75,0.8],[0.0697317292,0.6822671333,0.75,0.8],[0.0095981565,1.0,0.75,0.4202019529],[0.17950471,1.0,0.75,0.8],[0.0547214832,1.0,0.75,0.8],[0.69451244,0.0,0.25,0.8],[0.0197017865,0.6155104146,0.75,0.8]],"var_noise":[]},"start_point_sampler":[0.0,0.0,0.2520368231,0.3731764019,0.2527054569,0.2840995537],"name_model":"gp_fitting_gaussian","training_name":"default_training_data_12_points_rs_557"}