{"type_bounds":[0,0,1,1],"max_steps_out":1000,"dimensions":[4],"bounds_domain":[[0.0,1.0],[0.0,1.0],[0.25,0.5,0.75],[0.2,0.4,0.6,0.8]],"mean_value":[0.0],"samples_parameters":[[0.0,0.0,0.442384283,0.1817011657,243.3767714515,0.1366137537],[0.0,0.0,0.4423508054,0.1817241792,241.5357929161,0.136600959],[0.0,0.0,0.442493872,0.1817038394,241.9375126864,0.1366177471],[0.0,0.0,0.4418448906,0.1817403629,173.6171017728,0.136677504],[0.0,0.0,0.4424367113,0.1817273362,192.0245106787,0.1366333349],[0.0,0.0,0.4425753964,0.1817177206,241.2508115767,0.1365841978],[0.0,0.0,0.4437570193,0.1817067761,242.2908015821,0.1365183801],[0.0,0.0,0.4431452244,0.1816945802,187.2960062035,0.1365969056],[0.0,0.0,0.4439451489,0.1816598155,206.9569123351,0.136604235],[0.0,0.0,0.4425921853,0.1817174674,222.311629164,0.1366113146],[0.0,0.0,0.4432680141,0.1817019333,228.0724731319,0.1365792384],[0.0,0.0,0.4064208864,0.1813894441,162.2986606845,0.1233524306],[0.0,0.0,0.3883953395,0.1823349197,246.8744609753,0.1303576408],[0.0,0.0,0.3880942937,0.1823329192,222.9383173595,0.1303751345],[0.0,0.0,0.3879552088,0.1823425413,226.9755910914,0.1303452406],[0.0,0.0,0.3881287875,0.1822986037,232.4756294155,0.1304084026],[0.0,0.0,0.3881318726,0.1823244836,185.0341454362,0.1303954276],[0.0,0.0,0.3879255425,0.1822840091,243.1613113753,0.130346716],[0.0,0.0,0.3881909745,0.1823104143,243.1434852001,0.1303882376],[0.0,0.0,0.3879348965,0.1823293917,213.5786579606,0.1303230614],[0.0,0.0,0.3881183854,0.1823224448,239.2708640214,0.1303674657],[0.0,0.0,0.3945078629,0.1802308082,213.9547702455,0.1300642645],[0.0,0.0,0.3903340394,0.181062243,236.2839858938,0.1302025883],[0.0,0.0,0.3904193355,0.181077069,198.4274185696,0.1302138037],[0.0,0.0,0.3903831088,0.181063343,241.0414936882,0.1302544776],[0.0,0.0,0.3906782654,0.1810351832,213.480603128,0.1302399113],[0.0,0.0,0.391182317,0.1810508397,219.0983978354,0.1302297423],[0.0,0.0,0.3902326794,0.18105367,218.3367563327,0.1302679817],[0.0,0.0,0.3904373939,0.181053333,215.3758840249,0.1302473139],[0.0,0.0,0.3903149471,0.1810930214,248.3862277113,0.1302670289],[0.0,0.0,0.3904183739,0.1810616672,199.1982832554,0.1302183193],[0.0,0.0,0.4706548332,0.1922694809,134.6285863782,0.1302862149],[0.0,0.0,0.4854321951,0.2255133275,0.2478241162,0.1709930457],[0.0,0.0,0.4877461272,0.2247236617,0.2479884444,0.172810387],[0.0,0.0,0.4881513415,0.2247790682,0.2480808133,0.1727501728],[0.0,0.0,0.4876261395,0.2247508604,0.2479707821,0.1726307234],[0.0,0.0,0.4876221676,0.224768214,0.248038426,0.1727293195],[0.0,0.0,0.4881435151,0.2247158375,0.2480134792,0.1728599936],[0.0,0.0,0.4879489335,0.2247507384,0.2479787038,0.1727109117],[0.0,0.0,0.4875066623,0.2247419359,0.2480229377,0.1726367431],[0.0,0.0,0.4874406718,0.224778014,0.2480515783,0.1727203787],[0.0,0.0,0.4876185071,0.224776569,0.2480519339,0.1727283518],[0.0,0.0,0.4878650401,0.2248212012,0.2480290057,0.172734949],[0.0,0.0,0.4878374086,0.2247268173,0.2479914822,0.1726764531],[0.0,0.0,0.4878122178,0.2247619696,0.2480236835,0.1726434579],[0.0,0.0,0.4876831872,0.2247700795,0.2480894892,0.1726925267],[0.0,0.0,0.4876923599,0.2247524403,0.2480512696,0.1727430439],[0.0,0.0,0.4875380479,0.2247427024,0.2480008425,0.1728642712],[0.0,0.0,0.4879113751,0.2247847888,0.2480527859,0.172760017],[0.0,0.0,0.4875332727,0.2247296911,0.2480888969,0.1726534031],[0.0,0.0,0.4877174357,0.2247433962,0.2480597213,0.1727565136],[0.0,0.0,0.455870673,0.2245015428,0.2486778593,0.1693707598],[0.0,0.0,0.4625556978,0.2243607197,0.2477732892,0.1706293467],[0.0,0.0,0.462387869,0.2243547463,0.2478067665,0.1707226512],[0.0,0.0,0.4624927875,0.2242951148,0.2477426136,0.1706861783],[0.0,0.0,0.4625052471,0.2243591319,0.247767813,0.1707461317],[0.0,0.0,0.4622261088,0.2243226996,0.2478917545,0.1706586561],[0.0,0.0,0.4624241354,0.2243946763,0.2477941217,0.170787855],[0.0,0.0,0.4626295102,0.2243131116,0.2478528592,0.1707832963],[0.0,0.0,0.4624517559,0.2243556495,0.2477910095,0.1706697967],[0.0,0.0,0.4625140386,0.2243301474,0.2478024454,0.1707419739],[0.0,0.0,0.4566993507,0.2407938155,0.2592112767,0.1881726902],[0.0,0.0,0.2342460399,0.2573531828,0.2828599682,0.1620346179],[0.0,0.0,0.2342614453,0.257335394,0.2825878137,0.1620858765],[0.0,0.0,0.2343018411,0.2572810074,0.2826769289,0.1621110058],[0.0,0.0,0.2342905441,0.2573497816,0.2827068266,0.1620608532],[0.0,0.0,0.2343925061,0.2572999548,0.2827074717,0.1621228287],[0.0,0.0,0.2342206026,0.257356442,0.2826388077,0.1620210402],[0.0,0.0,0.2342968276,0.2573266357,0.2827071155,0.1620862313],[0.0,0.0,0.234309386,0.257264258,0.2827069952,0.162053044],[0.0,0.0,0.2341945455,0.2573470497,0.2826393263,0.1619408678],[0.0,0.0,0.2239981539,0.2566091375,0.3004734611,0.1614751472],[0.0,0.0,0.2180132001,0.2564880639,0.2933915373,0.1627399443],[0.0,0.0,0.218139335,0.256390776,0.2933838076,0.1627037441],[0.0,0.0,0.2179662324,0.2564276029,0.2935104458,0.1626858448],[0.0,0.0,0.2179928996,0.256441659,0.2935070178,0.1628251896],[0.0,0.0,0.2178767605,0.2564812529,0.2934684952,0.1627925132],[0.0,0.0,0.2179101833,0.2564769277,0.2934094977,0.1627429942],[0.0,0.0,0.2179580478,0.2564704534,0.2934489554,0.1626914515],[0.0,0.0,0.2178957675,0.2564249176,0.293439572,0.1627334274],[0.0,0.0,0.2180760531,0.2564502245,0.2934393596,0.1627130152],[0.0,0.0,0.2173738138,0.2558671534,0.2934403419,0.162682474],[0.0,0.0,0.2168611013,0.2564057901,0.2934578708,0.1627729864],[0.0,0.0,0.2167917399,0.2564149717,0.2934006485,0.1628930354],[0.0,0.0,0.2168217035,0.2564637674,0.2934506911,0.1629110982],[0.0,0.0,0.2168509192,0.2563694399,0.2933695047,0.162820478],[0.0,0.0,0.2167999789,0.2564029578,0.2933836729,0.1627809164],[0.0,0.0,0.2169124016,0.2563193433,0.2933732157,0.1627921389],[0.0,0.0,0.2168040439,0.2564147111,0.2934625029,0.1628166732],[0.0,0.0,0.2167158221,0.2563752482,0.2934380706,0.1626916832],[0.0,0.0,0.2168478433,0.2563910996,0.2933615802,0.162782],[0.0,0.0,0.2168060211,0.2563837295,0.2933834463,0.1628092389],[0.0,0.0,0.2169001383,0.2562672306,0.293317969,0.1630147842],[0.0,0.0,0.2168725056,0.2563345221,0.2934037581,0.1629442534],[0.0,0.0,0.2168906248,0.2562650645,0.2933830172,0.1628898544],[0.0,0.0,0.2168921272,0.2562677363,0.2933775034,0.1628635842],[0.0,0.0,0.2168153222,0.2563157205,0.2934398415,0.1628670643],[0.0,0.0,0.2168376418,0.2563342068,0.2934362136,0.1628648355],[0.0,0.0,0.2168199028,0.256340267,0.2934117213,0.1628709288],[0.0,0.0,0.2167677851,0.2563103318,0.2934331943,0.1629132258],[0.0,0.0,0.2169290754,0.2562152497,0.2933500852,0.1628431659],[0.0,0.0,0.3754445966,0.2577627561,0.2862295053,0.2425332046],[0.0,0.0,0.3369295271,0.2696447683,0.3033331734,0.2004389447],[0.0,0.0,0.3369455142,0.2696310776,0.3033389685,0.2005189855],[0.0,0.0,0.3369011374,0.269581924,0.3032926086,0.2003566949],[0.0,0.0,0.3368904977,0.2696642623,0.3033361116,0.2003976855],[0.0,0.0,0.3369352678,0.2696427696,0.3032525347,0.2004530085],[0.0,0.0,0.3369000566,0.2696547493,0.3033146173,0.2005033682],[0.0,0.0,0.3369195155,0.2696417294,0.3033189706,0.2004637016],[0.0,0.0,0.3369657528,0.2696175938,0.3033185203,0.2004281354],[0.0,0.0,0.3369330247,0.2696132312,0.30325678,0.2004718133],[0.0,0.0,0.3369231013,0.2695612261,0.3033023437,0.2004626285],[0.0,0.0,0.3368992813,0.2696209135,0.3032757681,0.200439822],[0.0,0.0,0.3369736597,0.2696902846,0.3033215937,0.2004329741],[0.0,0.0,0.3369210738,0.2696562144,0.3033110892,0.2004035152],[0.0,0.0,0.3369258134,0.2696106662,0.3032692264,0.2004855247],[0.0,0.0,0.3369496638,0.2696537207,0.3033571491,0.2004429109],[0.0,0.0,0.3369108333,0.2696211898,0.3034001072,0.2004785256],[0.0,0.0,0.3369058749,0.2696741501,0.3033654443,0.2003376264],[0.0,0.0,0.3368897937,0.2696437654,0.3032971425,0.2004558956],[0.0,0.0,0.3369353288,0.2696445724,0.3032472642,0.2004017942],[0.0,0.0,0.336928414,0.2696400586,0.3032970915,0.2004479494],[0.0,0.0,0.3369473694,0.2696411948,0.3033215913,0.2003781934],[0.0,0.0,0.336913325,0.269629565,0.3033277377,0.2003617673],[0.0,0.0,0.3369605299,0.2696118942,0.303305573,0.2004098487],[0.0,0.0,0.3369758179,0.2696150383,0.3033718397,