{"type_bounds":[0,0,1,1],"max_steps_out":1000,"dimensions":[4],"bounds_domain":[[0.0,1.0],[0.0,1.0],[0.25,0.5,0.75],[0.2,0.4,0.6,0.8]],"mean_value":[0.0],"samples_parameters":[[0.0,0.0,0.1207897406,0.3098222979,0.2124152705,0.4282966813],[0.0,0.0,0.120786441,0.3098196804,0.2124475624,0.4282138876],[0.0,0.0,0.1207341953,0.3097867361,0.2124258807,0.4287049583],[0.0,0.0,0.1206861236,0.309887053,0.2125345221,0.4286788536],[0.0,0.0,0.1206978223,0.3097882924,0.2127589054,0.4282465867],[0.0,0.0,0.1207383246,0.30986792,0.2125509072,0.4284288945],[0.0,0.0,0.1207609883,0.3097674911,0.2127089268,0.4278329783],[0.0,0.0,0.1206474872,0.3098745308,0.2126062852,0.4286878194],[0.0,0.0,0.1207364108,0.3097315004,0.2126021379,0.4282309644],[0.0,0.0,0.1207173706,0.3098819348,0.2124652407,0.4284216114],[0.0,0.0,0.1208075706,0.3098497095,0.2124334793,0.4284883809],[0.0,0.0,0.120580089,0.3096465129,0.212579797,0.4291089037],[0.0,0.0,0.1204084235,0.3094160961,0.2130842566,0.4294798602],[0.0,0.0,0.1204723652,0.3095793512,0.2129554639,0.4285031628],[0.0,0.0,0.1205384734,0.3094815219,0.213025879,0.4290102617],[0.0,0.0,0.120582324,0.3094559361,0.2129356708,0.4287796283],[0.0,0.0,0.1204950046,0.309488034,0.2127601703,0.4292101711],[0.0,0.0,0.1205034524,0.3096112364,0.2127042674,0.4290294657],[0.0,0.0,0.1204270359,0.3093882377,0.2130558475,0.4295937533],[0.0,0.0,0.120507274,0.3096750458,0.2127923895,0.4295315347],[0.0,0.0,0.1204599681,0.3096535611,0.2130347334,0.4290785668],[0.0,0.0,0.1215962006,0.3109565095,0.2070478868,0.4293288637],[0.0,0.0,0.1227010124,0.3132920525,0.2031746017,0.4336061011],[0.0,0.0,0.1226394812,0.3132527919,0.2031846362,0.43366972],[0.0,0.0,0.1226877454,0.3132224948,0.2030386283,0.4336162073],[0.0,0.0,0.1226811516,0.3132005808,0.2031673339,0.433066553],[0.0,0.0,0.1228195582,0.3133638477,0.2030210624,0.4331066406],[0.0,0.0,0.1227014582,0.313410321,0.2031206156,0.433335961],[0.0,0.0,0.1228116236,0.3134625694,0.2028760259,0.433440528],[0.0,0.0,0.1226660237,0.3133504493,0.2032122197,0.4335996487],[0.0,0.0,0.1226680566,0.3135141557,0.2031718084,0.4335391178],[0.0,0.0,0.112467487,0.263467055,0.2009773039,0.4329047366],[0.0,0.0,0.1024397895,0.1385399125,0.2818751374,2.3429018304],[0.0,0.0,0.1065023187,0.1367482596,0.2804717181,1.0896691557],[0.0,0.0,0.1064269396,0.1367626285,0.2803597855,1.0928699896],[0.0,0.0,0.1064191292,0.1367721633,0.2796949947,1.0910363733],[0.0,0.0,0.1066025032,0.1367537737,0.2799827156,1.0813581679],[0.0,0.0,0.1064061804,0.1368679084,0.2802536602,1.0900776657],[0.0,0.0,0.1065393669,0.136832413,0.279894778,1.0802128645],[0.0,0.0,0.1063867736,0.1369113423,0.2800205802,1.0930680753],[0.0,0.0,0.1065253279,0.1368581039,0.2799464793,1.0839382242],[0.0,0.0,0.1069232768,0.1366672182,0.2691522895,1.1055393539],[0.0,0.0,0.1084237348,0.1353623087,0.273430322,1.0074826115],[0.0,0.0,0.1085473456,0.1353618647,0.2731548433,1.0007017995],[0.0,0.0,0.1086166025,0.1352347913,0.2730976909,0.9994237037],[0.0,0.0,0.1085321217,0.1352495631,0.2728444607,1.0061230164],[0.0,0.0,0.1084574238,0.1354488234,0.2733073191,1.0154097908],[0.0,0.0,0.1086095346,0.135293473,0.2731773236,1.0076564067],[0.0,0.0,0.108553792,0.1352559579,0.2733664874,1.0060420999],[0.0,0.0,0.1084112174,0.135436705,0.2731491677,1.0097903174],[0.0,0.0,0.1084931061,0.1353885845,0.2730948496,1.0090148144],[0.0,0.0,0.1086222347,0.1353884702,0.2732820358,1.0105421641],[0.0,0.0,0.1091095712,0.1352622251,0.2724266627,0.9829689281],[0.0,0.0,0.1089536948,0.1353558017,0.2726539957,0.9989605346],[0.0,0.0,0.109002199,0.1354221339,0.2729659409,0.9892443208],[0.0,0.0,0.1088541205,0.135466611,0.2731179819,0.9936552479],[0.0,0.0,0.1088942329,0.1354207735,0.2730427517,0.9977454499],[0.0,0.0,0.1089830475,0.1354248446,0.2728719092,0.9878294092],[0.0,0.0,0.1091180354,0.1353240881,0.2726417045,0.9900630577],[0.0,0.0,0.1088662527,0.1355238451,0.2730929423,0.9988307879],[0.0,0.0,0.1087695677,0.1355374389,0.2727611113,0.9995675092],[0.0,0.0,0.1088913783,0.1355590627,0.2045182628,0.9994969723],[0.0,0.0,0.114323962,0.1322135393,0.2013634784,1.0553693559],[0.0,0.0,0.1141395719,0.1323922338,0.2016771845,1.0624724733],[0.0,0.0,0.1141575376,0.1323167197,0.2015134143,1.0585990766],[0.0,0.0,0.1142170083,0.1322924102,0.2015748967,1.0521863464],[0.0,0.0,0.1142679148,0.1321983016,0.2014557289,1.0548580594],[0.0,0.0,0.1142401765,0.1324129564,0.2015423778,1.0585268274],[0.0,0.0,0.11416042,0.1323275709,0.2015285406,1.0653061522],[0.0,0.0,0.1141468634,0.1324323699,0.2015823425,1.0563431023],[0.0,0.0,0.1141500964,0.1323368344,0.2015030452,1.0583315378],[0.0,0.0,0.1125865694,0.1359535435,0.2017627542,0.7000750873],[0.0,0.0,0.3906429007,0.1101343201,0.2010229638,0.0515966472],[0.0,0.0,0.3921388137,0.110141438,0.2010814749,0.0515927775],[0.0,0.0,0.3914301759,0.1101138851,0.2008480579,0.0515928339],[0.0,0.0,0.3913257902,0.1101513491,0.2012591271,0.0516939444],[0.0,0.0,0.3920239265,0.1101726208,0.2011052392,0.0517358955],[0.0,0.0,0.3912530763,0.1102373185,0.2011474449,0.0516721877],[0.0,0.0,0.3915815411,0.1101423692,0.2012247715,0.0517020772],[0.0,0.0,0.3913321496,0.1101333426,0.201065196,0.0516776697],[0.0,0.0,0.3914174061,0.1101593416,0.2009056371,0.0516670059],[0.0,0.0,1.6634167769,0.1075831263,0.1579502498,0.0493112998],[0.0,0.0,1.3402889571,0.0890598118,0.1545402065,0.0432116369],[0.0,0.0,1.3411384786,0.0890102706,0.1544185904,0.0431555669],[0.0,0.0,1.3404958017,0.0890362517,0.1544272395,0.0432087424],[0.0,0.0,1.3408075583,0.0890768691,0.1544736417,0.0431152425],[0.0,0.0,1.3400517455,0.0889890647,0.1544371069,0.0431645442],[0.0,0.0,1.3401389471,0.0890444088,0.154436262,0.0431887944],[0.0,0.0,1.3409582548,0.0890246079,0.1543848042,0.0431912924],[0.0,0.0,1.3402269352,0.0890394239,0.1544810399,0.0431109995],[0.0,0.0,1.3402988212,0.0890177732,0.1544140408,0.0430659653],[0.0,0.0,1.3405362687,0.0890072283,0.1544398822,0.0431782497],[0.0,0.0,1.340464144,0.0890231919,0.1545439785,0.0431424599],[0.0,0.0,1.3406545887,0.088977969,0.154455084,0.0431882709],[0.0,0.0,1.3407957264,0.0889177465,0.1544164386,0.0431302758],[0.0,0.0,1.3402288166,0.088976617,0.1544379925,0.0431017104],[0.0,0.0,1.3405819804,0.0890416516,0.1543527699,0.0431867972],[0.0,0.0,1.3403535871,0.0889808202,0.1545327402,0.0431072812],[0.0,0.0,1.3400583073,0.0890443189,0.1545360449,0.0431334716],[0.0,0.0,1.340483256,0.0889701738,0.1544006964,0.0431406924],[0.0,0.0,1.3405440835,0.0890124894,0.1544614078,0.0431186391],[0.0,0.0,1.3169190358,0.0795140673,0.1466567625,0.0431276019],[0.0,0.0,1.3508717816,0.0796546002,0.1184036416,0.0429000057],[0.0,0.0,1.3506496297,0.0797282806,0.1183571395,0.0429550613],[0.0,0.0,1.3509797216,0.0796430851,0.1185072608,0.0429092947],[0.0,0.0,1.3505216422,0.0797013773,0.1183960052,0.0429865261],[0.0,0.0,1.350976531,0.0796376497,0.1184374676,0.0429558311],[0.0,0.0,1.3508130262,0.079607016,0.1182629699,0.0429369452],[0.0,0.0,1.3506200191,0.0796237577,0.1183925096,0.0429828977],[0.0,0.0,1.3506280414,0.0797620764,0.1184883012,0.0429884461],[0.0,0.0,1.3498626117,0.0796133521,0.1184099483,0.0430081244],[0.0,0.0,1.3522044698,0.0904192199,0.1183450488,0.0430101572],[0.0,0.0,1.3530233872,0.0879956467,0.1205703335,0.0430469125],[0.0,0.0,1.3522231541,0.0880187491,0.1206730145,0.043064724],[0.0,0.0,1.3530104257,0.0880947879,0.1205332944,0.0430682838],[0.0,0.0,1.3530118112,0.0880777112,0.1205974013,0.0430628176],[0.0,0.0,1.3522515053,0.0880557379,0.1205590309,0.0431082579],[0.0,0.0,1.3525992577,0.0880733276,0.1205161532,0.0431115103],[0.0,0.0,1.3524591942,0.0880752369,0.1206391214,0.0430484328],[0.0,0.0,1.353449455,0.0880439979,0.120536587,0.0430744315],[0.0,0.0,1.353015054,0.0880666115,0.1206245102,0.043076088],[0.0,0.0,1.3407466063,0.0880532173,0.1165360696,0.0430611766],[0.0,0.0,1.3435060655,0.087962704,0.1166858838,0.0420116982],[0.0,0.0,1.3440739274,0.0880262173,0.1167349369,0.0420535458],[0.0,0.0,1.343612697,0.0880182465,0.1167896793,0.0421021325],[0.0,0.0,1.3440141717,0.0880791513,0.1167334536,0.0419890474],[0.0,0.0,1.3442173373,0.0880390059,0.1167032531,