{"type_bounds":[0,0,1,1],"max_steps_out":1000,"dimensions":[4],"bounds_domain":[[0.0,1.0],[0.0,1.0],[0.25,0.5,0.75],[0.2,0.4,0.6,0.8]],"mean_value":[0.0],"samples_parameters":[[0.0,0.0,0.7289054833,0.3535523309,0.2047996032,0.0813713068],[0.0,0.0,0.7291484329,0.3532926724,0.2045451125,0.0814179612],[0.0,0.0,0.7289349502,0.3533505103,0.2045352552,0.0812966812],[0.0,0.0,0.729121161,0.3533636773,0.204638199,0.0814116696],[0.0,0.0,0.7288450882,0.3536112093,0.2046235554,0.0813952042],[0.0,0.0,0.7290201016,0.3536090574,0.204460477,0.0813951929],[0.0,0.0,0.7290512426,0.353632027,0.2048579453,0.0813734213],[0.0,0.0,0.7291312944,0.3535509955,0.2046694739,0.0813897008],[0.0,0.0,0.7290273949,0.3536715481,0.2045956951,0.0813550337],[0.0,0.0,0.7290188634,0.3534468068,0.2046568351,0.0814446377],[0.0,0.0,0.7290916208,0.3536668275,0.2047591199,0.0813960649],[0.0,0.0,1.4621858616,0.2167333578,0.3000133472,0.0637437762],[0.0,0.0,967.5240524464,0.1936114206,241.5502718165,0.0831461415],[0.0,0.0,770.8964782462,0.1935772925,128.3612083298,0.0831602973],[0.0,0.0,842.9150088196,0.1935484197,174.7904743456,0.0831630388],[0.0,0.0,931.9683600061,0.1935747406,121.7924378303,0.0831627614],[0.0,0.0,975.1898806101,0.1935797559,150.6102621977,0.083175415],[0.0,0.0,726.9355115761,0.1935657271,207.243377373,0.083161666],[0.0,0.0,956.7829542397,0.1935732457,236.7700139011,0.0831678613],[0.0,0.0,868.1332282736,0.1935889634,134.2083545591,0.0831643831],[0.0,0.0,847.9820403317,0.1935894514,135.9184849835,0.0831682869],[0.0,0.0,835.6783658792,0.1936046664,165.7438219578,0.0831683525],[0.0,0.0,851.6179453618,0.1935735087,229.1657180916,0.0831430181],[0.0,0.0,851.5951379252,0.1935622336,170.1705974353,0.08315566],[0.0,0.0,945.5220862938,0.1935860048,175.6679998161,0.0831601394],[0.0,0.0,993.4591004638,0.1936008784,227.3249656947,0.0831696875],[0.0,0.0,946.5841700769,0.1935473395,248.5081759016,0.0831492554],[0.0,0.0,928.1165661117,0.1935766942,192.820596918,0.0831451452],[0.0,0.0,918.5588096852,0.1936019571,246.814754824,0.0831682545],[0.0,0.0,855.1860337087,0.1935651044,164.2891880719,0.0831641508],[0.0,0.0,867.0257386216,0.1936055115,215.7552283218,0.0831533531],[0.0,0.0,825.5795091078,0.1896236123,218.5804296552,0.082284438],[0.0,0.0,947.4708101455,0.190410791,1.023660607,0.0828000342],[0.0,0.0,849.2168700283,0.190376806,1.0272933764,0.0827666849],[0.0,0.0,908.5840415259,0.1903985935,1.024711604,0.0827901639],[0.0,0.0,917.9833374144,0.1903941674,1.0324907191,0.0827719138],[0.0,0.0,964.2224632305,0.1903949295,1.0327936701,0.0827723356],[0.0,0.0,998.4735448569,0.1904070276,1.0304788072,0.0827712134],[0.0,0.0,969.4921543927,0.1904181572,1.0275240549,0.0827760788],[0.0,0.0,981.1201433978,0.1903886087,1.0320980077,0.0827821103],[0.0,0.0,802.7506612888,0.1903796041,1.0355154569,0.0827626863],[0.0,0.0,626.4163914232,0.1773300942,0.8476400497,0.0827636586],[0.0,0.0,926.6292058698,0.1692375983,1.9658190699,0.0850780453],[0.0,0.0,952.1836106752,0.1692377682,2.0157943975,0.0850593011],[0.0,0.0,917.5217326824,0.1691906312,2.000764488,0.0850772052],[0.0,0.0,976.4495891642,0.1692078772,2.0311702405,0.0850493828],[0.0,0.0,934.2776092764,0.1691801416,1.9993651309,0.0850696909],[0.0,0.0,882.1021388809,0.1692145602,1.9990979761,0.085058956],[0.0,0.0,979.5313351293,0.1692545117,2.0625173105,0.0850595394],[0.0,0.0,946.0715535415,0.1692237523,1.9960406054,0.0850613135],[0.0,0.0,995.538373871,0.1692139298,2.0430563823,0.0850545016],[0.0,0.0,209.9878261415,0.1145582027,1.1111671886,0.082041427],[0.0,0.0,1.3250137334,0.225802062,0.2521385412,0.0812002633],[0.0,0.0,1.3190790059,0.2254268366,0.2536298869,0.0805009824],[0.0,0.0,1.3187188912,0.225467419,0.2537226313,0.0804967997],[0.0,0.0,1.3187441633,0.2254079752,0.2537172226,0.0805018567],[0.0,0.0,1.3181557345,0.2254829705,0.2537082462,0.0804954486],[0.0,0.0,1.31907602,0.2253725652,0.2537291002,0.0805034528],[0.0,0.0,1.3185381067,0.2254375854,0.2537819453,0.0804855054],[0.0,0.0,1.3187326538,0.2254060799,0.2537400556,0.0804935964],[0.0,0.0,1.3184448821,0.2254367786,0.2536807573,0.0804896262],[0.0,0.0,1.318837999,0.2254402676,0.2537791586,0.0804931006],[0.0,0.0,1.3199637232,0.2251674329,0.2537612609,0.0804968762],[0.0,0.0,1.3194453246,0.2251808719,0.2537397361,0.0805061128],[0.0,0.0,1.3200413273,0.2251762116,0.2536686146,0.080510061],[0.0,0.0,1.3196709546,0.2251924373,0.2538233267,0.0805055343],[0.0,0.0,1.3194723251,0.2251953019,0.2537592876,0.080505896],[0.0,0.0,1.3198310536,0.2251998464,0.2536854494,0.0805044268],[0.0,0.0,1.3203082648,0.2251378101,0.2537546035,0.0805072694],[0.0,0.0,1.3202156067,0.2251350526,0.2537690109,0.0805200151],[0.0,0.0,1.3198316746,0.2251870043,0.2536994747,0.0805129617],[0.0,0.0,1.3224592946,0.2253137265,0.2520435946,0.0805528121],[0.0,0.0,1.3233358254,0.2253276235,0.2520600694,0.0805615891],[0.0,0.0,1.3229109827,0.2254537725,0.2521460873,0.0805360461],[0.0,0.0,1.3228986357,0.2254019513,0.2521237685,0.0805421989],[0.0,0.0,1.3227683692,0.22542733,0.2521430162,0.0805418392],[0.0,0.0,1.3236153412,0.2253704017,0.2520861905,0.0805479397],[0.0,0.0,1.3231287692,0.225382048,0.2520979031,0.080553905],[0.0,0.0,1.3228143153,0.2253935937,0.2521770077,0.0805449194],[0.0,0.0,1.3226932259,0.2253864,0.2520916321,0.0805299925],[0.0,0.0,1.3235362145,0.2253240582,0.2520865514,0.0805482704],[0.0,0.0,1.3285198131,0.2256289004,0.2508604924,0.0805994666],[0.0,0.0,1.3253789818,0.2258422678,0.2502343942,0.0806105677],[0.0,0.0,1.3253164173,0.2257888236,0.2502069654,0.0806051045],[0.0,0.0,1.3253514255,0.2258130922,0.2501857697,0.0806047372],[0.0,0.0,1.3256410521,0.2258443001,0.250163677,0.0806095025],[0.0,0.0,1.3258382431,0.2257613318,0.2501823474,0.0806115407],[0.0,0.0,1.3255408948,0.2258315718,0.2501863167,0.0806121771],[0.0,0.0,1.3250240109,0.2258335505,0.2501203956,0.0806031795],[0.0,0.0,1.3246774942,0.2258529264,0.2501730305,0.080596571],[0.0,0.0,1.324653082,0.2258681994,0.2502507125,0.0806054658],[0.0,0.0,1.3244923901,0.2255850955,0.255299934,0.0805220283],[0.0,0.0,1.323386025,0.225138706,0.25539928,0.0805042323],[0.0,0.0,1.3236037381,0.225120301,0.2554790359,0.0805150838],[0.0,0.0,1.32368339,0.2250879258,0.2554707152,0.0805091507],[0.0,0.0,1.3230459856,0.2251614925,0.2556154188,0.0804977913],[0.0,0.0,1.3236914831,0.2250529285,0.255454132,0.0805172619],[0.0,0.0,1.3237176626,0.2251026642,0.2554529047,0.0805129274],[0.0,0.0,1.3235442345,0.2250814521,0.2555401775,0.0805224294],[0.0,0.0,1.3236700569,0.2251103038,0.2555033767,0.0805191256],[0.0,0.0,1.3230866208,0.2251275208,0.2554276837,0.0805126868],[0.0,0.0,1.6120934495,0.1264256152,0.2372285373,0.0480359339],[0.0,0.0,0.842464364,0.2344943752,0.2402273089,0.0523483575],[0.0,0.0,0.8422064683,0.2344852174,0.2402091745,0.0523431588],[0.0,0.0,0.8424896258,0.234435269,0.2402103782,0.0523443317],[0.0,0.0,0.8425347355,0.234446426,0.2402134616,0.0523441772],[0.0,0.0,0.8424114417,0.2344394171,0.2402369923,0.0523406951],[0.0,0.0,0.8423722981,0.2345025718,0.240193232,0.0523455985],[0.0,0.0,0.8425278653,0.2344016836,0.2401599281,0.0523572011],[0.0,0.0,0.842430317,0.2344842177,0.2401900407,0.052347475],[0.0,0.0,0.8424042931,0.234446547,0.2401923184,0.0523495059],[0.0,0.0,1.3222202641,0.2097365363,0.1515692136,0.066875515],[0.0,0.0,1.2339851896,0.1772624779,0.1902502147,0.0859832391],[0.0,0.0,1.2363199787,0.1771437945,0.1902953983,0.0860359665],[0.0,0.0,1.235757389,0.1771379135,0.1903025344,0.0860276242],[0.0,0.0,1.2356927556,0.1771271137,0.1902882303,0.0860348696],[0.0,0.0,1.2357904092,0.1772051594,0.1902765236,0.0860260592],[0.0,0.0,1.236438177,0.1770963533,0.1903226525,0.0860318234],[0.0,0.0,1.2365339221,0.1771676889,0.1902875005,0.0860295827],[0.0,0.0,1.2362134901,0.17711679,0.1902848384,0.0860321394],[0.0,0.0,1.2364103754,0.1771451851,0.1902894481,0.0860314965]],"thinning":10,"kernel_values":[1.1622349498,0.9527129465,0.63228738,0.7201646091],"type_kernel":["Matern52"],