{"type_bounds":[0,0,1,1],"max_steps_out":1000,"dimensions":[4],"bounds_domain":[[0.0,1.0],[0.0,1.0],[0.25,0.5,0.75],[0.2,0.4,0.6,0.8]],"mean_value":[0.0],"samples_parameters":[[0.0,0.0,0.4695230105,0.374870723,0.1744129506,0.2719852724],[0.0,0.0,0.4696296602,0.374736321,0.1743459512,0.2722114282],[0.0,0.0,0.4698000011,0.3749067637,0.1743950805,0.271933107],[0.0,0.0,0.4690936316,0.3749635495,0.1745694924,0.271943945],[0.0,0.0,0.469216534,0.3749389087,0.1745851642,0.2717199886],[0.0,0.0,0.4693102855,0.3748691373,0.1745039306,0.2718867318],[0.0,0.0,0.4692807401,0.3748327742,0.1744892086,0.2719979426],[0.0,0.0,0.4693114539,0.3749365502,0.1745204012,0.2720486591],[0.0,0.0,0.4692169072,0.3749724672,0.1744227872,0.2719190575],[0.0,0.0,0.4698170221,0.3748343332,0.1743719617,0.2719256089],[0.0,0.0,0.4692859411,0.3749922031,0.1744421115,0.271900064],[0.0,0.0,0.4118407931,0.3279494293,0.1720979408,0.444643287],[0.0,0.0,0.4939794441,0.3334863484,0.1563885656,0.414896481],[0.0,0.0,0.493575619,0.3334306043,0.1564405581,0.4149749331],[0.0,0.0,0.4938931902,0.3334463666,0.1564728445,0.4150055143],[0.0,0.0,0.4937939321,0.3334503848,0.1564973054,0.4147918722],[0.0,0.0,0.494240116,0.3334290476,0.1563225894,0.4150263588],[0.0,0.0,0.4938809827,0.333475946,0.1563869414,0.4152724675],[0.0,0.0,0.4940601416,0.3334795261,0.1564502414,0.4149933599],[0.0,0.0,0.4933641649,0.3334603247,0.1565370971,0.4147586171],[0.0,0.0,0.4933855944,0.3334862795,0.1565194498,0.4150315205],[0.0,0.0,0.4794796696,0.327140425,0.1589010419,0.4151102448],[0.0,0.0,0.4403727124,0.327554637,0.167976044,0.4163925853],[0.0,0.0,0.440816895,0.3275543241,0.1679007325,0.4164572679],[0.0,0.0,0.4403758681,0.3275985927,0.1680038498,0.4164039313],[0.0,0.0,0.4405606662,0.327580617,0.167953271,0.4163766935],[0.0,0.0,0.4410146706,0.3276123217,0.1678356445,0.4163234185],[0.0,0.0,0.4410994742,0.3275488208,0.1678529563,0.4166048112],[0.0,0.0,0.4409057111,0.3275367131,0.1679211155,0.4164524098],[0.0,0.0,0.44093276,0.3275107559,0.167840961,0.4164048919],[0.0,0.0,0.4408040197,0.3275410856,0.1679259448,0.4164016432],[0.0,0.0,0.7563139825,0.2978076626,0.1688653737,0.4461562421],[0.0,0.0,0.712031595,0.2891647046,0.1415452622,0.4534109824],[0.0,0.0,0.7124379396,0.2891603639,0.1415711082,0.4537846366],[0.0,0.0,0.7122056519,0.2891718274,0.1416004505,0.4537617805],[0.0,0.0,0.7123723797,0.2892027792,0.1416020533,0.453582355],[0.0,0.0,0.7122566648,0.2892346404,0.141607192,0.4535852162],[0.0,0.0,0.7123728721,0.2891882723,0.1415938437,0.4539006163],[0.0,0.0,0.7124296562,0.2891486216,0.1416029706,0.4537295003],[0.0,0.0,0.7123342569,0.2891161139,0.1416281707,0.4537561244],[0.0,0.0,0.7123344896,0.2891588103,0.141628705,0.4536140014],[0.0,0.0,0.7110636635,0.289169684,0.1416311476,0.4537116235],[0.0,0.0,0.7123266765,0.2890896199,0.1416330848,0.4536009902],[0.0,0.0,0.7121036503,0.289152196,0.1415798324,0.4537626475],[0.0,0.0,0.7123288949,0.2891763749,0.1415390789,0.4539953377],[0.0,0.0,0.7122278902,0.2892094291,0.1415936885,0.4538564467],[0.0,0.0,0.7123429404,0.2892037668,0.1415407525,0.4536820153],[0.0,0.0,0.7126170054,0.2891332732,0.1415975913,0.4536495078],[0.0,0.0,0.7123746638,0.2891618999,0.1416024954,0.4537689776],[0.0,0.0,0.7118730949,0.2891715567,0.1416374378,0.4538535212],[0.0,0.0,0.7125152113,0.2891503763,0.1416097999,0.4538660742],[0.0,0.0,0.7123299617,0.2891559473,0.1416100507,0.4632573],[0.0,0.0,0.7114089568,0.2891989791,0.1418893196,0.4637500558],[0.0,0.0,0.7116801234,0.2892796535,0.141810142,0.4639145939],[0.0,0.0,0.7111547349,0.2891909006,0.1418823528,0.4639341241],[0.0,0.0,0.711579171,0.2892790961,0.1417835255,0.4640904101],[0.0,0.0,0.7118755222,0.2892071757,0.1418052551,0.4639854662],[0.0,0.0,0.7114737073,0.289198745,0.1418241052,0.4639615898],[0.0,0.0,0.7118793879,0.2892309814,0.141840207,0.4640274616],[0.0,0.0,0.7116598564,0.289257252,0.1418475443,0.4641233729],[0.0,0.0,0.7112101988,0.2892560022,0.1418179623,0.4642289754]],"thinning":10,"kernel_values":[1.3319661241,0.6649992097,0.6001371742,0.8744855967],"type_kernel":["Matern52"],"training_data":{"evaluations":[482.69791182,764.1603921354,66.796452844,117.0819835763,2235.2526290373,546.7154070167,15715.0693124854,1967.142021909,1417.206938624,4394.0016196243,1009.0577266829,1923.5418202957],"points":[[0.8478880033,0.5137210887,0.5,0.2],[0.006299602,0.0535293149,0.75,0.8],[0.1154732852,0.5569511896,0.75,0.4],[0.062275266,0.5634398606,0.75,0.2],[0.7041749107,0.1606694461,0.75,0.8],[0.4514232098,0.2441969302,0.5,0.8],[0.0266397565,0.0072294055,0.25,0.2],[0.6839288292,0.2815361003,0.5,0.2],[0.8048215012,0.4827948339,0.75,0.2],[0.0109112495,0.5058973228,0.25,0.4],[0.9908569177,0.5383530068,0.5,0.6],[0.9866774574,0.2832945329,0.75,0.8]],"var_noise":[]},"var_noise_value":[0.0],"n_burning":500,"same_correlation":true,"problem_name":"branin","data":{"evaluations":[482.69791182,764.1603921354,66.796452844,117.0819835763,2235.2526290373,546.7154070167,15715.0693124854,1967.142021909,1417.206938624,4394.0016196243,1009.0577266829,1923.5418202957,7002.0489127734,2385.2380974265,5898.5301121467,7002.0489127734,894.9077666292,1976.497738724],"points":[[0.8478880033,0.5137210887,0.5,0.2],[0.006299602,0.0535293149,0.75,0.8],[0.1154732852,0.5569511896,0.75,0.4],[0.062275266,0.5634398606,0.75,0.2],[0.7041749107,0.1606694461,0.75,0.8],[0.4514232098,0.2441969302,0.5,0.8],[0.0266397565,0.0072294055,0.25,0.2],[0.6839288292,0.2815361003,0.5,0.2],[0.8048215012,0.4827948339,0.75,0.2],[0.0109112495,0.5058973228,0.25,0.4],[0.9908569177,0.5383530068,0.5,0.6],[0.9866774574,0.2832945329,0.75,0.8],[1.0,0.0,0.75,0.2],[1.0,1.0,0.75,0.2],[0.0,1.0,0.75,0.3943621653],[1.0,0.0,0.75,0.2],[0.0,0.0,0.75,0.8],[0.0,1.0,0.75,0.214748058]],"var_noise":[]},"start_point_sampler":[0.0,0.0,0.4695230105,0.374870723,0.1744129506,0.2719852724],"name_model":"gp_fitting_gaussian","training_name":"default_training_data_12_points_rs_506"}