{"type_bounds":[0,0,1,1],"max_steps_out":1000,"dimensions":[4],"bounds_domain":[[0.0,1.0],[0.0,1.0],[0.25,0.5,0.75],[0.2,0.4,0.6,0.8]],"mean_value":[0.0],"samples_parameters":[[0.0,0.0,0.0292100506,0.8414235737,0.2490325624,111.4594055639],[0.0,0.0,0.0292042007,0.8413439926,0.2490081159,83.6446880749],[0.0,0.0,0.0292014896,0.8420841866,0.2489700226,158.0369110765],[0.0,0.0,0.0291960755,0.8411097496,0.2490676859,198.7421527936],[0.0,0.0,0.0291791966,0.8424408738,0.2488861406,144.0562878053],[0.0,0.0,0.0292214182,0.8417243008,0.2489316608,192.8968074358],[0.0,0.0,0.0291925245,0.841340366,0.2492204387,151.5725695723],[0.0,0.0,0.029205017,0.840842674,0.2488787383,84.0164238725],[0.0,0.0,0.0292093653,0.8418749008,0.2487580156,183.1110826265],[0.0,0.0,0.029217917,0.8419561339,0.2489751745,146.3053618443],[0.0,0.0,0.0292057342,0.8415371215,0.2490854255,78.1128538069],[0.0,0.0,0.0291919832,0.842693715,0.2490588608,172.4586931959],[0.0,0.0,0.0291981718,0.8419529975,0.2490815404,121.2144157466],[0.0,0.0,0.0292119354,0.8416989858,0.2491205439,127.6172250265],[0.0,0.0,0.0292150219,0.840303523,0.2489320056,175.7535079649],[0.0,0.0,0.029177984,0.8435099631,0.2488670862,154.5597658309],[0.0,0.0,0.0292049533,0.842047188,0.2489530607,170.733766979],[0.0,0.0,0.0292304566,0.839673692,0.2491330187,175.2210211466],[0.0,0.0,0.0291970259,0.8419967475,0.2490036675,152.9265460046],[0.0,0.0,0.0291986283,0.8428402957,0.2488730852,193.2625578631],[0.0,0.0,0.029199151,0.8400269405,0.2489578701,86.8271281439],[0.0,0.0,0.0283463091,0.8496002698,0.2430768934,68.3928373283],[0.0,0.0,0.0299564867,0.861485197,0.2878260674,0.4303455374],[0.0,0.0,875.0323798277,0.0488788328,0.3905621077,1.3366260484],[0.0,0.0,1.1466581537,0.0589498634,0.397684789,1.0287331302],[0.0,0.0,1.1276425502,0.0588356152,0.3968823668,1.0480785922],[0.0,0.0,1.128515712,0.058793467,0.3969603004,1.0486852578],[0.0,0.0,1.1253457338,0.0588458385,0.3968595472,1.0480710596],[0.0,0.0,1.126056522,0.0588411505,0.3969525466,1.047221373],[0.0,0.0,1.1248838389,0.0588552553,0.3967174408,1.0482475227],[0.0,0.0,1.1249461046,0.0588234368,0.397055137,1.0474614526],[0.0,0.0,237.5159586943,0.0467158265,0.3945984227,1.4092740346],[0.0,0.0,1.4483636188,0.049700645,0.3977506652,1.3729262784],[0.0,0.0,1.4802512266,0.0496945473,0.3974607012,1.3739665981],[0.0,0.0,1.4755636394,0.0496793402,0.3974530836,1.3741092832],[0.0,0.0,1.4634386856,0.0496951875,0.3974062744,1.3766353171],[0.0,0.0,1.4693929487,0.0496906278,0.3976863328,1.3761979141],[0.0,0.0,1.4762776112,0.0496883705,0.397433024,1.3766519055],[0.0,0.0,1.4648257144,0.0496832603,0.3979947482,1.3767375639],[0.0,0.0,1.4663330201,0.0496793786,0.3978110618,1.3766266443],[0.0,0.0,1.4757469338,0.0496794972,0.3975147868,1.3763743258],[0.0,0.0,1.8578921457,0.042650857,0.4113511638,1.4533428496],[0.0,0.0,0.9205456288,0.0465237455,0.4121708955,1.4835369004],[0.0,0.0,0.930509513,0.0463781018,0.4115441497,1.4826696116],[0.0,0.0,0.9269492953,0.0463858048,0.4116849325,1.4817383128],[0.0,0.0,0.9314043385,0.046398944,0.4115332481,1.4778389699],[0.0,0.0,0.9321782402,0.0463687974,0.4115709773,1.4783877674],[0.0,0.0,0.930488007,0.046375427,0.4117928693,1.4794036228],[0.0,0.0,0.9280215763,0.0463818965,0.4117098206,1.4794285401],[0.0,0.0,0.9302151786,0.0463806714,0.4115161719,1.4803829651],[0.0,0.0,0.9313056042,0.0463808825,0.4114345456,1.479756134],[0.0,0.0,0.3770101613,0.0440297947,0.4420271404,28.5279324375],[0.0,0.0,0.4858005447,0.0529873107,0.4327569218,1.5795948065],[0.0,0.0,0.4856939573,0.0529765856,0.4329513784,1.5780752547],[0.0,0.0,0.4859108542,0.052976773,0.4329816148,1.5789940516],[0.0,0.0,0.4857198169,0.0529828138,0.4328539505,1.5755062098],[0.0,0.0,0.4853902645,0.0529947161,0.4329152695,1.5781632298],[0.0,0.0,0.4856281409,0.0529896396,0.4328028029,1.5789242238],[0.0,0.0,0.4858439111,0.0529956002,0.4328882693,1.5774099923],[0.0,0.0,0.4855515744,0.0529762059,0.4330198339,1.5786225804],[0.0,0.0,0.4856741043,0.0529921136,0.4327832647,1.5808188878],[0.0,0.0,0.4644341284,0.052643771,0.3819507052,1.513788437],[0.0,0.0,0.4679458548,0.0535577909,0.3793167828,1.5148435764],[0.0,0.0,0.4679012894,0.0535882675,0.379354317,1.5137935941],[0.0,0.0,0.468365549,0.0535640464,0.3795849442,1.5121424497],[0.0,0.0,0.4683323103,0.0535643028,0.3793612397,1.512108371],[0.0,0.0,0.4681181859,0.0535716523,0.3793436544,1.5110430339],[0.0,0.0,0.4676603507,0.0535752048,0.379531037,1.5114314539],[0.0,0.0,0.4680080802,0.053584868,0.3795003177,1.51426149],[0.0,0.0,0.4684365747,0.0535628167,0.3795004659,1.5118876695],[0.0,0.0,0.4679690359,0.0535676958,0.3792345869,1.5156844064],[0.0,0.0,0.470302415,0.0535724795,0.3792246289,1.5099932894],[0.0,0.0,0.469319507,0.0536893948,0.3791753777,1.5110629085],[0.0,0.0,0.4691631981,0.0536896194,0.3793270109,1.5062215488],[0.0,0.0,0.4694005497,0.0536747883,0.3792943965,1.5127586596],[0.0,0.0,0.4694700946,0.0536904766,0.3791015646,1.5102620672],[0.0,0.0,0.4693154129,0.0536902938,0.379022275,1.509632567],[0.0,0.0,0.4694596357,0.0536894391,0.3792579423,1.508687707],[0.0,0.0,0.4693054448,0.0536920989,0.3793797969,1.5085204011],[0.0,0.0,0.4694700462,0.0536941841,0.3789606518,1.5080734328],[0.0,0.0,0.4691446642,0.0537119388,0.3792825915,1.5091102196],[0.0,0.0,0.4715282885,0.0538209434,0.3645982937,1.5064839688],[0.0,0.0,0.4786176672,0.053723155,0.3547913631,1.5079665641],[0.0,0.0,0.4783266769,0.0537530583,0.3546797792,1.5072623552],[0.0,0.0,0.478457281,0.0537336587,0.3548310108,1.5076759719],[0.0,0.0,0.4785539385,0.0537244779,0.3548226061,1.506875548],[0.0,0.0,0.478674885,0.0537273426,0.3548113779,1.5071291208],[0.0,0.0,0.4783206161,0.0537207811,0.3552863002,1.5073281355],[0.0,0.0,0.4787258483,0.0537092392,0.3551188564,1.5077909793],[0.0,0.0,0.4782087648,0.0537719218,0.354844893,1.5058439904],[0.0,0.0,0.4783083211,0.053754888,0.3547136738,1.5090560656],[0.0,0.0,0.4953804261,0.0538616121,0.3669804563,1.3429207609],[0.0,0.0,0.4903191851,0.0543780639,0.36864905,1.1803632505],[0.0,0.0,0.4903750096,0.0544194753,0.3687692554,1.1815106828],[0.0,0.0,0.4902381211,0.0544096838,0.3686927281,1.1809573249],[0.0,0.0,0.4902750881,0.0543831329,0.3688644698,1.1800537456],[0.0,0.0,0.4901804654,0.0543995805,0.3688021915,1.1812232095],[0.0,0.0,0.4903940501,0.0543662818,0.368821631,1.1811074663],[0.0,0.0,0.4905422374,0.0543673111,0.3687604333,1.1810688781],[0.0,0.0,0.4905565968,0.0543938873,0.3686193697,1.1821423373],[0.0,0.0,0.4904948993,0.0543815069,0.3687567896,1.1814011615],[0.0,0.0,0.4845875435,0.0500039256,0.3696616903,1.3795652016],[0.0,0.0,0.5094598958,0.0505981632,0.3653374318,1.2873676047],[0.0,0.0,0.5098163897,0.0505986392,0.3652154739,1.2894758206],[0.0,0.0,0.5095108109,0.0505933724,0.3650648196,1.2863655329],[0.0,0.0,0.5094824597,0.0505948758,0.3651472371,1.2885203511],[0.0,0.0,0.5095305101,0.0506094606,0.3649310862,1.2894568603],[0.0,0.0,0.5096341165,0.0506334565,0.364950723,1.2881132604],[0.0,0.0,0.5096487039,0.0505800093,0.365618591,1.2873258717],[0.0,0.0,0.5094742956,0.050596046,0.365109314,1.2892467218],[0.0,0.0,0.5096774246,0.0505976362,0.3650930798,1.284046569],[0.0,0.0,1.5775899595,0.0124398844,68.1399585744,44.4662912403],[0.0,0.0,0.8484593501,0.018136115,202.7506308891,197.2928425385],[0.0,0.0,0.8493665286,0.0181354792,243.2187889174,196.6096609856],[0.0,0.0,0.848418528,0.0181388372,141.8023122801,197.9129781681],[0.0,0.0,0.8488290769,0.0181369071,218.895539211,198.4276579683],[0.0,0.0,0.8482653359,0.0181389142,207.1921617786,189.1467986544],[0.0,0.0,0.8483134879,0.0181446524,240.405628395,194.5617815156],[0.0,0.0,0.848452053,0.0181367416,217.4124668531,187.7272273414],[0.0,0.0,0.8487314762,0.0181369064,185.3011756711,199.5217167806],[0.0,0.0,0.848848821,0.0181351013,197.111101408,197.6320138796],[0.0,0.0,0.8486728419,0.0181479724,190.417908842,197.0744579316],[0.0,0.0,0.8483324035,0.0181432913,201.9111295042,196.52680552],[0.0,0.0,0.8484750183,0.0181472585,232.5593206238,174.4557900961],[0.0,0.0,0.8484246609,0.0181361896,238.5136866866,199.879689786],[0.0,0.0,0.847467671,0.0181433083,