{"type_bounds":[0,0,1,1],"max_steps_out":1000,"dimensions":[4],"bounds_domain":[[0.0,1.0],[0.0,1.0],[0.25,0.5,0.75],[0.2,0.4,0.6,0.8]],"mean_value":[0.0],"samples_parameters":[[0.0,0.0,0.07926142,0.1961562928,0.7350902608,169.6988689118],[0.0,0.0,0.0792632247,0.1960626735,0.734979017,170.6258824501],[0.0,0.0,0.0792789954,0.1960054962,0.7343885381,179.3629398728],[0.0,0.0,0.0792867663,0.1959189728,0.734689297,172.9887789931],[0.0,0.0,0.0792598729,0.1962155504,0.7344316929,198.1116980004],[0.0,0.0,0.0793076144,0.1960133377,0.733334711,171.5821174409],[0.0,0.0,0.0792816407,0.1962679418,0.7333291104,147.721471398],[0.0,0.0,0.0793025842,0.1960025796,0.7339160206,198.398767703],[0.0,0.0,0.0792644385,0.1960528786,0.7360671041,188.3939004637],[0.0,0.0,0.0792876298,0.1961920641,0.7339983599,152.2568219242],[0.0,0.0,0.0792784717,0.196110439,0.7340110674,168.9122853185],[0.0,0.0,0.0861220522,0.2210968204,0.8161417045,187.0635244343],[0.0,0.0,800.4748933183,0.17942309,0.8305533595,0.1820220388],[0.0,0.0,958.6122322274,0.2362039949,0.4689663556,0.1259356966],[0.0,0.0,999.4704803552,0.2388110059,0.4669201933,0.1255550862],[0.0,0.0,998.2232933976,0.238762361,0.4670035668,0.125559739],[0.0,0.0,971.1818979274,0.2387827243,0.4669974528,0.1255702334],[0.0,0.0,915.9898740952,0.2387606004,0.4671706777,0.1255479744],[0.0,0.0,916.9508850273,0.2387623542,0.4671240884,0.1255623722],[0.0,0.0,977.6511882201,0.2387541716,0.4670983893,0.1255657508],[0.0,0.0,969.084277989,0.2387156129,0.4671873017,0.1255826346],[0.0,0.0,989.8236329879,0.2394988266,0.5003938831,0.1288457341],[0.0,0.0,990.0262937088,0.2337625835,0.4991443192,0.1343465062],[0.0,0.0,989.6697012741,0.2337428155,0.4991899282,0.1343446089],[0.0,0.0,990.5144021611,0.2337386389,0.4993786408,0.1343654403],[0.0,0.0,989.8728856667,0.2337381853,0.4992721679,0.13435764],[0.0,0.0,970.3906432747,0.2337574789,0.4990976997,0.134353015],[0.0,0.0,994.1560095741,0.2337485115,0.4992940188,0.1343481503],[0.0,0.0,997.9462666569,0.2336907291,0.4992992335,0.1343557352],[0.0,0.0,996.4535448599,0.233770334,0.4991951675,0.1343457872],[0.0,0.0,977.2823420603,0.2337538064,0.4991799446,0.1343391485],[0.0,0.0,992.5334626428,0.2337732903,0.4990198163,0.1343455341],[0.0,0.0,967.4272911751,0.2337223575,0.4991019145,0.1343512134],[0.0,0.0,991.1030804411,0.2337403452,0.4992083765,0.1343659901],[0.0,0.0,969.7546110451,0.2337679661,0.4989854222,0.134351592],[0.0,0.0,989.341018227,0.2337123969,0.4994195282,0.134360346],[0.0,0.0,982.810391511,0.2337257203,0.4991390089,0.1343630687],[0.0,0.0,994.4525742529,0.2337210624,0.4991347748,0.1343596076],[0.0,0.0,994.8090801934,0.2337710372,0.4990706485,0.1343664183],[0.0,0.0,997.132406709,0.2337572611,0.4991962137,0.1343423721],[0.0,0.0,992.6535128905,0.2337564142,0.4991284749,0.134348382],[0.0,0.0,901.8143671354,0.0789906177,0.3544862852,0.1337695405],[0.0,0.0,0.9248893861,0.2580172618,0.195417804,0.1416510305],[0.0,0.0,0.9069847544,0.2549950078,0.1952772691,0.141178045],[0.0,0.0,0.9071876469,0.2549512784,0.1952299421,0.1412130885],[0.0,0.0,0.9074037155,0.2549401879,0.1952769219,0.1412037205],[0.0,0.0,0.9071698714,0.2549384051,0.1952632157,0.1411986055],[0.0,0.0,0.9070148761,0.2549526544,0.1952676686,0.1411980973],[0.0,0.0,0.9071895812,0.2549015659,0.1952469038,0.1412091339],[0.0,0.0,0.9073661022,0.2548980162,0.1952651671,0.1411924881],[0.0,0.0,0.9071548153,0.2549134264,0.1952399526,0.1411781201],[0.0,0.0,0.9071094546,0.2550336989,0.1952346591,0.1411969774],[0.0,0.0,0.9069213662,0.2550415408,0.1952542245,0.1412116893],[0.0,0.0,0.907104657,0.2549939902,0.1952751475,0.14119644],[0.0,0.0,0.9071256612,0.254969056,0.1952700849,0.1412080404],[0.0,0.0,0.9073848356,0.254893286,0.1952802911,0.1412043006],[0.0,0.0,0.9070901816,0.255005575,0.1952733564,0.1412162236],[0.0,0.0,0.9075128522,0.254924417,0.1952563409,0.1411947774],[0.0,0.0,0.9073562028,0.2549215707,0.1952742212,0.1412148867],[0.0,0.0,0.9072433191,0.2549988031,0.1952732646,0.1411910255],[0.0,0.0,0.9070770132,0.2549684125,0.1952812166,0.1411986348]],"thinning":10,"kernel_values":[0.8624381177,1.0622501815,0.7501714678,0.6515775034],"type_kernel":["Matern52"],"training_data":{"evaluations":[3859.7216257893,2243.038500135,69.8108890946,136.6604133165,3877.4259791214,15561.0719230742,1109.3296790663,4278.0898070012,4614.983080799,2887.5459410451,750.8453751957,517.6462473005],"points":[[0.2835788192,0.7453528318,0.75,0.8],[0.2319384926,0.6299786597,0.25,0.6],[0.5701674801,0.4351000099,0.25,0.2],[0.267093206,0.057716702,0.25,0.6],[0.1235593234,0.7119793538,0.25,0.4],[0.7273037924,0.8557408832,0.75,0.6],[0.9914723944,0.3415076996,0.75,0.4],[0.6171220931,0.9320945983,0.5,0.4],[0.4071054874,0.0915697145,0.75,0.2],[0.2329122273,0.8492129892,0.25,0.4],[0.7085709812,0.3155011092,0.5,0.6],[0.2668692606,0.1593668991,0.75,0.8]],"var_noise":[]},"var_noise_value":[0.0],"n_burning":500,"same_correlation":true,"problem_name":"branin","data":{"evaluations":[3859.7216257893,2243.038500135,69.8108890946,136.6604133165,3877.4259791214,15561.0719230742,1109.3296790663,4278.0898070012,4614.983080799,2887.5459410451,750.8453751957,517.6462473005,17306.6559896328,9832.7249475877,47.0975405339,9008.7302584212,52.0124921834,49.0230990617],"points":[[0.2835788192,0.7453528318,0.75,0.8],[0.2319384926,0.6299786597,0.25,0.6],[0.5701674801,0.4351000099,0.25,0.2],[0.267093206,0.057716702,0.25,0.6],[0.1235593234,0.7119793538,0.25,0.4],[0.7273037924,0.8557408832,0.75,0.6],[0.9914723944,0.3415076996,0.75,0.4],[0.6171220931,0.9320945983,0.5,0.4],[0.4071054874,0.0915697145,0.75,0.2],[0.2329122273,0.8492129892,0.25,0.4],[0.7085709812,0.3155011092,0.5,0.6],[0.2668692606,0.1593668991,0.75,0.8],[0.0,1.0,0.5363431016,0.5973323507],[1.0,1.0,0.75,0.4603283003],[1.0,0.0,0.25,0.7076819812],[0.0,1.0,0.7381627353,0.5974791888],[1.0,0.0,0.25,0.7568796255],[1.0,0.0,0.25,0.7177819639]],"var_noise":[]},"start_point_sampler":[0.0,0.0,0.07926142,0.1961562928,0.7350902608,169.6988689118],"name_model":"gp_fitting_gaussian","training_name":"default_training_data_12_points_rs_528"}