{"type_bounds":[0,0,1,1],"max_steps_out":1000,"dimensions":[4],"bounds_domain":[[0.0,1.0],[0.0,1.0],[0.25,0.5,0.75],[0.2,0.4,0.6,0.8]],"mean_value":[0.0],"samples_parameters":[[0.0,0.0,0.4358179986,0.0893828632,223.889678662,0.180629789],[0.0,0.0,0.4359058894,0.0893620928,190.2359279643,0.1806451544],[0.0,0.0,0.435758834,0.0893549945,220.3365982036,0.1806740697],[0.0,0.0,0.4358487143,0.089369752,227.9356070472,0.1806974648],[0.0,0.0,0.4358451289,0.0893541564,221.5478698575,0.180678085],[0.0,0.0,0.4356995792,0.0893819054,225.1016157211,0.1806010805],[0.0,0.0,0.4357638301,0.0893742296,236.8006721637,0.1806477151],[0.0,0.0,0.435757866,0.0893672936,209.1458701989,0.1807196518],[0.0,0.0,0.4353610084,0.0893544243,227.3774183453,0.18078316],[0.0,0.0,0.4359209409,0.0893764941,239.2498887491,0.1806643245],[0.0,0.0,0.4355279488,0.0893555387,201.123399556,0.1806765634],[0.0,0.0,0.4556210027,0.088484939,145.6819314148,0.1040680902],[0.0,0.0,0.3911230652,0.0750588413,217.8636375399,0.176152218],[0.0,0.0,0.3911487973,0.075098932,153.8310425304,0.1758710871],[0.0,0.0,0.3914157054,0.0751114036,126.6468719725,0.1758502267],[0.0,0.0,0.3912426828,0.0751047465,139.6186688145,0.1758984086],[0.0,0.0,0.3910450798,0.0750956927,244.5424289919,0.1758998423],[0.0,0.0,0.3913753048,0.0751110517,199.8455106431,0.1758703889],[0.0,0.0,0.3911023132,0.075115089,184.9150753954,0.1759198351],[0.0,0.0,0.3913037083,0.0751031614,245.0534240777,0.1758950977],[0.0,0.0,0.3913083333,0.0751125458,223.805257837,0.1758646414],[0.0,0.0,0.3902102883,0.0749494263,157.511831541,0.176636982],[0.0,0.0,0.3830770049,0.0750716156,198.2290456841,0.1760444845],[0.0,0.0,0.3832128361,0.0750774376,218.0467278772,0.176042332],[0.0,0.0,0.383145854,0.0750937198,177.8603739099,0.1760268818],[0.0,0.0,0.3831825341,0.0750647901,110.3904537942,0.1760657575],[0.0,0.0,0.3828655532,0.0751100318,116.3744105678,0.1759436763],[0.0,0.0,0.3831637093,0.0750748395,181.1632055451,0.1761107098],[0.0,0.0,0.3832182535,0.0750754856,212.5677553033,0.1761044394],[0.0,0.0,0.3828956227,0.0750699405,224.5570351032,0.1761220054],[0.0,0.0,0.383001004,0.0750814458,184.7778536349,0.1760491954],[0.0,0.0,0.3824531124,0.0750964406,4.1885670794,0.1774470853],[0.0,0.0,0.3836101466,0.0748583042,1.6226963767,0.1791601509],[0.0,0.0,0.3836022227,0.0748627483,1.6228386289,0.1791083249],[0.0,0.0,0.383690036,0.0748625352,1.5976907274,0.1791974937],[0.0,0.0,0.3836469073,0.0748797828,1.6319660601,0.1791648238],[0.0,0.0,0.3835557015,0.0748837087,1.6118256563,0.1791263637],[0.0,0.0,0.3834834111,0.0748564693,1.6078038935,0.1792029945],[0.0,0.0,0.3839415348,0.0748586336,1.6197709771,0.1792411714],[0.0,0.0,0.3834702102,0.0748769886,1.588914696,0.1791792924],[0.0,0.0,0.3837591354,0.0748718419,1.603070319,0.1791897764],[0.0,0.0,0.2503194288,0.0763317907,1.583799544,0.1759708078],[0.0,0.0,0.3004587406,0.0767104085,2.1401459584,0.174522821],[0.0,0.0,0.3005839292,0.076725591,2.1273909562,0.1745242036],[0.0,0.0,0.3004206948,0.0767228319,2.1779720498,0.174442597],[0.0,0.0,0.3004504638,0.0767268002,2.1478501845,0.1745080067],[0.0,0.0,0.3003803271,0.0767317808,2.1580130302,0.1745277646],[0.0,0.0,0.3004181777,0.0767349166,2.1339525873,0.1744710968],[0.0,0.0,0.3004937898,0.0767170114,2.1385173903,0.1745217538],[0.0,0.0,0.3003930013,0.0767434611,2.1631443051,0.1744473394],[0.0,0.0,0.3004307472,0.0767057464,2.168314416,0.1745464684],[0.0,0.0,0.5445857936,0.0704412838,2.2492492793,0.1743369846],[0.0,0.0,0.6288021657,0.0700677934,238.8415448659,0.1785299678],[0.0,0.0,0.6286618853,0.0700487378,219.3080964654,0.1784863748],[0.0,0.0,0.6287680158,0.0700347922,245.5818502781,0.1785062208],[0.0,0.0,0.6287793703,0.0700406833,230.5081712542,0.1785498113],[0.0,0.0,0.6286623382,0.0700462826,214.7876275133,0.1786077619],[0.0,0.0,0.628683322,0.070038309,246.0059384392,0.1785759031],[0.0,0.0,0.628733619,0.0700234133,170.5072673099,0.1786059665],[0.0,0.0,0.6287418717,0.0700379342,210.5240997781,0.1785289927],[0.0,0.0,0.6287843327,0.070024582,182.2969230201,0.1785243095],[0.0,0.0,0.630816241,0.0720738133,84.3416069169,0.1411533316],[0.0,0.0,0.6336320991,0.0709781509,1.1156741201,0.1551290582],[0.0,0.0,0.6340522749,0.0720617323,1.0880305991,0.1515960052],[0.0,0.0,0.6342199267,0.0720444035,1.0872348678,0.1515486493],[0.0,0.0,0.6342600971,0.072079948,1.0927438204,0.1514022453],[0.0,0.0,0.6340529722,0.0720977042,1.0904242343,0.1513791132],[0.0,0.0,0.634221802,0.0720596838,1.0905223346,0.1514463435],[0.0,0.0,0.6342400171,0.0721101289,1.0921346518,0.1513387085],[0.0,0.0,0.6340987352,0.0720379053,1.0898379112,0.1515876136],[0.0,0.0,0.6343621519,0.0720921253,1.0904762911,0.1513580996],[0.0,0.0,0.621984075,0.0718703149,71.073205087,0.1249233781],[0.0,0.0,0.5889661875,0.0609515423,110.8024245981,0.1828283433],[0.0,0.0,0.589060733,0.0593989619,157.0843004709,0.1912211532],[0.0,0.0,0.5893472709,0.0593316836,247.5963687949,0.1916104979],[0.0,0.0,0.5892279174,0.0593445036,151.27997593,0.1914109913],[0.0,0.0,0.5893151447,0.0593194439,221.9631932866,0.1916520601],[0.0,0.0,0.5893797095,0.0593449188,144.10213639,0.1915779296],[0.0,0.0,0.5893284614,0.0593428757,165.8153049817,0.1915427733],[0.0,0.0,0.589228201,0.0593188565,152.114867271,0.191695209],[0.0,0.0,0.589273535,0.0593438994,237.2379605229,0.1914840256],[0.0,0.0,0.5895393839,0.0593436866,94.2057247448,0.1915447335],[0.0,0.0,0.5903689028,0.059236824,1.8843286874,0.1934291581],[0.0,0.0,0.5904661809,0.0592402373,1.8980355735,0.1933565008],[0.0,0.0,0.5904129587,0.0592596774,1.8945363769,0.1933065691],[0.0,0.0,0.5903894465,0.0592517296,1.8842163549,0.1933767533],[0.0,0.0,0.5906287891,0.0592272918,1.8712539406,0.1935078231],[0.0,0.0,0.5906084404,0.0592240071,1.8668079118,0.193420133],[0.0,0.0,0.5905216895,0.0592278482,1.892668195,0.1935521829],[0.0,0.0,0.5905577763,0.0592270473,1.8960580376,0.1934770234],[0.0,0.0,0.5906069274,0.0591905589,1.8530400105,0.1937042782],[0.0,0.0,0.5776829745,0.0734494435,22.014827716,0.1130194586],[0.0,0.0,0.5760582484,0.0785966145,227.8349866465,0.1051995607],[0.0,0.0,0.5760764345,0.0785936362,204.5462903939,0.105283234],[0.0,0.0,0.5761315046,0.0785900175,247.6454981574,0.1052507629],[0.0,0.0,0.5761635835,0.0785892858,220.311123329,0.1052617272],[0.0,0.0,0.5762384968,0.0785795165,233.8417888909,0.1053292929],[0.0,0.0,0.5760585938,0.0785802661,201.5508636947,0.1052885556],[0.0,0.0,0.5760906445,0.0785960807,199.2194088375,0.1052785698],[0.0,0.0,0.5762132549,0.0786033914,243.5907887491,0.1052634465],[0.0,0.0,0.5761578462,0.0786071325,175.0309644527,0.1052057297],[0.0,0.0,0.5619018849,0.0785877597,169.0408073387,0.1053826017],[0.0,0.0,0.54715407,0.0789418412,247.6020581928,0.1059088791],[0.0,0.0,0.5472201943,0.0789664512,210.4643677153,0.105844094],[0.0,0.0,0.5472305069,0.0789666154,244.7743388317,0.1058775919],[0.0,0.0,0.5471748639,0.0789541417,236.5059591861,0.1059018012],[0.0,0.0,0.5471543278,0.078975852,180.1094830441,0.1058534429],[0.0,0.0,0.547093513,0.0789624997,231.2530424377,0.1058882788],[0.0,0.0,0.5471586167,0.0789418051,215.9621294767,0.1059140447],[0.0,0.0,0.5471289037,0.0789517251,247.7289361882,0.105930152],[0.0,0.0,0.5470874012,0.0789620131,191.4394628432,0.1058616039],[0.0,0.0,0.5470258194,0.0442776821,191.4861852299,0.1058616039],[0.0,0.0,0.6569157233,0.1339451261,191.6215949502,0.1058616039],[0.0,0.0,0.6569167758,0.1339451048,191.621533727,0.1058616039],[0.0,0.0,0.6569167758,0.1339451048,191.6214264419,0.1058616039],[0.0,0.0,0.6569167758,0.1339451048,191.6214227406,0.1058616039],[0.0,0.0,0.6569167758,0.1339451048,191.6214252179,0.1058616039],[0.0,0.0,0.6569167758,0.1339451048,191.6214241315,0.1058616039],[0.0,0.0,0.6569167758,0.1339451048,191.6214242625,0.1058616039],[0.0,0.0,0.5404293468,0.0898190548,210.9020068024,0.0000154642],[0.0,0.0,0.5413183123,0.0900435794,207.2701211934,0.0000154082],[0.0,0.0,0.5413546675,0.090063918,242.5395560542,0.0000165768],[0.0,0.0,0.5413282351,0.0900566655,224.0285069923,0.000017308],[0.0,0.0,0.5413790945,0.0900521459,205.0464394763,0.0000173701],[0.0,0.0,0.5414373823,