{"type_bounds":[0,0,1,1],"max_steps_out":1000,"dimensions":[4],"bounds_domain":[[0.0,1.0],[0.0,1.0],[0.25,0.5,0.75],[0.2,0.4,0.6,0.8]],"mean_value":[0.0],"samples_parameters":[[0.0,0.0,0.9358316358,0.1084958627,227.5745746576,0.1640999209],[0.0,0.0,0.9361219777,0.1084689615,236.044021616,0.1640869885],[0.0,0.0,0.9339816282,0.1084816122,239.3799731037,0.1642381449],[0.0,0.0,0.9343005726,0.1084771811,221.2390875209,0.1641853906],[0.0,0.0,0.935908521,0.1084873512,242.4226047976,0.1641142619],[0.0,0.0,0.9369459291,0.1084681917,236.3703073544,0.1641030287],[0.0,0.0,0.9353916564,0.1084886653,239.3124760039,0.1641674274],[0.0,0.0,0.9352713899,0.1084764795,220.1238607058,0.1641561443],[0.0,0.0,0.9357200615,0.1084880873,241.8445937545,0.1641050802],[0.0,0.0,0.9353647291,0.1084706091,245.0957510708,0.1641277278],[0.0,0.0,0.9362268435,0.1084822312,202.6316464068,0.1641158952],[0.0,0.0,951.8507980044,0.0085164447,200.1800832626,0.1707370847],[0.0,0.0,26.9823196233,0.0256217211,12.4968591249,0.145702369],[0.0,0.0,1.4266712338,0.0272338197,1.3584822183,0.1581375575],[0.0,0.0,0.5055118225,0.0685201393,89.4884930102,0.1071099333],[0.0,0.0,0.4848619886,0.0937678272,244.2428342233,0.110519855],[0.0,0.0,0.4848179351,0.0937866347,249.8843963117,0.1105203724],[0.0,0.0,0.4848118301,0.0937648562,248.0811077798,0.1105316694],[0.0,0.0,0.4848562139,0.093772681,244.6604948656,0.110510677],[0.0,0.0,0.4848450321,0.0937745202,249.8218814452,0.1105146135],[0.0,0.0,0.4848465245,0.0937513359,246.6823814276,0.1105346775],[0.0,0.0,0.4848750349,0.0946567029,249.0333407962,0.1103006996],[0.0,0.0,0.4834548784,0.0962051369,245.4817418747,0.1095792581],[0.0,0.0,0.4834872531,0.0962008741,234.9326065445,0.1095958037],[0.0,0.0,0.483411194,0.0962084225,242.1351898429,0.1095812347],[0.0,0.0,0.4834132462,0.0962045887,238.7388753963,0.1095712334],[0.0,0.0,0.4834040278,0.0962147268,242.5717606607,0.1095798987],[0.0,0.0,0.4833996918,0.0962139936,248.8691917879,0.1095822279],[0.0,0.0,0.4834050676,0.0962136981,247.5298485379,0.1095947487],[0.0,0.0,0.4834069314,0.0962102002,248.9561523755,0.1095790672],[0.0,0.0,0.483418399,0.0961962244,243.0803580983,0.1095838944],[0.0,0.0,0.4834277464,0.0961980959,236.9265610798,0.1095945193],[0.0,0.0,0.4834303232,0.0962050397,244.1900987497,0.1095739168],[0.0,0.0,0.4834170068,0.0962206035,240.4883917125,0.1095915657],[0.0,0.0,0.4834239846,0.0962083343,246.1178823519,0.1095841069],[0.0,0.0,0.4834428718,0.0962080188,249.1972059411,0.1095806198],[0.0,0.0,0.4834096508,0.0962044964,249.7491354613,0.1095900783],[0.0,0.0,0.4834411169,0.0961939449,245.6175404957,0.1096105852],[0.0,0.0,0.4834156309,0.0961950081,234.369988946,0.1095886161],[0.0,0.0,0.4834772309,0.0962020341,246.7610881002,0.1095818875],[0.0,0.0,0.4833949704,0.0961905512,243.9911424654,0.1095978034],[0.0,0.0,0.483550141,0.0964758618,247.1697755062,0.1096115695],[0.0,0.0,0.4829769716,0.0973020342,243.9375282675,0.1094371003],[0.0,0.0,0.4829752543,0.0973067864,249.4868940743,0.1094289815],[0.0,0.0,0.48294977,0.0972966198,249.6712082162,0.1094295354],[0.0,0.0,0.4829766327,0.0972913047,249.5354957289,0.1094388705],[0.0,0.0,0.482998445,0.0972996162,243.3683902083,0.1094280682],[0.0,0.0,0.4829735035,0.0972800134,247.4610070099,0.1094363384],[0.0,0.0,0.4829796993,0.0972951689,228.4587221145,0.1094397272],[0.0,0.0,0.4830115768,0.0972921768,249.1875767044,0.1094445781],[0.0,0.0,0.4829981036,0.0973074015,247.3095373339,0.109441093],[0.0,0.0,0.4830010254,0.0973197276,248.4430904174,0.1094275353],[0.0,0.0,0.4829977122,0.0973186729,239.8714189981,0.1094188618],[0.0,0.0,0.4829653998,0.0973079362,247.5008892025,0.109423859],[0.0,0.0,0.4829806417,0.0972981954,248.3573167782,0.1094224589],[0.0,0.0,0.4829809205,0.0972963379,234.8111279479,0.1094377078],[0.0,0.0,0.4829894295,0.0972983689,228.7194838933,0.1094090119],[0.0,0.0,0.4830383207,0.0973001889,243.1000292797,0.1094268543],[0.0,0.0,0.4830201918,0.0973102288,245.9886012743,0.1094203109],[0.0,0.0,0.4829671726,0.0973129224,248.5547779008,0.1094250956],[0.0,0.0,0.4829602209,0.0973016767,248.1444308365,0.1094273191],[0.0,0.0,0.4829435644,0.0973129272,242.8544583546,0.1094317932],[0.0,0.0,0.4829967114,0.0972917551,240.9084107889,0.1094127259],[0.0,0.0,0.4830092641,0.0973124615,248.2646986324,0.1093986433],[0.0,0.0,0.482977816,0.0973172245,249.2698548306,0.1094202493],[0.0,0.0,0.4829984995,0.0973216749,239.4262740749,0.1094047956],[0.0,0.0,0.4829563261,0.0972965727,243.4529934805,0.1094262721],[0.0,0.0,0.4829891207,0.0973004783,233.4810181583,0.1094134051],[0.0,0.0,0.4829679889,0.0973134983,239.6144497943,0.1093960478],[0.0,0.0,0.483001158,0.0973024306,231.5328501444,0.1094181008],[0.0,0.0,0.4830026983,0.0972977209,246.1968595063,0.1094144377],[0.0,0.0,0.2597514443,0.097200233,182.5625971568,0.1135658911],[0.0,0.0,0.4415930474,0.2458458523,0.3128692841,0.0265122907],[0.0,0.0,0.4822390949,0.2437965142,0.3014650556,0.0269815598],[0.0,0.0,0.4822408089,0.2437765598,0.3014603178,0.0269805128],[0.0,0.0,0.4821825341,0.2437712671,0.3014581501,0.026980954],[0.0,0.0,0.482232785,0.2437714215,0.3014356827,0.026986176],[0.0,0.0,0.4822534114,0.2437858949,0.3014484176,0.0269790449],[0.0,0.0,0.4821858916,0.2437718061,0.3014815882,0.0269894297],[0.0,0.0,0.4821806839,0.243773486,0.3014378096,0.0269781677],[0.0,0.0,0.4822423576,0.2437862335,0.3014374288,0.0269843873],[0.0,0.0,0.4821906193,0.2437973439,0.3014551113,0.0269792418],[0.0,0.0,0.4819297446,0.2438145485,0.3018875812,0.0269840974],[0.0,0.0,0.481925904,0.2437988483,0.3019025049,0.0269816366],[0.0,0.0,0.4819423753,0.2437669041,0.3018714021,0.0269750382],[0.0,0.0,0.4819338572,0.2437978295,0.301872534,0.0269772511],[0.0,0.0,0.4819357083,0.243804426,0.3019067706,0.0269755306],[0.0,0.0,0.4819331741,0.2438085829,0.3019080119,0.0269740233],[0.0,0.0,0.4818676575,0.2437901644,0.3019309256,0.026972329],[0.0,0.0,0.4819489384,0.2438169599,0.3018870323,0.0269708988],[0.0,0.0,0.4819102706,0.2438033721,0.3019078801,0.0269681736],[0.0,0.0,0.4824242807,0.2438219775,0.3014129938,0.0264366976],[0.0,0.0,0.482901778,0.2439335701,0.3002332834,0.0264804394],[0.0,0.0,0.4829543235,0.2439140195,0.300163319,0.0265004975],[0.0,0.0,0.4829536785,0.2438695541,0.3001406399,0.0265044531],[0.0,0.0,0.4829461695,0.2439014057,0.3001662868,0.026498319],[0.0,0.0,0.4829345491,0.2438896121,0.3001832971,0.0264981694],[0.0,0.0,0.4829930627,0.2438760181,0.3001595109,0.0265025143],[0.0,0.0,0.4829499858,0.2438786886,0.3001816266,0.0264945157],[0.0,0.0,0.4830085628,0.2438843751,0.3001412946,0.0265063627],[0.0,0.0,0.4829936548,0.243871251,0.3001491662,0.0264977358],[0.0,0.0,0.4829864133,0.2425384461,0.278836813,0.0265012342],[0.0,0.0,0.504161012,0.2371270617,0.2706243554,0.0324010293],[0.0,0.0,0.5309618873,0.1934248881,0.2447114635,0.1029396735],[0.0,0.0,0.5315670883,0.1932551385,0.2450180541,0.1028293788],[0.0,0.0,0.5315338307,0.1932348038,0.2450020022,0.1028281462],[0.0,0.0,0.5316066109,0.1932359966,0.2450288323,0.1028165739],[0.0,0.0,0.531523755,0.1932499751,0.2450095001,0.1028053641],[0.0,0.0,0.5315702708,0.1932629505,0.2449928738,0.1028185481],[0.0,0.0,0.5315232548,0.1932435646,0.244994066,0.1028191824],[0.0,0.0,0.5316023445,0.1932540026,0.2450148079,0.1028108345],[0.0,0.0,0.5315314039,0.1932534998,0.2450061356,0.1028158871],[0.0,0.0,0.5315558516,0.1932522615,0.2450114401,0.1028095106],[0.0,0.0,0.5315747703,0.1932637248,0.2450024714,0.1028191201],[0.0,0.0,0.5315654724,0.1932351311,0.2450147651,0.1028238176],[0.0,0.0,0.5316180741,0.1932568929,0.2450136297,0.1028098287],[0.0,0.0,0.5316078376,0.1932451263,0.2450015615,0.1028111117],[0.0,0.0,0.5315804017,0.1932441673,0.2450023407,0.1028155351],[0.0,0.0,0.531539804,0.193236987,0.2450097773,0.1028224343],[0.0,0.0,0.5315894103,0.1932606014,0.2449918558,0.1028247279],[0.0,0.0,0.5315710144,0.1932386031,0.245002134,0.102827071],[0.0,0.0,0.5316102917,0.1932321881,0.2450069477,0.1027253835],[0.0,0.0,0.5315503014,0.1932466199,0.2450125197,0.102762401],[0.0,0.0,0.531567187,0.1932650502,0.2449938819,0.1027713427],[0.0,0.0,0.5315752659,