{"type_bounds":[0,0,1,1],"max_steps_out":1000,"dimensions":[4],"bounds_domain":[[0.0,1.0],[0.0,1.0],[0.25,0.5,0.75],[0.2,0.4,0.6,0.8]],"mean_value":[0.0],"samples_parameters":[[0.0,0.0,0.0487812736,942.874130093,0.2980214769,1.2727910156],[0.0,0.0,0.0487875987,820.6565977647,0.2979830947,1.2736181202],[0.0,0.0,0.0488169113,899.3622647397,0.2982315723,1.2648150081],[0.0,0.0,0.0488223944,846.961386551,0.297976566,1.269491996],[0.0,0.0,0.0487892986,900.2383557121,0.2981069357,1.2735052062],[0.0,0.0,0.04882282,352.1845675314,0.2981713854,1.2616464833],[0.0,0.0,0.048779613,840.4706004665,0.298155573,1.2727807513],[0.0,0.0,0.0488008161,319.6027351015,0.297936266,1.2691871912],[0.0,0.0,0.0487772503,718.8012960286,0.2979891711,1.2766656478],[0.0,0.0,0.048811202,961.1600370089,0.2981521661,1.2685484376],[0.0,0.0,0.0488181411,456.4223343093,0.2980382129,1.2670809176],[0.0,0.0,0.0454456487,338.5819273624,0.3692794633,52.2861642751],[0.0,0.0,0.0471958369,1.0408196163,0.2457210756,62.5197093172],[0.0,0.0,0.0505941307,0.8796668255,0.2775992838,158.6298856811],[0.0,0.0,0.0506003589,0.8795014116,0.277405272,158.5604590443],[0.0,0.0,0.0506070476,0.8794977792,0.277352627,192.8733980475],[0.0,0.0,0.0505766072,0.8785457906,0.2774959473,193.3429696621],[0.0,0.0,0.0505950757,0.8793977127,0.2775704114,160.9970951086],[0.0,0.0,0.050597397,0.879903713,0.2772739928,180.3773416961],[0.0,0.0,0.0506079795,0.8796553179,0.2775539026,177.8641163607],[0.0,0.0,0.0505805838,0.8801253001,0.2775811351,180.2483535062],[0.0,0.0,0.0394872499,0.2587560495,0.2942412208,7.8023889443],[0.0,0.0,0.0401912295,0.3889507134,0.4199971136,0.3886910707],[0.0,0.0,0.0405106624,0.407042891,0.4526906735,0.3702383481],[0.0,0.0,0.0405009824,0.4083552175,0.4522760414,0.3703603156],[0.0,0.0,0.0405247208,0.4085088477,0.4532715426,0.3698279671],[0.0,0.0,0.040514073,0.4090823819,0.4529097494,0.3699276388],[0.0,0.0,0.0405251536,0.4077160549,0.4523685718,0.3703622005],[0.0,0.0,0.040531225,0.407913811,0.4525185629,0.3705388666],[0.0,0.0,0.0405313299,0.4074478492,0.4527970003,0.3699273],[0.0,0.0,0.040520394,0.4076828745,0.452543077,0.3701348083],[0.0,0.0,0.0429169026,0.2748746101,0.475502819,0.3677426275],[0.0,0.0,0.0501520242,0.1080471568,0.560240403,0.3824337737],[0.0,0.0,0.0556132825,0.054394559,1.1910827726,67.4075946462],[0.0,0.0,0.0571536682,0.056948423,0.8402898652,116.5523621911],[0.0,0.0,0.0571529306,0.0569723342,0.842211758,137.2453062229],[0.0,0.0,0.0571389377,0.057010477,0.8375608776,194.6059877495],[0.0,0.0,0.0571405983,0.0569603762,0.8401136483,120.0562502556],[0.0,0.0,0.0571611672,0.0569558025,0.8398007557,132.8009566276],[0.0,0.0,0.0571601701,0.0569594248,0.8408517757,181.9738831725],[0.0,0.0,0.0571357164,0.0569637544,0.8401757893,184.0205148704],[0.0,0.0,0.0571604881,0.0570116812,0.840062823,159.8687916841],[0.0,0.0,0.057135876,0.0570680517,0.8354016948,161.7833621745],[0.0,0.0,0.0571592531,0.0570806399,0.8369349231,154.451817423],[0.0,0.0,0.0570980664,0.0570969162,0.837579778,185.4172037076],[0.0,0.0,0.0570959943,0.0571059878,0.8355046389,163.195279217],[0.0,0.0,0.0571213537,0.0571258582,0.8360841196,158.068553312],[0.0,0.0,0.0571835418,0.0570620913,0.839473705,174.3718108968],[0.0,0.0,0.0571545996,0.0570916114,0.8363516093,196.6823854211],[0.0,0.0,0.0571365248,0.0570844516,0.8362886373,155.5562593834],[0.0,0.0,0.0571312592,0.0571068418,0.836828944,188.9379391268],[0.0,0.0,0.0512700788,0.0749715725,0.771547785,178.0973822886],[0.0,0.0,0.0480879364,0.1987488718,0.4015551035,0.5113907632],[0.0,0.0,0.0479117486,0.2000108014,0.5183052158,0.3247452693],[0.0,0.0,0.0479345134,0.2008420401,0.5286932247,0.320537122],[0.0,0.0,0.0479356591,0.2007978709,0.5282144265,0.3208483899],[0.0,0.0,0.0479354512,0.2007603477,0.5298084493,0.3201824319],[0.0,0.0,0.0479463212,0.2007913907,0.5304576453,0.3198299066],[0.0,0.0,0.0479331638,0.2007932504,0.5304956301,0.3198306328],[0.0,0.0,0.0479337748,0.2008390684,0.5296448471,0.3200892854],[0.0,0.0,0.04790364,0.2007780812,0.5294436382,0.3203602248],[0.0,0.0,0.0478998786,0.2022048819,0.5241812423,0.3233383528],[0.0,0.0,0.0478914133,0.2018180498,0.5043727614,0.3315068061],[0.0,0.0,0.0478909028,0.2018911281,0.5031465254,0.3323527892],[0.0,0.0,0.0479045948,0.2017112168,0.5038019073,0.3319053489],[0.0,0.0,0.0479033841,0.2018393261,0.5034759147,0.3320532065],[0.0,0.0,0.0478712915,0.2018543939,0.5030115653,0.3322740577],[0.0,0.0,0.0478850065,0.2019045245,0.5032878593,0.3322197025],[0.0,0.0,0.0478937904,0.2018887825,0.5029106529,0.3324579813],[0.0,0.0,0.0479217858,0.2017198946,0.5038553317,0.331726574],[0.0,0.0,0.0478747329,0.2017387725,0.5042825542,0.3319229012],[0.0,0.0,0.0469071957,0.2027497697,0.409426129,0.3332697258],[0.0,0.0,0.04781279,0.2022405642,0.4139910493,0.4020280576],[0.0,0.0,0.0478352826,0.2023734171,0.4132945104,0.4034265341],[0.0,0.0,0.0478085318,0.2022714181,0.4135564423,0.4035057695],[0.0,0.0,0.0477858937,0.2023622226,0.4132808557,0.4038588737],[0.0,0.0,0.0478273784,0.2021251882,0.4133685429,0.4040361637],[0.0,0.0,0.0478079103,0.2022940574,0.4133109305,0.4036561325],[0.0,0.0,0.0478058279,0.2022978533,0.4135854407,0.4034104673],[0.0,0.0,0.0478016285,0.2022002663,0.4133794157,0.4040709019],[0.0,0.0,0.0477866869,0.2022915997,0.4133421802,0.4040843099],[0.0,0.0,0.045944144,0.1989564816,0.4701527024,0.4026912761],[0.0,0.0,0.0357393656,0.2073906925,0.4849444605,0.4307808837],[0.0,0.0,0.035710767,0.2073456869,0.4854142519,0.4311070631],[0.0,0.0,0.0357156215,0.2074301052,0.4850557659,0.4318119325],[0.0,0.0,0.0357004844,0.207439367,0.4842745108,0.4321755374],[0.0,0.0,0.0357178161,0.2074264987,0.4851925671,0.4311745616],[0.0,0.0,0.0357237282,0.2073695944,0.4851833362,0.4309586653],[0.0,0.0,0.0357193437,0.2072837282,0.4849859131,0.4314768382],[0.0,0.0,0.0356914165,0.2073041415,0.4852188203,0.4311655436],[0.0,0.0,0.0356919277,0.2073550253,0.4849548029,0.4316991411],[0.0,0.0,0.0369051421,0.2038629164,0.4810329004,0.435259782],[0.0,0.0,0.0365467267,0.205888577,0.4803169692,0.4235000887],[0.0,0.0,0.0365250846,0.2059081485,0.4807749446,0.4222025956],[0.0,0.0,0.0365463762,0.2059365276,0.4805825716,0.4224042241],[0.0,0.0,0.0365417286,0.2058866899,0.4808858924,0.4230023317],[0.0,0.0,0.0365533214,0.2058946518,0.4808929562,0.4227588169],[0.0,0.0,0.03656155,0.2058557445,0.4807699402,0.4214899279],[0.0,0.0,0.0365487828,0.2058321456,0.4807590098,0.4224887475],[0.0,0.0,0.0365439693,0.2059133351,0.4809942047,0.4229557326],[0.0,0.0,0.0365389902,0.2059899121,0.4806581266,0.4231265284],[0.0,0.0,0.0366071607,0.2057773322,0.4831230673,0.422087562],[0.0,0.0,0.0378501896,0.2046256009,0.4821340573,0.4028701063],[0.0,0.0,0.037844676,0.2047220252,0.4823828176,0.4027503979],[0.0,0.0,0.0378416306,0.2047787404,0.4824935183,0.4023838021],[0.0,0.0,0.0378429299,0.2044941151,0.4821287831,0.4037287204],[0.0,0.0,0.0378249645,0.2046084674,0.482306437,0.4031342946],[0.0,0.0,0.0378381956,0.2047681987,0.482199162,0.4029584781],[0.0,0.0,0.0378493006,0.2047543645,0.4822086018,0.4030124878],[0.0,0.0,0.0378399535,0.2046695272,0.4819737666,0.4035227962],[0.0,0.0,0.037841408,0.2046968398,0.4823127602,0.4026384574],[0.0,0.0,0.0379102008,0.2047297244,0.4824498379,0.4039374312],[0.0,0.0,0.0381286621,0.2044672054,0.4827329728,0.3990760982],[0.0,0.0,0.0381358806,0.204476113,0.4825016507,0.3995206479],[0.0,0.0,0.0381455246,0.2044962814,0.4828692721,0.3987284874],[0.0,0.0,0.0381440103,0.2044724459,0.4826339092,0.3998328027],[0.0,0.0,0.0381371018,0.2044479418,0.4826997043,0.4004219963],[0.0,0.0,0.0381294037,0.2045736392,0.482287073,0.399520707],[0.0,0.0,0.0381403969,0.2044448796,0.4823098485,0.4006327449],[0.0,0.0,0.0381597314,0.2044904386,0.4829342725,0.3989381792],[0.0,0.0,0.0381361042,0.2043287743,0.4825665377,0.4000921638],[0.0,0.0,0.0406171889,0.2008894963,0.4810254993,0.394979762],[0.0,0.0,0.0455858498,0.2032775514,0.3055245503,131.9062317071],[0.0,0.0,0.0455246567,0.2033568447,0.3062576998,157.2139515676],[0.0,0.0,0.0455391563,0.2032712866,0.3063994154,131.3877863208],[0.0,0.0,0.0455297414,0.2031853932,0.3064347596,