{"type_bounds":[0,0,1,1],"max_steps_out":1000,"dimensions":[4],"bounds_domain":[[0.0,1.0],[0.0,1.0],[0.25,0.5,0.75],[0.2,0.4,0.6,0.8]],"mean_value":[0.0],"samples_parameters":[[0.0,0.0,0.0946726829,0.2844604543,0.0073069631,0.2703685469],[0.0,0.0,0.0946790631,0.2844389743,0.0073156807,0.2702272711],[0.0,0.0,0.0946437393,0.284493267,0.0073230821,0.2703288318],[0.0,0.0,0.0946914845,0.2844906978,0.0073147602,0.2701427837],[0.0,0.0,0.0946806581,0.284459544,0.0073186224,0.2703779175],[0.0,0.0,0.094679683,0.2844888633,0.0073173163,0.2701363175],[0.0,0.0,0.0946496113,0.2844452916,0.0073095214,0.2704558754],[0.0,0.0,0.0946702209,0.284434126,0.0073187906,0.2703288731],[0.0,0.0,0.0947190902,0.2843912445,0.007321227,0.2704371348],[0.0,0.0,0.0946783574,0.2844432138,0.007317926,0.2703628255],[0.0,0.0,0.0946698925,0.2844529143,0.0073106188,0.2703776408],[0.0,0.0,0.0970596583,0.2841134104,0.0073200714,0.2675761019],[0.0,0.0,0.0967287902,0.2869248499,0.0073200175,0.2582288062],[0.0,0.0,0.0966958107,0.2874561337,0.0073130094,0.2570406167],[0.0,0.0,0.0967430708,0.2874544272,0.0073287862,0.2568782368],[0.0,0.0,0.0967053398,0.287468702,0.0073309437,0.2568418177],[0.0,0.0,0.0967410199,0.2874748189,0.0073144372,0.2568595438],[0.0,0.0,0.0967152744,0.2874626142,0.0073073588,0.2569734799],[0.0,0.0,0.096721161,0.2874940578,0.007320605,0.2568606404],[0.0,0.0,0.0967228898,0.28746754,0.0073174393,0.2568595853],[0.0,0.0,0.0967522583,0.2874830592,0.0073162113,0.2566902651],[0.0,0.0,0.0967474859,0.287487971,0.0073219715,0.2567261902],[0.0,0.0,0.0967435111,0.2873916355,0.0073296567,0.2570843706],[0.0,0.0,0.0967159813,0.2873869033,0.0073106277,0.257094159],[0.0,0.0,0.0967291938,0.2874640568,0.0073208923,0.2569357176],[0.0,0.0,0.0967352197,0.287433361,0.0073091498,0.2569624546],[0.0,0.0,0.0967042282,0.2874448026,0.00731207,0.257016061],[0.0,0.0,0.0967497532,0.2874438532,0.0073176422,0.2568229064],[0.0,0.0,0.0966824076,0.2874955679,0.0073211658,0.2570466088],[0.0,0.0,0.096731174,0.2874533789,0.0073256536,0.2569401761],[0.0,0.0,0.0966931448,0.2874957482,0.0073166564,0.2569133654],[0.0,0.0,0.0958908443,0.2920040065,0.007320902,0.2556566828],[0.0,0.0,0.0869778523,0.5027182454,0.007327329,0.1424636885],[0.0,0.0,0.1168167901,0.5138284206,0.0073079029,0.1288835457],[0.0,0.0,0.1171151882,0.5140945982,0.0072940913,0.1286323084],[0.0,0.0,0.1170574099,0.5143338018,0.0073166654,0.1286206079],[0.0,0.0,0.1170906648,0.51419685,0.0073295882,0.1286272961],[0.0,0.0,0.117071551,0.5141620828,0.007315087,0.1286366194],[0.0,0.0,0.1171518147,0.5142618228,0.0073330113,0.1286162843],[0.0,0.0,0.1171377423,0.5142626926,0.0073141606,0.1286123579],[0.0,0.0,0.1171033951,0.51425162,0.007336616,0.1286212803]],"thinning":10,"kernel_values":[1.1434482444,0.9270359537,0.6377419883,0.7319011915],"type_kernel":["Matern52"],"training_data":{"evaluations":[1667.7111744631,107.5386881182,12316.0432027705,2312.1149111235,1043.1897691922,1143.9984940158,494.8575898748,1817.1118951615,860.7595893915,288.4946654901,852.5643440602,10427.9074652972,38129.027327044,38117.6008048523],"points":[[0.2075250301,0.6480531201,0.25,0.4],[0.5128866858,0.6482399194,0.25,0.4],[0.0587862674,0.6788393941,0.25,0.8],[0.0165364039,0.4237819811,0.5,0.6],[0.7588378626,0.8702694889,0.5,0.2],[0.655905125,0.1140609158,0.5,0.4],[0.4564057427,0.5696024313,0.75,0.2],[0.3172795578,0.0415068254,0.5,0.2],[0.8905268483,0.7611340531,0.75,0.2],[0.8471407742,0.3941377669,0.25,0.4],[0.2405704462,0.6454956852,0.5,0.6],[0.8290958002,0.6576566159,0.75,0.8],[0.0,1.0,0.25,0.6524609699],[0.0,1.0,0.2501387959,0.6524539864]],"var_noise":[]},"var_noise_value":[0.0],"n_burning":500,"same_correlation":true,"problem_name":"branin","data":{"evaluations":[1667.7111744631,107.5386881182,12316.0432027705,2312.1149111235,1043.1897691922,1143.9984940158,494.8575898748,1817.1118951615,860.7595893915,288.4946654901,852.5643440602,10427.9074652972,38129.027327044,38117.6008048523,1321.1586490835,140.8811869015,3605.4173474831,85.2815372024],"points":[[0.2075250301,0.6480531201,0.25,0.4],[0.5128866858,0.6482399194,0.25,0.4],[0.0587862674,0.6788393941,0.25,0.8],[0.0165364039,0.4237819811,0.5,0.6],[0.7588378626,0.8702694889,0.5,0.2],[0.655905125,0.1140609158,0.5,0.4],[0.4564057427,0.5696024313,0.75,0.2],[0.3172795578,0.0415068254,0.5,0.2],[0.8905268483,0.7611340531,0.75,0.2],[0.8471407742,0.3941377669,0.25,0.4],[0.2405704462,0.6454956852,0.5,0.6],[0.8290958002,0.6576566159,0.75,0.8],[0.0,1.0,0.25,0.6524609699],[0.0,1.0,0.2501387959,0.6524539864],[1.0,0.0,0.75,0.7972645588],[1.0,1.0,0.2988272016,0.2],[0.0,0.0,0.25,0.8],[1.0,1.0,0.25,0.2000004525]],"var_noise":[]},"start_point_sampler":[0.0,0.0,0.0946726829,0.2844604543,0.0073069631,0.2703685469],"name_model":"gp_fitting_gaussian","training_name":"default_training_data_12_points_rs_501"}