{"type_bounds":[0,0,1,1],"max_steps_out":1000,"dimensions":[4],"bounds_domain":[[0.0,1.0],[0.0,1.0],[0.25,0.5,0.75],[0.2,0.4,0.6,0.8]],"mean_value":[0.0],"samples_parameters":[[0.0,0.0,0.1029445838,0.5206058356,0.4185557967,0.1065067267],[0.0,0.0,0.1029262528,0.5204937213,0.420464047,0.1065253918],[0.0,0.0,0.102933868,0.5205998539,0.4197755383,0.1065754967],[0.0,0.0,0.1029504037,0.520478343,0.4202173424,0.10657297],[0.0,0.0,0.1029370911,0.5208791952,0.4207221037,0.1066043642],[0.0,0.0,0.1029364484,0.5205517508,0.4205251488,0.106610092],[0.0,0.0,0.1029203746,0.5207998619,0.419721508,0.1066146676],[0.0,0.0,0.1029269321,0.5205995598,0.4194137148,0.1066004572],[0.0,0.0,0.1029292084,0.5205817492,0.4196725342,0.1065650154],[0.0,0.0,0.102933942,0.5209309262,0.4193911989,0.1065802493],[0.0,0.0,0.1029237203,0.5205556875,0.4188567063,0.1066194235],[0.0,0.0,0.1027644513,0.5435620803,57.8901700658,0.1057547877],[0.0,0.0,0.1027869391,0.5564425554,0.9161568801,0.1086708757],[0.0,0.0,0.1027786387,0.5654506251,0.8104801019,0.1069797387],[0.0,0.0,0.1027730662,0.5651093053,0.8159695918,0.1070477831],[0.0,0.0,0.102768659,0.5654097727,0.8120204737,0.107006815],[0.0,0.0,0.1027659379,0.5653774385,0.8103115628,0.1070044902],[0.0,0.0,0.1027769219,0.5655805657,0.8112331735,0.1069871231],[0.0,0.0,0.1027874588,0.5653181864,0.8113584393,0.1070500449],[0.0,0.0,0.1027765021,0.5649805682,0.8157245506,0.1070430706],[0.0,0.0,0.1027653106,0.5651879862,0.8133885462,0.1070110974],[0.0,0.0,0.1027630004,0.5093333089,0.590134073,0.121403258],[0.0,0.0,0.1027328294,0.4971918615,0.5397887991,0.120135212],[0.0,0.0,0.1027317043,0.4972377803,0.5400308008,0.120137836],[0.0,0.0,0.1027390627,0.4971108877,0.5397216896,0.1202630006],[0.0,0.0,0.1027518822,0.4972132712,0.5405003154,0.1202380188],[0.0,0.0,0.1027281838,0.4971690841,0.5401051506,0.1201872655],[0.0,0.0,0.1027544731,0.49700066,0.5405447889,0.1201122568],[0.0,0.0,0.1027384445,0.497133378,0.5402296018,0.1201287364],[0.0,0.0,0.1027452078,0.4973534932,0.5400501974,0.1202081147],[0.0,0.0,0.1027351413,0.4973241621,0.5398640342,0.1201358365],[0.0,0.0,0.10277589,0.4875461033,0.6169665931,0.1982530511],[0.0,0.0,0.1035398505,0.4509344084,0.6476847199,0.1776447613],[0.0,0.0,0.1035295027,0.4509550658,0.6477754918,0.1776878329],[0.0,0.0,0.1035347849,0.4507673215,0.647735681,0.1777057021],[0.0,0.0,0.1035405279,0.4508642919,0.6478727773,0.1776640623],[0.0,0.0,0.1035358882,0.4509225892,0.647503945,0.177607348],[0.0,0.0,0.1035494099,0.450930814,0.6468679556,0.1775505551],[0.0,0.0,0.1035371772,0.4508364599,0.6482485472,0.1777335352],[0.0,0.0,0.1035461629,0.4508265491,0.6475571744,0.1776681145],[0.0,0.0,0.1035215242,0.450796393,0.6479556996,0.1777462229],[0.0,0.0,0.1035495412,0.4507969992,0.6479103894,0.1776029486],[0.0,0.0,0.1035355382,0.450920889,0.647378093,0.1774229903],[0.0,0.0,0.1035574937,0.450938982,0.6474648446,0.1774463384],[0.0,0.0,0.1035438155,0.4509290303,0.647356132,0.1774703731],[0.0,0.0,0.1035373643,0.4509581204,0.6471796854,0.1774331121],[0.0,0.0,0.1035368357,0.4509020618,0.6474558465,0.177358856],[0.0,0.0,0.103532475,0.4509181253,0.6477576571,0.177483459],[0.0,0.0,0.1035438043,0.4509476174,0.6477412853,0.1774185135],[0.0,0.0,0.1035400999,0.4509037654,0.6475536674,0.1774075982],[0.0,0.0,0.1035412319,0.4509086146,0.6474460701,0.1774753842],[0.0,0.0,0.1035486658,0.4510748938,0.6478076454,0.1775898927],[0.0,0.0,0.103557964,0.4509449406,0.6480785274,0.1778213227],[0.0,0.0,0.1035640788,0.450982531,0.6481054957,0.1778131059],[0.0,0.0,0.1035461277,0.4510290406,0.6485594127,0.1778062163],[0.0,0.0,0.1035515812,0.4510220502,0.6481251775,0.1779136948],[0.0,0.0,0.1035420017,0.4508886822,0.6478493436,0.1778493709],[0.0,0.0,0.1035547088,0.4509891586,0.64844965,0.1778219849],[0.0,0.0,0.1035612857,0.4510304007,0.6482211754,0.1778024677],[0.0,0.0,0.1035637217,0.4509565529,0.6483191816,0.1778037725],[0.0,0.0,0.1035576343,0.4510125026,0.647749419,0.1777246661],[0.0,0.0,0.103764273,0.4246329515,0.6383089737,0.1220438232],[0.0,0.0,0.1037711049,0.4494648633,0.4211468271,0.1291992438],[0.0,0.0,0.1037793161,0.4495253982,0.4207163262,0.1291724044],[0.0,0.0,0.1037773821,0.4496543804,0.420607895,0.1292165006],[0.0,0.0,0.1037662661,0.4494633301,0.4205311662,0.129231937],[0.0,0.0,0.1037759346,0.4494641033,0.4205811694,0.1292737163],[0.0,0.0,0.1037761165,0.4497138573,0.4204588101,0.1291840213],[0.0,0.0,0.103775296,0.4493643229,0.4208169718,0.1292488352],[0.0,0.0,0.1037813557,0.4494040747,0.4207469306,0.1292244369],[0.0,0.0,0.1037848252,0.4492730657,0.4209860156,0.1292097098],[0.0,0.0,0.1033236023,0.4510053365,0.4232395457,0.1302646662],[0.0,0.0,0.1034930105,0.4544637261,0.4171591462,0.1318055767],[0.0,0.0,0.103476686,0.4544463148,0.4169896945,0.1317381332],[0.0,0.0,0.1034812406,0.4543215325,0.4171865702,0.1317575169],[0.0,0.0,0.1034785346,0.4545009099,0.417092881,0.1317990566],[0.0,0.0,0.103480799,0.4543934523,0.417415022,0.1317212246],[0.0,0.0,0.1034830957,0.4545333395,0.4171394722,0.1317539869],[0.0,0.0,0.1034726171,0.4544730745,0.4172762897,0.1317083941],[0.0,0.0,0.1034753873,0.454435041,0.4174335293,0.1317365686],[0.0,0.0,0.1034934356,0.4543331883,0.4172197375,0.1316967732]],"thinning":10,"kernel_values":[0.9217790986,1.0938298433,0.6644375857,0.7458847737],"type_kernel":["Matern52"],"training_data":{"evaluations":[22756.2390986491,1153.1236499479,958.068267159,293.3173232435,224.9853368699,5311.6415717587,973.5095037344,172.7806669027,712.0294246877,1253.1145515764,701.5541530954,7863.9795431341],"points":[[0.0079594875,0.9988648488,0.25,0.4],[0.5814043472,0.2925615332,0.5,0.2],[0.3843732232,0.1906559335,0.25,0.2],[0.228770087,0.0079917773,0.75,0.8],[0.9610197651,0.5362983275,0.5,0.2],[0.1762272226,0.9512444678,0.25,0.4],[0.4483697864,0.3337373299,0.75,0.6],[0.3294975664,0.7094603177,0.25,0.2],[0.4175062271,0.3208729736,0.5,0.2],[0.2034302423,0.0384460151,0.25,0.4],[0.9091971408,0.3842427021,0.5,0.6],[0.5062305065,0.7072936531,0.75,0.8]],"var_noise":[]},"var_noise_value":[0.0],"n_burning":500,"same_correlation":true,"problem_name":"branin","data":{"evaluations":[22756.2390986491,1153.1236499479,958.068267159,293.3173232435,224.9853368699,5311.6415717587,973.5095037344,172.7806669027,712.0294246877,1253.1145515764,701.5541530954,7863.9795431341,3199.2371183967,3033.669507018,4009.8484630877,46.6557516772,520.1960653421,2464.4293552157,3631.3985521495,40199.2005412939],"points":[[0.0079594875,0.9988648488,0.25,0.4],[0.5814043472,0.2925615332,0.5,0.2],[0.3843732232,0.1906559335,0.25,0.2],[0.228770087,0.0079917773,0.75,0.8],[0.9610197651,0.5362983275,0.5,0.2],[0.1762272226,0.9512444678,0.25,0.4],[0.4483697864,0.3337373299,0.75,0.6],[0.3294975664,0.7094603177,0.25,0.2],[0.4175062271,0.3208729736,0.5,0.2],[0.2034302423,0.0384460151,0.25,0.4],[0.9091971408,0.3842427021,0.5,0.6],[0.5062305065,0.7072936531,0.75,0.8],[0.0,0.0,0.7187417707,0.3196164332],[0.4024348332,0.0,0.5662488189,0.2042138234],[0.435415623,1.0,0.481106051,0.6150802906],[1.0,0.0,0.25,0.8],[1.0,1.0,0.25,0.8],[0.0,0.0,0.75,0.3479805122],[0.6430853352,1.0,0.75,0.2],[0.0,1.0,0.25,0.8]],"var_noise":[]},"start_point_sampler":[0.0,0.0,0.1029445838,0.5206058356,0.4185557967,0.1065067267],"name_model":"gp_fitting_gaussian","training_name":"default_training_data_12_points_rs_536"}