{"type_bounds":[0,0,1,1],"max_steps_out":1000,"dimensions":[4],"bounds_domain":[[0.0,1.0],[0.0,1.0],[0.25,0.5,0.75],[0.2,0.4,0.6,0.8]],"mean_value":[0.0],"samples_parameters":[[0.0,0.0,0.2990417976,0.331227071,0.2249814772,0.2339075649],[0.0,0.0,0.2991006986,0.3313246259,0.2249937641,0.2337759481],[0.0,0.0,0.2988284994,0.331241681,0.2250796555,0.2337354155],[0.0,0.0,0.298956299,0.3314197253,0.2252890976,0.2332739369],[0.0,0.0,0.298949612,0.3313165091,0.2250203786,0.2336664346],[0.0,0.0,0.2987883419,0.3314512465,0.2249429712,0.2338640933],[0.0,0.0,0.2989679174,0.33138397,0.2248828409,0.2339764484],[0.0,0.0,0.2988772519,0.3312718781,0.2250979176,0.2336486019],[0.0,0.0,0.2989657907,0.3313409146,0.2251438746,0.23346918],[0.0,0.0,0.2987885967,0.3312887301,0.22526104,0.2334934813],[0.0,0.0,0.2989440527,0.3313079666,0.2250862406,0.2336837307],[0.0,0.0,0.298643502,0.3309464294,0.2250870156,0.233649793],[0.0,0.0,0.2984784771,0.330765463,0.2252451928,0.2337556341],[0.0,0.0,0.2987592385,0.3306078696,0.2250024885,0.2339937241],[0.0,0.0,0.2985371649,0.3306939148,0.2249869631,0.2341006798],[0.0,0.0,0.2985609405,0.3306421821,0.2249254741,0.2342073434],[0.0,0.0,0.2985260671,0.3305037809,0.2248172954,0.2344363575],[0.0,0.0,0.2985042411,0.3305679026,0.2247355728,0.2344670663],[0.0,0.0,0.2984587431,0.3305728237,0.2247991095,0.2345105871],[0.0,0.0,0.2985652814,0.3306228718,0.2249612945,0.2341047514],[0.0,0.0,0.2986307066,0.3306385579,0.2250085343,0.2339095297],[0.0,0.0,0.2802952158,0.3300268889,0.2254564221,0.2826875823],[0.0,0.0,0.2716862551,0.3160554074,0.2087936924,0.3232701863],[0.0,0.0,0.2721322107,0.3164244985,0.2086144734,0.3221534907],[0.0,0.0,0.2719147414,0.3164118266,0.2087142051,0.3222218881],[0.0,0.0,0.2720762802,0.3163432387,0.2085825685,0.3222626723],[0.0,0.0,0.2720800474,0.3162260955,0.2086688662,0.3222417493],[0.0,0.0,0.2720481591,0.3164691451,0.2085779566,0.3223037565],[0.0,0.0,0.2718796324,0.3163084669,0.2086634717,0.3223593066],[0.0,0.0,0.2720313572,0.3165003831,0.2085926841,0.3222564568],[0.0,0.0,0.2718929052,0.3164495133,0.208685982,0.3222195601],[0.0,0.0,0.2682540571,0.3577590532,0.2053475533,0.3215770125],[0.0,0.0,0.2730225518,0.3533843713,0.2066318296,0.3022769027],[0.0,0.0,0.2728448504,0.3532938959,0.2067596807,0.3021331827],[0.0,0.0,0.2730265839,0.3533004657,0.206785764,0.3018089036],[0.0,0.0,0.2728739342,0.3532709721,0.2067953683,0.3021103152],[0.0,0.0,0.2729032362,0.3532885824,0.2068013481,0.3020833633],[0.0,0.0,0.2729042798,0.3533703497,0.206822605,0.3019105638],[0.0,0.0,0.2728243969,0.353224903,0.2067512248,0.3022705887],[0.0,0.0,0.2729581473,0.3533869326,0.206777691,0.3020120735],[0.0,0.0,0.2729552228,0.3533897353,0.2067686227,0.302085097],[0.0,0.0,0.2691932364,0.3856744276,0.2210809115,0.2085655933],[0.0,0.0,0.2504953874,0.3864983668,241.9397304654,0.1368551578],[0.0,0.0,0.2505226298,0.3870069711,138.5109770196,0.1369463763],[0.0,0.0,0.2504790749,0.3870138237,185.0558004273,0.1369227502],[0.0,0.0,0.2504899621,0.3871398907,167.5797792665,0.1369250434],[0.0,0.0,0.2504663221,0.387197228,121.3211395522,0.13694166],[0.0,0.0,0.2505491426,0.3871885921,249.3710681309,0.1369373973],[0.0,0.0,0.2505297565,0.3871405407,178.7963519549,0.1369281741],[0.0,0.0,0.2504761265,0.3870096471,133.7202050719,0.1369330508],[0.0,0.0,0.2505016921,0.3869834227,234.6519274462,0.1369358448],[0.0,0.0,0.2506369515,0.3877546143,150.9306252949,0.1369406092],[0.0,0.0,0.2505197483,0.391040557,173.8577922381,0.1369378151],[0.0,0.0,0.2504692857,0.3911495249,144.8240123197,0.1369153288],[0.0,0.0,0.2505195927,0.39103602,87.1405054911,0.1369353551],[0.0,0.0,0.2504801829,0.3909347833,124.43977147,0.1369614319],[0.0,0.0,0.2504905383,0.3910683062,185.2839184998,0.1369437993],[0.0,0.0,0.2504300259,0.3909995119,189.3848958332,0.1369415605],[0.0,0.0,0.2504838916,0.3910905554,111.584252371,0.1369395393],[0.0,0.0,0.2504587186,0.3909988641,205.5387287967,0.1369400621],[0.0,0.0,0.2504378772,0.3912314231,229.1310143646,0.1369198134]],"thinning":10,"kernel_values":[0.8658015034,1.0235551585,0.6001371742,0.5658436214],"type_kernel":["Matern52"],"training_data":{"evaluations":[468.9687584277,269.7728038797,374.7641988993,4982.8338015033,3848.1235529863,544.2459765518,165.8736232488,320.8360968589,631.6034768062,138.0374106925,2433.5541118485,20448.5751108328],"points":[[0.8094673912,0.4589551229,0.25,0.4],[0.4411348213,0.5432599112,0.25,0.4],[0.3631640767,0.1955999806,0.25,0.4],[0.7462609123,0.7043271856,0.5,0.6],[0.5327189375,0.9054216356,0.5,0.6],[0.5197494511,0.2361666859,0.75,0.6],[0.8950166092,0.1736240338,0.25,0.4],[0.7545115352,0.8106589672,0.25,0.2],[0.3434331986,0.9597093469,0.5,0.2],[0.9720599492,0.8226840113,0.25,0.4],[0.1557654111,0.9574113875,0.5,0.6],[0.862369188,0.9713386597,0.75,0.8]],"var_noise":[]},"var_noise_value":[0.0],"n_burning":500,"same_correlation":true,"problem_name":"branin","data":{"evaluations":[468.9687584277,269.7728038797,374.7641988993,4982.8338015033,3848.1235529863,544.2459765518,165.8736232488,320.8360968589,631.6034768062,138.0374106925,2433.5541118485,20448.5751108328,167.4281549195,2846.5500285765,1447.9328203947,8728.0502738754,992.9922756417,1635.7819784101],"points":[[0.8094673912,0.4589551229,0.25,0.4],[0.4411348213,0.5432599112,0.25,0.4],[0.3631640767,0.1955999806,0.25,0.4],[0.7462609123,0.7043271856,0.5,0.6],[0.5327189375,0.9054216356,0.5,0.6],[0.5197494511,0.2361666859,0.75,0.6],[0.8950166092,0.1736240338,0.25,0.4],[0.7545115352,0.8106589672,0.25,0.2],[0.3434331986,0.9597093469,0.5,0.2],[0.9720599492,0.8226840113,0.25,0.4],[0.1557654111,0.9574113875,0.5,0.6],[0.862369188,0.9713386597,0.75,0.8],[1.0,0.0,0.25,0.2933555014],[0.0,1.0,0.5850191388,0.2],[1.0,0.0,0.75,0.7420874022],[0.0,1.0,0.6068140318,0.3612196162],[0.0,0.0,0.7499976296,0.7420873001],[0.0,1.0,0.75,0.2]],"var_noise":[]},"start_point_sampler":[0.0,0.0,0.2990417976,0.331227071,0.2249814772,0.2339075649],"name_model":"gp_fitting_gaussian","training_name":"default_training_data_12_points_rs_530"}