{"type_bounds":[0,0,1,1],"max_steps_out":1000,"dimensions":[4],"bounds_domain":[[0.0,1.0],[0.0,1.0],[0.25,0.5,0.75],[0.2,0.4,0.6,0.8]],"mean_value":[0.0],"samples_parameters":[[0.0,0.0,0.1408498301,0.3455106967,0.1423404968,0.3471849919],[0.0,0.0,0.1408168699,0.3454918706,0.1422935436,0.3472433679],[0.0,0.0,0.1407790775,0.3456614145,0.1422857069,0.3474903036],[0.0,0.0,0.1406259159,0.3457205105,0.1423250747,0.3477507853],[0.0,0.0,0.1408178388,0.3452792846,0.1423731686,0.3472131509],[0.0,0.0,0.1406458037,0.345712281,0.1422424468,0.3474648862],[0.0,0.0,0.1409168144,0.3452220074,0.1424465088,0.3469305093],[0.0,0.0,0.1409029465,0.3455350735,0.1423943865,0.3469117687],[0.0,0.0,0.1409566988,0.3452542518,0.1423485633,0.347105493],[0.0,0.0,0.1409858594,0.3453181155,0.1424427268,0.3469161181],[0.0,0.0,0.1408173062,0.3457512217,0.1422765444,0.3476181104],[0.0,0.0,0.1421541597,0.3469950944,0.1431615686,0.3412115534],[0.0,0.0,0.1991748508,0.3236799965,0.1510111698,0.2986040727],[0.0,0.0,895.1855809955,0.2481252436,0.1406538805,0.3283281124],[0.0,0.0,989.9962723612,0.2481513644,0.140854404,0.3295700252],[0.0,0.0,894.6154971854,0.248106516,0.1407847787,0.3295645851],[0.0,0.0,958.1390854469,0.2481943533,0.1408064136,0.3296198666],[0.0,0.0,734.9198592512,0.2480530969,0.1408877559,0.3296168868],[0.0,0.0,765.5055512742,0.2482419554,0.1409164274,0.3293769713],[0.0,0.0,863.9274376584,0.2481868174,0.1408719846,0.3295799369],[0.0,0.0,658.8872846377,0.2482097519,0.1408131599,0.3295432392],[0.0,0.0,640.8624921076,0.2426675521,0.0491047409,0.332982172],[0.0,0.0,621.1375844193,0.2383666929,0.1179897056,0.3331816935],[0.0,0.0,759.4692495973,0.2383289391,0.1179089742,0.3331418431],[0.0,0.0,822.9775971195,0.2383652277,0.1180354922,0.3331368308],[0.0,0.0,417.2374919755,0.2384231007,0.1179284459,0.3330215036],[0.0,0.0,931.1387304904,0.2382859893,0.1180299644,0.3331099786],[0.0,0.0,286.0337204125,0.238289322,0.1179424895,0.333253643],[0.0,0.0,898.0144726022,0.2383577202,0.1180003783,0.3332042222],[0.0,0.0,208.3604657188,0.23838917,0.1180123118,0.3331644139],[0.0,0.0,930.1923077767,0.2384333491,0.1179314371,0.3331670229],[0.0,0.0,923.6240715754,0.2189468522,0.1395097228,0.315544489],[0.0,0.0,993.3800457619,0.212479646,0.1551780533,0.3128267896],[0.0,0.0,829.278057158,0.2125001781,0.1552076025,0.3129490115],[0.0,0.0,594.0288660302,0.212542691,0.1551732048,0.3129219469],[0.0,0.0,967.4613460927,0.2125759289,0.155192928,0.3128343621],[0.0,0.0,572.9936691627,0.2125701362,0.155183785,0.3128600715],[0.0,0.0,844.7406850354,0.2125490876,0.1551767485,0.3128289455],[0.0,0.0,988.6819406147,0.2125552998,0.1551873994,0.3129199219],[0.0,0.0,540.0796548393,0.2125969996,0.1551970159,0.3128000684],[0.0,0.0,934.1540098011,0.2125397476,0.1551710377,0.312874501],[0.0,0.0,181.4977464819,0.215985182,0.152801562,0.264676608],[0.0,0.0,6.3186812935,0.2193888041,0.153893502,0.2636893825],[0.0,0.0,5.4013431306,0.2194475136,0.1539837675,0.2638497372],[0.0,0.0,5.4374717691,0.2194638729,0.1539600043,0.2638438054],[0.0,0.0,5.1336515776,0.2194162153,0.154009506,0.2638223554],[0.0,0.0,5.4243151955,0.2194614679,0.1539789192,0.2637631543],[0.0,0.0,5.6577803952,0.2193970019,0.1539566269,0.2638448828],[0.0,0.0,5.4589668555,0.2194856309,0.1539685047,0.263766887],[0.0,0.0,5.3812694058,0.2193438202,0.1539513405,0.2637828934],[0.0,0.0,5.1169513532,0.2194612217,0.1539991423,0.2638734315],[0.0,0.0,3.0682537572,0.2145656198,0.1547308633,0.2600541848],[0.0,0.0,3.8316685072,0.2118531583,0.1545004741,0.2577824573],[0.0,0.0,4.7497508252,0.2117942576,0.154274652,0.2573788338],[0.0,0.0,6.1948226617,0.2116956241,0.1541207056,0.257118419],[0.0,0.0,5.3092546656,0.2117030909,0.15419061,0.2572586943],[0.0,0.0,5.4814166272,0.2116724255,0.1541725329,0.2571614689],[0.0,0.0,5.4697559843,0.2118179403,0.1541698141,0.2571505063],[0.0,0.0,5.4545350246,0.2117576395,0.1541891589,0.2572043717],[0.0,0.0,6.1541261151,0.2116762003,0.1541157587,0.2570584695],[0.0,0.0,6.0249626013,0.2117419268,0.1541080077,0.2570893704],[0.0,0.0,6.080419364,0.212167333,0.153980151,0.2580332373],[0.0,0.0,2.4042343314,0.2136301215,0.1551654457,0.2633517962],[0.0,0.0,2.2309519376,0.213647248,0.1553854859,0.2637794997],[0.0,0.0,2.2047933243,0.2138271989,0.1554216862,0.26397821],[0.0,0.0,2.2455320854,0.2137001515,0.1553726856,0.2638408696],[0.0,0.0,2.206374426,0.2137180233,0.1554398942,0.2638791475],[0.0,0.0,2.211971623,0.2137375991,0.1554438344,0.2639613752],[0.0,0.0,2.2193165023,0.2138449788,0.1553917675,0.2638585365],[0.0,0.0,2.194929916,0.2137733948,0.1554569183,0.2639960391],[0.0,0.0,2.2147085564,0.213695074,0.1554268946,0.2640467019],[0.0,0.0,2.2640569616,0.213542497,0.1554716565,0.2558950384],[0.0,0.0,698.8471681154,0.2132263922,0.1540295941,0.2513059968],[0.0,0.0,313.948460702,0.2131746191,0.154034005,0.2511763789],[0.0,0.0,447.3310569118,0.2132321043,0.1540429552,0.2512331954],[0.0,0.0,852.1124490624,0.2132198978,0.1540251334,0.2512229437],[0.0,0.0,896.7344803852,0.2132017175,0.1540257753,0.2513057536],[0.0,0.0,800.0129053536,0.2132240416,0.1540460535,0.2512273488],[0.0,0.0,587.8645290557,0.2131975293,0.1540077504,0.2512289409],[0.0,0.0,760.6409044459,0.2132063829,0.1540283617,0.2512397592],[0.0,0.0,684.2754313166,0.2131695367,0.1540604443,0.2512924362]],"thinning":10,"kernel_values":[0.7339339922,0.8864391497,0.63228738,0.7630315501],"type_kernel":["Matern52"],"training_data":{"evaluations":[1113.8753332704,432.8958636069,888.6129712699,2599.8119993532,1221.6512093603,203.1307364741,570.9675910782,687.8687708752,4511.7733573061,1848.4272213799,718.37234282,8981.3027239583],"points":[[0.4487352202,0.8664512102,0.25,0.6],[0.2835377121,0.2686890458,0.5,0.8],[0.6256649614,0.7565727468,0.75,0.2],[0.4956065392,0.4911077161,0.75,0.6],[0.3375338229,0.4898816558,0.5,0.8],[0.5734853509,0.6108081409,0.5,0.2],[0.2606307808,0.366033406,0.25,0.6],[0.9947479493,0.0408211371,0.5,0.4],[0.5693549374,0.1952091683,0.75,0.2],[0.0912191019,0.43602472,0.25,0.4],[0.3119628743,0.4909532326,0.5,0.6],[0.3424599333,0.9346660425,0.75,0.8]],"var_noise":[]},"var_noise_value":[0.0],"n_burning":500,"same_correlation":true,"problem_name":"branin","data":{"evaluations":[1113.8753332704,432.8958636069,888.6129712699,2599.8119993532,1221.6512093603,203.1307364741,570.9675910782,687.8687708752,4511.7733573061,1848.4272213799,718.37234282,8981.3027239583,2385.2380974265,664.1291535399,16307.610081199,1144.0854679605,3605.4173474831,894.9077666292,1345.9957853903,7002.0489127734],"points":[[0.4487352202,0.8664512102,0.25,0.6],[0.2835377121,0.2686890458,0.5,0.8],[0.6256649614,0.7565727468,0.75,0.2],[0.4956065392,0.4911077161,0.75,0.6],[0.3375338229,0.4898816558,0.5,0.8],[0.5734853509,0.6108081409,0.5,0.2],[0.2606307808,0.366033406,0.25,0.6],[0.9947479493,0.0408211371,0.5,0.4],[0.5693549374,0.1952091683,0.75,0.2],[0.0912191019,0.43602472,0.25,0.4],[0.3119628743,0.4909532326,0.5,0.6],[0.3424599333,0.9346660425,0.75,0.8],[1.0,1.0,0.75,0.2],[1.0,0.4613074016,0.6543838081,0.2],[0.0,1.0,0.6055082891,0.8],[1.0,1.0,0.5750265274,0.2],[0.0,0.0,0.25,0.8],[0.0,0.0,0.75,0.8],[0.0,0.0,0.25,0.5248410192],[1.0,0.0,0.75,0.2]],"var_noise":[]},"start_point_sampler":[0.0,0.0,0.1408498301,0.3455106967,0.1423404968,0.3471849919],"name_model":"gp_fitting_gaussian","training_name":"default_training_data_12_points_rs_548"}