{"type_bounds":[0,0,1,1],"max_steps_out":1000,"dimensions":[4],"bounds_domain":[[0.0,1.0],[0.0,1.0],[0.25,0.5,0.75],[0.2,0.4,0.6,0.8]],"mean_value":[0.0],"samples_parameters":[[0.0,0.0,0.1207897406,0.3098222979,0.2124152705,0.4282966813],[0.0,0.0,0.120786441,0.3098196804,0.2124475624,0.4282138876],[0.0,0.0,0.1207341953,0.3097867361,0.2124258807,0.4287049583],[0.0,0.0,0.1206861236,0.309887053,0.2125345221,0.4286788536],[0.0,0.0,0.1206978223,0.3097882924,0.2127589054,0.4282465867],[0.0,0.0,0.1207383246,0.30986792,0.2125509072,0.4284288945],[0.0,0.0,0.1207609883,0.3097674911,0.2127089268,0.4278329783],[0.0,0.0,0.1206474872,0.3098745308,0.2126062852,0.4286878194],[0.0,0.0,0.1207364108,0.3097315004,0.2126021379,0.4282309644],[0.0,0.0,0.1207173706,0.3098819348,0.2124652407,0.4284216114],[0.0,0.0,0.1208075706,0.3098497095,0.2124334793,0.4284883809],[0.0,0.0,0.120580089,0.3096465129,0.212579797,0.4291089037],[0.0,0.0,0.1204084235,0.3094160961,0.2130842566,0.4294798602],[0.0,0.0,0.1204723652,0.3095793512,0.2129554639,0.4285031628],[0.0,0.0,0.1205384734,0.3094815219,0.213025879,0.4290102617],[0.0,0.0,0.120582324,0.3094559361,0.2129356708,0.4287796283],[0.0,0.0,0.1204950046,0.309488034,0.2127601703,0.4292101711],[0.0,0.0,0.1205034524,0.3096112364,0.2127042674,0.4290294657],[0.0,0.0,0.1204270359,0.3093882377,0.2130558475,0.4295937533],[0.0,0.0,0.120507274,0.3096750458,0.2127923895,0.4295315347],[0.0,0.0,0.1204599681,0.3096535611,0.2130347334,0.4290785668],[0.0,0.0,0.1215962006,0.3109565095,0.2070478868,0.4293288637],[0.0,0.0,0.1227010124,0.3132920525,0.2031746017,0.4336061011],[0.0,0.0,0.1226394812,0.3132527919,0.2031846362,0.43366972],[0.0,0.0,0.1226877454,0.3132224948,0.2030386283,0.4336162073],[0.0,0.0,0.1226811516,0.3132005808,0.2031673339,0.433066553],[0.0,0.0,0.1228195582,0.3133638477,0.2030210624,0.4331066406],[0.0,0.0,0.1227014582,0.313410321,0.2031206156,0.433335961],[0.0,0.0,0.1228116236,0.3134625694,0.2028760259,0.433440528],[0.0,0.0,0.1226660237,0.3133504493,0.2032122197,0.4335996487],[0.0,0.0,0.1226680566,0.3135141557,0.2031718084,0.4335391178],[0.0,0.0,0.112467487,0.263467055,0.2009773039,0.4329047366],[0.0,0.0,0.1024397895,0.1385399125,0.2818751374,2.3429018304],[0.0,0.0,0.1065023187,0.1367482596,0.2804717181,1.0896691557],[0.0,0.0,0.1064269396,0.1367626285,0.2803597855,1.0928699896],[0.0,0.0,0.1064191292,0.1367721633,0.2796949947,1.0910363733],[0.0,0.0,0.1066025032,0.1367537737,0.2799827156,1.0813581679],[0.0,0.0,0.1064061804,0.1368679084,0.2802536602,1.0900776657],[0.0,0.0,0.1065393669,0.136832413,0.279894778,1.0802128645],[0.0,0.0,0.1063867736,0.1369113423,0.2800205802,1.0930680753],[0.0,0.0,0.1065253279,0.1368581039,0.2799464793,1.0839382242],[0.0,0.0,0.1069232768,0.1366672182,0.2691522895,1.1055393539],[0.0,0.0,0.1084237348,0.1353623087,0.273430322,1.0074826115],[0.0,0.0,0.1085473456,0.1353618647,0.2731548433,1.0007017995],[0.0,0.0,0.1086166025,0.1352347913,0.2730976909,0.9994237037],[0.0,0.0,0.1085321217,0.1352495631,0.2728444607,1.0061230164],[0.0,0.0,0.1084574238,0.1354488234,0.2733073191,1.0154097908],[0.0,0.0,0.1086095346,0.135293473,0.2731773236,1.0076564067],[0.0,0.0,0.108553792,0.1352559579,0.2733664874,1.0060420999],[0.0,0.0,0.1084112174,0.135436705,0.2731491677,1.0097903174],[0.0,0.0,0.1084931061,0.1353885845,0.2730948496,1.0090148144],[0.0,0.0,0.1086222347,0.1353884702,0.2732820358,1.0105421641],[0.0,0.0,0.1091095712,0.1352622251,0.2724266627,0.9829689281],[0.0,0.0,0.1089536948,0.1353558017,0.2726539957,0.9989605346],[0.0,0.0,0.109002199,0.1354221339,0.2729659409,0.9892443208],[0.0,0.0,0.1088541205,0.135466611,0.2731179819,0.9936552479],[0.0,0.0,0.1088942329,0.1354207735,0.2730427517,0.9977454499],[0.0,0.0,0.1089830475,0.1354248446,0.2728719092,0.9878294092],[0.0,0.0,0.1091180354,0.1353240881,0.2726417045,0.9900630577],[0.0,0.0,0.1088662527,0.1355238451,0.2730929423,0.9988307879],[0.0,0.0,0.1087695677,0.1355374389,0.2727611113,0.9995675092],[0.0,0.0,0.1088913783,0.1355590627,0.2045182628,0.9994969723],[0.0,0.0,0.114323962,0.1322135393,0.2013634784,1.0553693559],[0.0,0.0,0.1141395719,0.1323922338,0.2016771845,1.0624724733],[0.0,0.0,0.1141575376,0.1323167197,0.2015134143,1.0585990766],[0.0,0.0,0.1142170083,0.1322924102,0.2015748967,1.0521863464],[0.0,0.0,0.1142679148,0.1321983016,0.2014557289,1.0548580594],[0.0,0.0,0.1142401765,0.1324129564,0.2015423778,1.0585268274],[0.0,0.0,0.11416042,0.1323275709,0.2015285406,1.0653061522],[0.0,0.0,0.1141468634,0.1324323699,0.2015823425,1.0563431023],[0.0,0.0,0.1141500964,0.1323368344,0.2015030452,1.0583315378]],"thinning":10,"kernel_values":[0.7945060232,0.8619120258,0.718021262,0.8401920439],"type_kernel":["Matern52"],"training_data":{"evaluations":[161.3105071601,671.0573503285,56.7170942895,984.4597766439,72.3915274958,441.2928230857,1633.103633022,1116.907640627,610.9671545576,298.563791415,1320.8720028071,6453.4782444335],"points":[[0.6898079612,0.5725485528,0.25,0.2],[0.3549457712,0.3181333166,0.25,0.2],[0.9499420807,0.9146001869,0.25,0.2],[0.6430350977,0.5266504986,0.75,0.2],[0.9796314313,0.2595668016,0.25,0.2],[0.1921357419,0.6391871524,0.75,0.6],[0.5582708495,0.4877836093,0.5,0.8],[0.4321484246,0.0975550755,0.75,0.8],[0.5167718297,0.9318289542,0.5,0.2],[0.5694685118,0.795113063,0.25,0.4],[0.8479272202,0.437190219,0.5,0.6],[0.4465323403,0.6762709584,0.75,0.8]],"var_noise":[]},"var_noise_value":[0.0],"n_burning":500,"same_correlation":true,"problem_name":"branin","data":{"evaluations":[161.3105071601,671.0573503285,56.7170942895,984.4597766439,72.3915274958,441.2928230857,1633.103633022,1116.907640627,610.9671545576,298.563791415,1320.8720028071,6453.4782444335,163.3143830653,637.592746584,4801.9631397883,56.8484203478,2540.1847628957,1635.7819784101,4509.5323491798],"points":[[0.6898079612,0.5725485528,0.25,0.2],[0.3549457712,0.3181333166,0.25,0.2],[0.9499420807,0.9146001869,0.25,0.2],[0.6430350977,0.5266504986,0.75,0.2],[0.9796314313,0.2595668016,0.25,0.2],[0.1921357419,0.6391871524,0.75,0.6],[0.5582708495,0.4877836093,0.5,0.8],[0.4321484246,0.0975550755,0.75,0.8],[0.5167718297,0.9318289542,0.5,0.2],[0.5694685118,0.795113063,0.25,0.4],[0.8479272202,0.437190219,0.5,0.6],[0.4465323403,0.6762709584,0.75,0.8],[0.107712976,0.2063114456,0.75,0.2],[1.0,1.0,0.4730981886,0.2],[0.0,0.0,0.75,0.2],[1.0,0.9192907999,0.25,0.2],[0.0,1.0,0.621832669,0.2],[0.0,1.0,0.75,0.2],[0.0,0.0,0.75,0.2133410014]],"var_noise":[]},"start_point_sampler":[0.0,0.0,0.1207897406,0.3098222979,0.2124152705,0.4282966813],"name_model":"gp_fitting_gaussian","training_name":"default_training_data_12_points_rs_531"}