{"type_bounds":[0,0,1,1],"max_steps_out":1000,"dimensions":[4],"bounds_domain":[[0.0,1.0],[0.0,1.0],[0.25,0.5,0.75],[0.2,0.4,0.6,0.8]],"mean_value":[0.0],"samples_parameters":[[0.0,0.0,0.3898786306,0.2648270589,0.5163508019,0.1001336683],[0.0,0.0,0.3897489333,0.2650174071,0.5167320125,0.1001240101],[0.0,0.0,0.3898345824,0.2648633993,0.5143407948,0.100235843],[0.0,0.0,0.3896977083,0.2647104853,0.5165663909,0.1001275179],[0.0,0.0,0.3901076926,0.2646759421,0.5146016829,0.1001819917],[0.0,0.0,0.3899799269,0.2647132454,0.5150408346,0.1002072262],[0.0,0.0,0.3900526644,0.264644729,0.5150231644,0.1001730856],[0.0,0.0,0.3900782547,0.2647108948,0.5134600864,0.1001799507],[0.0,0.0,0.3902036528,0.2648693374,0.5115189035,0.1001655566],[0.0,0.0,0.3900258766,0.2645589458,0.5144798358,0.1002509741],[0.0,0.0,0.3902730102,0.2648001293,0.5139803373,0.1002286171],[0.0,0.0,0.3922140073,0.2537760656,0.4957453788,0.1021969574],[0.0,0.0,0.3990473726,0.237032353,0.4286548999,0.1065869972],[0.0,0.0,0.399066635,0.2366798858,0.4277642987,0.1066778039],[0.0,0.0,0.398843412,0.2370666443,0.4290448669,0.1065058261],[0.0,0.0,0.3989662546,0.2367545509,0.4283683744,0.1065799378],[0.0,0.0,0.3988816529,0.2367443802,0.4292279169,0.1065438671],[0.0,0.0,0.3989347931,0.2369957651,0.4288299825,0.1065454528],[0.0,0.0,0.3991423199,0.2369763221,0.4285082638,0.106572633],[0.0,0.0,0.3988580953,0.2368886224,0.4298427829,0.1066038643],[0.0,0.0,0.3992200084,0.2368196611,0.4270301323,0.1065342205],[0.0,0.0,0.403093854,0.2033705656,0.2276824235,0.2465132812],[0.0,0.0,986.6245520097,0.4267634137,0.1266294288,0.1416774271],[0.0,0.0,986.3279084223,0.4271136071,0.1265660436,0.1418971714],[0.0,0.0,773.1282085049,0.4271141634,0.1265943091,0.1418997684],[0.0,0.0,995.4665607257,0.4269996237,0.1265710905,0.1419622589],[0.0,0.0,953.2637344663,0.426884605,0.1266184698,0.1419654588],[0.0,0.0,962.8197527715,0.4270331608,0.1266281695,0.1419319877],[0.0,0.0,903.2120777272,0.4269834888,0.1266062402,0.1419578907],[0.0,0.0,967.4190098399,0.4270159623,0.1265679838,0.141941546],[0.0,0.0,989.1336293859,0.4269732691,0.1266132576,0.14191212],[0.0,0.0,105.0528711637,0.1123204183,0.1588107678,0.3068350198],[0.0,0.0,0.4690672173,0.1783324779,0.6733495755,0.2766597612],[0.0,0.0,0.3575628778,0.180354337,1.0236950836,0.2468753543],[0.0,0.0,0.3575166347,0.1803619078,1.0252665127,0.2468515313],[0.0,0.0,0.3575521361,0.1804018361,1.0235614846,0.2469676253],[0.0,0.0,0.3575139216,0.1803314145,1.024546614,0.2468728199],[0.0,0.0,0.3576407346,0.1803552533,1.0252304067,0.2468500454],[0.0,0.0,0.3574534034,0.1803842546,1.0242789618,0.2470472349],[0.0,0.0,0.3574494719,0.1804109439,1.0236875402,0.2469236978],[0.0,0.0,0.357438379,0.1803964998,1.0235171523,0.24698814],[0.0,0.0,0.3485789496,0.182741779,149.7331216102,0.2470096905],[0.0,0.0,0.3585794056,0.175291585,4.2047362266,0.2534996071],[0.0,0.0,0.358857281,0.1752350246,4.2138296699,0.2535042418],[0.0,0.0,0.3586524544,0.175269291,4.1458774024,0.2536081979],[0.0,0.0,0.3588777641,0.1752603288,4.1880373079,0.2535923926],[0.0,0.0,0.3588410354,0.1753271862,4.1788757381,0.2535819319],[0.0,0.0,0.3589405342,0.1752430138,4.2085977773,0.253671372],[0.0,0.0,0.3588521064,0.1752636731,4.1628203661,0.253606974],[0.0,0.0,0.3588138191,0.1752384362,4.2138783769,0.2535852615],[0.0,0.0,0.3587265528,0.1752511701,4.209502618,0.2536522776],[0.0,0.0,0.3580677479,0.1752539082,4.1841255821,0.2533844262],[0.0,0.0,0.3577177241,0.1753333211,4.2422894295,0.2533298794],[0.0,0.0,0.3576772006,0.1753649643,4.1988182662,0.2533197553],[0.0,0.0,0.3576843994,0.1752839472,4.2207029113,0.2534576442],[0.0,0.0,0.3576422212,0.1753264702,4.2476801957,0.2534720362],[0.0,0.0,0.357760675,0.1752797417,4.255342525,0.2534036489],[0.0,0.0,0.357875727,0.175312281,4.2373902665,0.2533444162],[0.0,0.0,0.3578989298,0.1753794668,4.2194856499,0.253320214],[0.0,0.0,0.357675827,0.1753318037,4.2282993042,0.2533698719],[0.0,0.0,0.3576420911,0.1753372533,4.2394474079,0.2534109321],[0.0,0.0,0.3984258179,0.1749901421,3.2189833931,0.255815895],[0.0,0.0,0.4169216345,0.1807736262,0.614263888,0.2988716897],[0.0,0.0,0.416796022,0.1807850751,0.6144341466,0.2987963054],[0.0,0.0,0.4167371934,0.1807712679,0.6142924462,0.2988216485],[0.0,0.0,0.4169306789,0.1807899602,0.6142355949,0.2987850746],[0.0,0.0,0.4170633784,0.1808019326,0.614504492,0.2988646098],[0.0,0.0,0.4167848991,0.1807694813,0.6145950406,0.2987590939],[0.0,0.0,0.4168862272,0.1807355481,0.6142844202,0.2989068842],[0.0,0.0,0.4169947286,0.1807597552,0.6142869701,0.2987211801],[0.0,0.0,0.4170386099,0.180736245,0.6143580251,0.2988068973],[0.0,0.0,0.4159239648,0.1814164171,0.5868040154,0.3020298042],[0.0,0.0,0.4135559013,0.1820452725,0.5850994902,0.3006277188],[0.0,0.0,0.4134993774,0.1820222727,0.5850290589,0.3007268233],[0.0,0.0,0.4133696866,0.1820121659,0.5850306148,0.3006449353],[0.0,0.0,0.4133192915,0.1820342217,0.5851535131,0.3006218987],[0.0,0.0,0.41334305,0.1820094396,0.5849015847,0.3006667009],[0.0,0.0,0.41337248,0.1820624245,0.5850357483,0.300641812],[0.0,0.0,0.4130693815,0.1820073109,0.5850910177,0.3007434094],[0.0,0.0,0.4134937471,0.1819624053,0.5847557236,0.3005972432],[0.0,0.0,0.4135282201,0.1819487769,0.5850999645,0.3006613899],[0.0,0.0,0.3874742761,0.1927453545,0.6037855943,0.2032805604],[0.0,0.0,0.3909925152,0.1881883945,0.6057883044,0.2315386257],[0.0,0.0,0.3909654429,0.1881448711,0.6056455841,0.2315109215],[0.0,0.0,0.3906810662,0.1881702482,0.6057872272,0.2314974105],[0.0,0.0,0.3907241302,0.1882077864,0.6058699066,0.2315118949],[0.0,0.0,0.3908490843,0.1882084671,0.6057414324,0.2315440001],[0.0,0.0,0.3907778323,0.1881615248,0.6058796068,0.2315618026],[0.0,0.0,0.3906787741,0.1882089982,0.6058942753,0.2315153903],[0.0,0.0,0.3909026531,0.1881284861,0.6057861635,0.231499423],[0.0,0.0,0.3908019629,0.1881781648,0.6057933574,0.2314833428],[0.0,0.0,0.3942444556,0.187745379,0.5910853302,0.2329982308],[0.0,0.0,0.3943355556,0.1878363246,0.595991779,0.2323859727],[0.0,0.0,0.3943591318,0.1878855885,0.5958479935,0.2324001343],[0.0,0.0,0.394562623,0.1878482002,0.5958993446,0.2323937359],[0.0,0.0,0.3943358508,0.1878530034,0.5961184646,0.232389655],[0.0,0.0,0.3943915295,0.187862289,0.5958804518,0.2323864531],[0.0,0.0,0.3946250647,0.1878740361,0.5958374522,0.2324198134],[0.0,0.0,0.3944234293,0.1878416164,0.5958227759,0.2324123149],[0.0,0.0,0.3944640841,0.1878708369,0.5958706813,0.2323830018],[0.0,0.0,0.3942586953,0.1878616479,0.595949993,0.2323935746],[0.0,0.0,0.3943723372,0.1878977157,0.5966194256,0.2322349613],[0.0,0.0,0.3941564829,0.1879278075,0.5975072822,0.2320258615],[0.0,0.0,0.3943636374,0.1879997395,0.5976478248,0.23202956],[0.0,0.0,0.3939691826,0.1879929472,0.5976922971,0.2319510905],[0.0,0.0,0.3940331687,0.1879831039,0.5975580726,0.2319839101],[0.0,0.0,0.393954553,0.1880002699,0.5976341342,0.2319683074],[0.0,0.0,0.3942086052,0.1880076426,0.597683868,0.2319817401],[0.0,0.0,0.3940725461,0.1879771398,0.5977602088,0.2319872943],[0.0,0.0,0.3940786318,0.1879761797,0.5977215066,0.2320230213],[0.0,0.0,0.3940735374,0.1879835271,0.5976852505,0.2319271761],[0.0,0.0,0.3948893759,0.1880362411,0.5571136622,0.2308286085],[0.0,0.0,0.4235662878,0.1877391866,0.5756500309,0.227409813],[0.0,0.0,0.4234278152,0.1877444834,0.5753173642,0.227444717],[0.0,0.0,0.4234995989,0.187781934,0.5755092607,0.2274252005],[0.0,0.0,0.4236103181,0.187753106,0.5753736704,0.227436236],[0.0,0.0,0.4235241636,0.1877674196,0.5754581496,0.2273745041],[0.0,0.0,0.4233473325,0.1877382673,0.5755306673,0.2273974284],[0.0,0.0,0.4235165961,0.1877640207,0.5753914266,0.2274344509],[0.0,0.0,0.4234803199,0.1877495535,0.5755292125,0.2274310359],[0.0,0.0,0.4233436584,0.1877010343,0.5752580297,0.2274762105],[0.0,0.0,0.4226648389,0.1877693238,0.5732126144,0.2273977013],[0.0,0.0,0.4217137274,0.1878666077,0.5734203599,0.2270929384],[0.0,0.0,0.4216737738,0.1878245079,0.5733730677,0.2271332473],[0.0,0.0,0.4214877213,0.1878574687,0.5737726836,0.2271022999],[0.0,0.0,0.42182959,0.1878353747,0.57356578,0.2271325052],[0.0,0.0,0.4217724,0.1878403368,0.5735008603,