{"type_bounds":[0,0,1,1],"max_steps_out":1000,"dimensions":[4],"bounds_domain":[[0.0,1.0],[0.0,1.0],[0.25,0.5,0.75],[0.2,0.4,0.6,0.8]],"mean_value":[0.0],"samples_parameters":[[0.0,0.0,0.2788010931,0.2501317972,207.7551259993,0.2016059867],[0.0,0.0,0.278794549,0.2502075397,234.2913896947,0.2016432653],[0.0,0.0,0.2788446398,0.2500735458,211.810958759,0.2017879513],[0.0,0.0,0.2788405078,0.2501994249,195.9482485948,0.2017618007],[0.0,0.0,0.2790789617,0.2501969307,218.1158899573,0.2017077976],[0.0,0.0,0.2790265908,0.2500675932,143.3794209515,0.2016630546],[0.0,0.0,0.2787725895,0.2500841735,150.4286732455,0.2014402264],[0.0,0.0,0.2788919536,0.2502712252,195.9059703907,0.201831714],[0.0,0.0,0.2788826236,0.2500505256,131.0199798065,0.2013772707],[0.0,0.0,0.2789479597,0.2500752726,173.6619108265,0.2016076722],[0.0,0.0,0.2789232377,0.2501921796,187.2609924713,0.2015991923],[0.0,0.0,0.3915111427,0.2200267046,208.6600196865,0.2126852665],[0.0,0.0,0.3844399319,0.2080591088,225.7855579213,0.2110026232],[0.0,0.0,0.38424763,0.2080005847,173.9135744788,0.2114124195],[0.0,0.0,0.3842515213,0.2083019892,204.629757834,0.2111933495],[0.0,0.0,0.3842708041,0.2082131628,207.95932676,0.2112299878],[0.0,0.0,0.3843331822,0.2082272406,235.4835304791,0.211297743],[0.0,0.0,0.3844178389,0.2079654731,168.9953614952,0.2110247981],[0.0,0.0,0.384276805,0.2082547687,207.2439533437,0.2110536733],[0.0,0.0,0.3846664302,0.2079245703,194.2868185078,0.2112574567],[0.0,0.0,0.3844354956,0.2080712896,230.4988852207,0.2110863768],[0.0,0.0,0.5126897619,0.1923321321,239.7603554826,0.2111310468],[0.0,0.0,0.8393717549,0.1306506874,225.8318797682,0.2104710846],[0.0,0.0,0.8872280006,0.1268987899,213.7986321385,0.2078007345],[0.0,0.0,0.8916912235,0.1267125212,184.5802209615,0.2075100962],[0.0,0.0,0.8919215247,0.1265955085,147.5448576151,0.2075584558],[0.0,0.0,0.8905094522,0.1267991991,230.9892193734,0.2077453007],[0.0,0.0,0.8900089423,0.1267490053,172.4385386726,0.2076757942],[0.0,0.0,0.8904877174,0.1267371123,247.9690151823,0.2075725098],[0.0,0.0,0.8909157752,0.1266223026,237.8774215064,0.207809778],[0.0,0.0,0.8907092909,0.1267138779,206.3610995566,0.2076657721],[0.0,0.0,0.8711984849,0.127505547,163.1708765139,0.2069454777],[0.0,0.0,0.8658428756,0.1294059645,235.4256374679,0.2021517052],[0.0,0.0,0.8684837944,0.1292280621,202.5423591629,0.2021493333],[0.0,0.0,0.8665415726,0.1293298285,209.9590701056,0.2021081072],[0.0,0.0,0.8660406855,0.1294248697,245.1479763599,0.2020020215],[0.0,0.0,0.8668575038,0.1293743547,198.5034665661,0.202080345],[0.0,0.0,0.8680776336,0.1292817232,188.6001522533,0.2019950372],[0.0,0.0,0.8677507277,0.129266761,236.6283527124,0.2020853889],[0.0,0.0,0.8672660149,0.1293188838,169.7813769818,0.2020604338],[0.0,0.0,0.8672404449,0.1293929211,222.111341651,0.2020482582],[0.0,0.0,0.0104280617,602.2405262714,103.2449616819,0.1833818411],[0.0,0.0,0.141725458,0.3140227348,0.1939281228,8.6035528096],[0.0,0.0,0.1416938756,0.3079650246,0.1955174659,1.8754429428],[0.0,0.0,0.1416024212,0.3083857332,0.1954759273,2.0026687061],[0.0,0.0,0.141656654,0.3082514597,0.1954712023,2.1822489743],[0.0,0.0,0.1417122102,0.3079748585,0.1953944101,2.1806071041],[0.0,0.0,0.1416740343,0.3078589879,0.1955131162,2.1081042992],[0.0,0.0,0.1416528983,0.30824695,0.1955385765,1.99764281],[0.0,0.0,0.1415906247,0.3082173343,0.1956746287,2.0088767511],[0.0,0.0,0.1416318396,0.3084154766,0.1954955911,1.9946471157],[0.0,0.0,0.1412249139,0.3276353378,0.1934916972,102.1631016439],[0.0,0.0,0.1348021047,0.3441419563,0.1994201127,72.2561161537],[0.0,0.0,0.1346904867,0.3443853375,0.1995967181,121.4930450696],[0.0,0.0,0.1347675537,0.3441841364,0.1994581528,116.5252576734],[0.0,0.0,0.1347200657,0.3442712821,0.1995725473,185.0738190939],[0.0,0.0,0.1347748242,0.3441615435,0.1994945273,125.2679281078],[0.0,0.0,0.134680587,0.3446017536,0.1995616209,117.8523324901],[0.0,0.0,0.1347495572,0.3440464127,0.1995578571,94.8824135919],[0.0,0.0,0.1347016538,0.3441367783,0.1994985584,146.5810605073],[0.0,0.0,0.1347986629,0.3441224327,0.1994677829,97.4197432902],[0.0,0.0,0.2839388935,0.3691894166,0.1372425945,90.0017807015],[0.0,0.0,0.2527768686,0.2251920438,0.1605547456,0.2523634925],[0.0,0.0,0.2535506108,0.2201741377,0.1631787135,0.2415230341],[0.0,0.0,0.2535269634,0.2201565844,0.1632039867,0.2416662455],[0.0,0.0,0.2534957954,0.2201545664,0.1631982844,0.2419366767],[0.0,0.0,0.2535046619,0.2201800362,0.1631810914,0.2422091953],[0.0,0.0,0.253520441,0.2201374688,0.1631792284,0.242111818],[0.0,0.0,0.2535628061,0.2200830356,0.1632205619,0.2419459403],[0.0,0.0,0.2535397617,0.220119203,0.1632444791,0.2416113944],[0.0,0.0,0.2535432832,0.2201418173,0.1632218145,0.2419046441]],"thinning":10,"kernel_values":[1.0282875192,0.8706493207,0.589420439,0.6258573388],"type_kernel":["Matern52"],"training_data":{"evaluations":[1590.093786355,1696.7693284878,112.4374995941,2416.405142197,1856.5048308241,436.8562536627,205.2066509187,1056.8776299985,2440.9695806598,1644.4730992086,123.5222541039,576.2839808197],"points":[[0.015311741,0.3984459595,0.5,0.4],[0.2635383712,0.5873246412,0.25,0.6],[0.5578164203,0.4778389827,0.25,0.6],[0.9158230412,0.1028703514,0.5,0.2],[0.3870059672,0.9326119029,0.25,0.4],[0.9404290995,0.4446234478,0.5,0.2],[0.3550062208,0.2703177646,0.25,0.6],[0.1543045835,0.7958042617,0.5,0.4],[0.5677550898,0.3326895315,0.75,0.2],[0.0772236842,0.3115389441,0.25,0.4],[0.3962366861,0.0336660578,0.5,0.6],[0.0346867533,0.2040272363,0.75,0.8]],"var_noise":[]},"var_noise_value":[0.0],"n_burning":500,"same_correlation":true,"problem_name":"branin","data":{"evaluations":[1590.093786355,1696.7693284878,112.4374995941,2416.405142197,1856.5048308241,436.8562536627,205.2066509187,1056.8776299985,2440.9695806598,1644.4730992086,123.5222541039,576.2839808197,2385.2380974265,1635.7819784101,828.5053604769,12242.7230207707,1516.3454613455,7002.0489127734,14549.4463525625],"points":[[0.015311741,0.3984459595,0.5,0.4],[0.2635383712,0.5873246412,0.25,0.6],[0.5578164203,0.4778389827,0.25,0.6],[0.9158230412,0.1028703514,0.5,0.2],[0.3870059672,0.9326119029,0.25,0.4],[0.9404290995,0.4446234478,0.5,0.2],[0.3550062208,0.2703177646,0.25,0.6],[0.1543045835,0.7958042617,0.5,0.4],[0.5677550898,0.3326895315,0.75,0.2],[0.0772236842,0.3115389441,0.25,0.4],[0.3962366861,0.0336660578,0.5,0.6],[0.0346867533,0.2040272363,0.75,0.8],[1.0,1.0,0.75,0.2],[0.0,1.0,0.75,0.2],[0.0,0.0908476345,0.75,0.8],[0.7632183049,0.0,0.75,0.2],[0.1228382897,0.0,0.25,0.7371721067],[1.0,0.0,0.75,0.2],[1.0,1.0,0.75,0.8]],"var_noise":[]},"start_point_sampler":[0.0,0.0,0.2788010931,0.2501317972,207.7551259993,0.2016059867],"name_model":"gp_fitting_gaussian","training_name":"default_training_data_12_points_rs_518"}