{"type_bounds":[0,0,1,1],"max_steps_out":1000,"dimensions":[4],"bounds_domain":[[0.0,1.0],[0.0,1.0],[0.25,0.5,0.75],[0.2,0.4,0.6,0.8]],"mean_value":[0.0],"samples_parameters":[[0.0,0.0,0.1264724794,0.2391058305,0.1141241316,197.6861828341],[0.0,0.0,0.1264770046,0.2391508455,0.1143323787,165.9398241139],[0.0,0.0,0.1264855206,0.2391298897,0.1137903167,174.4764296295],[0.0,0.0,0.1265075546,0.2391079836,0.1143172288,168.4628862747],[0.0,0.0,0.1264969601,0.2391051362,0.1146491886,114.0874085427],[0.0,0.0,0.126518473,0.2390884619,0.1143610974,193.8788812031],[0.0,0.0,0.1265089571,0.239039861,0.1143744767,157.5950806162],[0.0,0.0,0.1265377216,0.239115788,0.113995878,107.4525372279],[0.0,0.0,0.1265047188,0.239243472,0.1140472053,156.6594100807],[0.0,0.0,0.1264934033,0.239057728,0.1142846646,147.8875917737],[0.0,0.0,0.126510731,0.2392278918,0.114015135,164.5030785237],[0.0,0.0,0.126517815,0.2367016153,0.1174719907,137.8893919486],[0.0,0.0,0.1265375349,0.2364217927,0.1172743252,137.1755022594],[0.0,0.0,0.1265617392,0.2362862301,0.1173975381,125.7296355909],[0.0,0.0,0.1265586607,0.2362627701,0.1174563802,95.2391501798],[0.0,0.0,0.1265676501,0.2362872989,0.1171604989,195.0464203681],[0.0,0.0,0.1265844397,0.2363039986,0.1171164827,157.1832119667],[0.0,0.0,0.1265326771,0.2362528597,0.1176863214,195.7823863342],[0.0,0.0,0.1265754319,0.23621266,0.1172140684,127.219554406],[0.0,0.0,0.1265525738,0.2363267718,0.1172735745,126.9881010723],[0.0,0.0,0.1265498605,0.2362556252,0.117129971,94.5114086414],[0.0,0.0,0.1274465951,0.2527385968,0.1027568685,121.416007708],[0.0,0.0,0.1270234628,0.249868592,0.106517044,183.6425286546],[0.0,0.0,0.1270663301,0.2498003545,0.1066722239,135.0909672396],[0.0,0.0,0.127069005,0.2497269948,0.1065965481,171.3661618093],[0.0,0.0,0.127047151,0.249863849,0.1064452729,191.059506775],[0.0,0.0,0.1270292553,0.2498363506,0.1063533835,195.4344132638],[0.0,0.0,0.1269985009,0.2497204196,0.1065015458,196.455763303],[0.0,0.0,0.1270448692,0.2498706495,0.1066035384,175.1636260695],[0.0,0.0,0.1270372188,0.2498178207,0.1065690813,169.5275216132],[0.0,0.0,0.127031043,0.2498357413,0.1067184832,123.5885225048],[0.0,0.0,0.127091904,0.2535111916,0.1065926125,34.7199094672],[0.0,0.0,0.1247159648,0.2551653669,0.1095540406,0.3710761187],[0.0,0.0,0.1246912519,0.2554046417,0.109475673,0.3710159924],[0.0,0.0,0.1247072456,0.2553265896,0.1096073229,0.3711891514],[0.0,0.0,0.1246598755,0.2553358791,0.109802732,0.3710627174],[0.0,0.0,0.1246876809,0.2554121952,0.109715672,0.3708296571],[0.0,0.0,0.1246980123,0.2553322356,0.1095816582,0.3708360093],[0.0,0.0,0.1246646482,0.2553632698,0.1097576878,0.3709371708],[0.0,0.0,0.1246736565,0.2553391136,0.1097720352,0.3712177259],[0.0,0.0,0.1247123316,0.2553403115,0.1099533705,0.3709652157],[0.0,0.0,0.4796924877,0.1245793103,0.1172743135,0.5777491471],[0.0,0.0,0.8510987188,0.1072005361,0.1245569473,0.4954037767],[0.0,0.0,0.8506993517,0.1071676659,0.1250908114,0.4955219696],[0.0,0.0,0.850357329,0.1071687445,0.12456529,0.4955968769],[0.0,0.0,0.8504519768,0.1071610746,0.1247121483,0.4956705604],[0.0,0.0,0.8505431459,0.1071758732,0.1246087623,0.4956697397],[0.0,0.0,0.8507527407,0.1071717962,0.1247285675,0.4956889227],[0.0,0.0,0.8504947561,0.1071425805,0.1244250352,0.4956631378],[0.0,0.0,0.8504927539,0.1071875302,0.1247944835,0.4956997838],[0.0,0.0,0.8503678115,0.107171702,0.1250157902,0.4957180551],[0.0,0.0,0.8505583542,0.1071722922,0.1251218057,0.4956027814],[0.0,0.0,0.8503176479,0.1071638411,0.1250676398,0.4956477385],[0.0,0.0,0.850759838,0.1071728716,0.125025407,0.4956926453],[0.0,0.0,0.8503938837,0.1071896592,0.1252716589,0.4957074831],[0.0,0.0,0.8504849364,0.1071638617,0.1256378887,0.495656481],[0.0,0.0,0.8505605163,0.1071909371,0.1249771117,0.4956027953],[0.0,0.0,0.8504136574,0.1071575487,0.1249865651,0.4954706654],[0.0,0.0,0.8504399231,0.107175244,0.1247127395,0.4956909897],[0.0,0.0,0.8504776082,0.1071744298,0.1253269995,0.4956663854],[0.0,0.0,0.8502390573,0.1071811528,0.124687168,0.495759344],[0.0,0.0,0.7291827274,0.1074107566,0.1297406647,0.4612293414],[0.0,0.0,0.8518481656,0.1043446073,0.1292907825,0.3756109534],[0.0,0.0,0.8519755957,0.1043335446,0.1286239119,0.3756383168],[0.0,0.0,0.8518095308,0.1043485481,0.1287408191,0.3756160893],[0.0,0.0,0.85170143,0.1043605087,0.1293658599,0.3756540685],[0.0,0.0,0.8516983341,0.1043592933,0.1285525322,0.3756100101],[0.0,0.0,0.8520633709,0.1043410895,0.1292169667,0.3755990179],[0.0,0.0,0.8522082024,0.1043440256,0.1288612592,0.3755438249],[0.0,0.0,0.8521682092,0.1043165862,0.1291056173,0.3755307866],[0.0,0.0,0.8516391728,0.1043446556,0.1292429345,0.3756474476],[0.0,0.0,0.8509135424,0.1043450891,0.1290574371,0.3756960806],[0.0,0.0,0.8519090591,0.1043663464,0.1291654019,0.3756557754],[0.0,0.0,0.8519198912,0.1043561385,0.1283751954,0.3756505267],[0.0,0.0,0.851897851,0.1043518217,0.1285882351,0.3754957753],[0.0,0.0,0.8518759181,0.1043450084,0.128976241,0.3755821825],[0.0,0.0,0.852065113,0.1043209248,0.1289563885,0.3755012949],[0.0,0.0,0.8519825572,0.1043526489,0.1287727317,0.3755989463],[0.0,0.0,0.8520117662,0.104342794,0.1295528439,0.3756312344],[0.0,0.0,0.8521593991,0.1043642034,0.1286917521,0.3757269125],[0.0,0.0,0.8520170761,0.1043454797,0.1291594927,0.3757013464],[0.0,0.0,0.8514137421,0.1043438841,0.0730000715,0.3757196578],[0.0,0.0,0.8519954455,0.1044284663,0.0970718203,0.3756156364],[0.0,0.0,0.851654487,0.1044367102,0.0967748452,0.3757368394],[0.0,0.0,0.8518309618,0.1044402859,0.0971559246,0.3757094088],[0.0,0.0,0.8521366593,0.1044502575,0.0969147195,0.3757432778],[0.0,0.0,0.8519920736,0.1044451077,0.0971378798,0.375666305],[0.0,0.0,0.8519337769,0.1044665119,0.0970992742,0.3756652084],[0.0,0.0,0.8519804875,0.1044461925,0.0969965324,0.3756881236],[0.0,0.0,0.8518712829,0.1044387112,0.0969623229,0.3755788201],[0.0,0.0,0.8520082641,0.1044200958,0.0970529669,0.3755363435],[0.0,0.0,0.8520799739,0.1043855487,0.1063992215,0.3757692772],[0.0,0.0,0.8523327598,0.1044351271,0.1021756656,0.3757723336],[0.0,0.0,0.8519394607,0.1044383515,0.1018563328,0.3757733724],[0.0,0.0,0.852046481,0.104422552,0.1021992486,0.3757992016],[0.0,0.0,0.8522875704,0.104448432,0.1020160923,0.3757381804],[0.0,0.0,0.8524844812,0.1044295918,0.1021598661,0.3757479383],[0.0,0.0,0.8522982333,0.1044501531,0.1021497186,0.3755895486],[0.0,0.0,0.8522396429,0.1044215677,0.1018793726,0.3757141891],[0.0,0.0,0.852204073,0.1044577313,0.1020629463,0.3758202101],[0.0,0.0,0.8520605345,0.1044217114,0.1019184716,0.3757340334],[0.0,0.0,0.829256255,0.1029181108,0.1019018959,0.371338413],[0.0,0.0,0.790531557,0.1004365551,0.1035020882,0.3646976812],[0.0,0.0,0.7913304477,0.1004095988,0.1039007007,0.3648732922],[0.0,0.0,0.790926027,0.1003849741,0.1040991288,0.3649978971],[0.0,0.0,0.7911141258,0.1004078867,0.1036178297,0.3649156142],[0.0,0.0,0.7910476545,0.1003942103,0.1035157223,0.3649568593],[0.0,0.0,0.7911818915,0.1003634831,0.1035206238,0.3649310459],[0.0,0.0,0.7912146527,0.1003856935,0.1037798451,0.3649094781],[0.0,0.0,0.7913171741,0.1003976626,0.1036809059,0.3649360726],[0.0,0.0,0.7912891744,0.100369547,0.1036570271,0.3649314557],[0.0,0.0,0.7909630257,0.1003892677,0.1035627281,0.3650432084],[0.0,0.0,0.7911005808,0.1003793485,0.1037644979,0.3649025176],[0.0,0.0,0.7912184621,0.1003668263,0.1033279896,0.3649560007],[0.0,0.0,0.7910539733,0.1004145935,0.1039090288,0.365064828],[0.0,0.0,0.7911367866,0.1003745384,0.1037165184,0.3649812092],[0.0,0.0,0.7906368761,0.1003788402,0.103562543,0.36507916],[0.0,0.0,0.791008017,0.1003792316,0.1036363868,0.3650472325],[0.0,0.0,0.7911864534,0.1003718056,0.1035727669,0.3649747819],[0.0,0.0,0.7911696261,0.1003810528,0.1038399362,0.3650052648],[0.0,0.0,0.7910755495,0.1003824898,0.1039313422,0.3649219982],[0.0,0.0,0.7911070385,0.1003959783,0.1039079732,0.3649553098],[0.0,0.0,0.7910901421,0.1003694657,0.1035374291,0.3649745739],[0.0,0.0,0.7911884578,0.1003939724,0.1039756328,0.3649027217],[0.0,0.0,0.7911383991,0.1003594116,0.1038978451,0.3649700882],[0.0,0.0,0.7906599493,0.1003892555,0.1038411839,0.3649999321],[0.0,0.0,