{"type_bounds":[0,0,1,1],"max_steps_out":1000,"dimensions":[4],"bounds_domain":[[0.0,1.0],[0.0,1.0],[0.25,0.5,0.75],[0.2,0.4,0.6,0.8]],"mean_value":[0.0],"samples_parameters":[[0.0,0.0,0.1907425131,0.2140067531,0.1650585782,0.1425747439],[0.0,0.0,0.1906338493,0.2135652763,0.1650747918,0.1427300369],[0.0,0.0,0.1905491605,0.2141229923,0.1651289961,0.1430094089],[0.0,0.0,0.190528267,0.2141077769,0.1650390211,0.1427285425],[0.0,0.0,0.1905643913,0.2137038427,0.1650929738,0.1428980395],[0.0,0.0,0.1906761516,0.2138140458,0.1650126467,0.1427446938],[0.0,0.0,0.1904903581,0.2138987804,0.1651152686,0.1428846805],[0.0,0.0,0.1905465825,0.2139920612,0.1650433035,0.143134676],[0.0,0.0,0.1905624923,0.2139050128,0.165076595,0.1426988382],[0.0,0.0,0.1905873928,0.213898961,0.1651313628,0.1429664927],[0.0,0.0,0.1908264048,0.2140634627,0.1650616424,0.142954461],[0.0,0.0,0.1755263854,0.8487541487,0.1563133193,0.3266075438],[0.0,0.0,0.0542961134,642.8875758484,0.2709248434,0.2356268076],[0.0,0.0,0.0543243207,472.8580689043,0.2706365611,0.235497394],[0.0,0.0,0.0543263184,942.6737230229,0.2707722828,0.2356799014],[0.0,0.0,0.0543255564,849.7818573675,0.2704870449,0.2355035165],[0.0,0.0,0.0542986977,196.9485895426,0.2704156038,0.2357133842],[0.0,0.0,0.0543011818,708.4045473389,0.2705776142,0.2356261045],[0.0,0.0,0.054301105,296.8212073377,0.2706349875,0.2355241681],[0.0,0.0,0.0543212159,918.1530696447,0.2704767912,0.235672213],[0.0,0.0,0.0543401733,400.753376022,0.2703946729,0.2353186118],[0.0,0.0,0.0543464294,501.5033617657,0.2712240685,0.2355482241],[0.0,0.0,0.054352092,533.8896243224,0.2707079304,0.2354476732],[0.0,0.0,0.0543516374,946.5854433338,0.2708064106,0.2355406237],[0.0,0.0,0.0543575183,466.8398803732,0.2706919608,0.2355239464],[0.0,0.0,0.0543776298,442.0946157453,0.2703229667,0.2354895745],[0.0,0.0,0.054397184,627.2793163023,0.2701890153,0.2356425723],[0.0,0.0,0.0543558397,744.9727643445,0.2706217967,0.2356449922],[0.0,0.0,0.0543739502,945.6976551973,0.2705686992,0.235667993],[0.0,0.0,0.0543315401,480.6923551891,0.2708928855,0.2357380586],[0.0,0.0,0.0543927237,953.6818148555,0.2699391908,0.2354959385],[0.0,0.0,0.0543751816,656.296948785,0.2754876388,0.2350726438],[0.0,0.0,0.0541512454,396.6467661143,0.2741533855,0.2353388692],[0.0,0.0,0.0541540094,374.912831366,0.2743540954,0.2353759659],[0.0,0.0,0.0541797058,441.6993168255,0.2740781699,0.2352658264],[0.0,0.0,0.0541842612,566.1366922426,0.2741427582,0.235424594],[0.0,0.0,0.0541733395,534.5908834417,0.2744356327,0.2353371377],[0.0,0.0,0.0541639682,962.2086326786,0.274309925,0.2354026153],[0.0,0.0,0.0541792402,736.767321644,0.2743169887,0.2353346552],[0.0,0.0,0.0541487522,895.8909780655,0.2744644539,0.2355935794],[0.0,0.0,0.0541588849,527.8375826048,0.2743528292,0.2353427842],[0.0,0.0,0.0674339577,35.178799056,0.2146124563,0.2367213782],[0.0,0.0,0.1109799393,0.7469098214,0.1800011092,0.2442684626],[0.0,0.0,0.1131396661,0.7233836209,0.1730071625,0.2465322771],[0.0,0.0,0.1131423193,0.723608331,0.172967674,0.2466146093],[0.0,0.0,0.1131404933,0.7231874669,0.1729263332,0.2466224178],[0.0,0.0,0.1131465831,0.7232342996,0.1729211213,0.2466593741],[0.0,0.0,0.1131449637,0.723932021,0.1729967088,0.2465759428],[0.0,0.0,0.1131288431,0.723506862,0.1730097764,0.2466197503],[0.0,0.0,0.1131178952,0.7239767196,0.172978226,0.2465859262],[0.0,0.0,0.1131069688,0.7241352997,0.1729724298,0.2466252131],[0.0,0.0,0.0373837083,894.7079957801,0.1635021869,0.2133725007],[0.0,0.0,0.0468873257,678.5973167249,0.3233981696,0.2307861093],[0.0,0.0,0.0468222696,482.0248163107,0.3270337004,0.2307006777],[0.0,0.0,0.046813611,770.1341644969,0.3273338756,0.2306548766],[0.0,0.0,0.0468133732,965.9542143125,0.3274060571,0.230725505],[0.0,0.0,0.0468236607,914.5051825739,0.3267667029,0.2306650381],[0.0,0.0,0.0468176902,889.6142388702,0.3272946636,0.2306245007],[0.0,0.0,0.0468133951,677.9202487322,0.3268356045,0.2306091749],[0.0,0.0,0.0468091748,597.4483847382,0.3270146129,0.230598132],[0.0,0.0,0.0468053563,969.2778984483,0.3269863029,0.2306546337]],"thinning":10,"kernel_values":[1.0952615325,0.9583336802,0.6858710562,0.7030178326],"type_kernel":["Matern52"],"training_data":{"evaluations":[265.0050367933,1982.6238498015,2029.1843244874,603.7040426648,8077.0891107307,7.7890100628,406.5260051123,391.5658126075,144.9154231123,163.3396673781,74.4308476158,1237.6663629699],"points":[[0.4776521491,0.0973039491,0.75,0.6],[0.9606924347,0.2714161349,0.75,0.8],[0.1123918463,0.6712804881,0.5,0.6],[0.1702500632,0.2161129547,0.5,0.2],[0.0457867366,0.6051535383,0.25,0.6],[0.1341364513,0.5469243166,0.75,0.2],[0.8171919204,0.1757829153,0.25,0.4],[0.4867229691,0.7499412332,0.25,0.6],[0.4062265973,0.6616731648,0.5,0.2],[0.9990356208,0.7810850083,0.25,0.4],[0.1638585478,0.0242126084,0.5,0.6],[0.4893756389,0.0676640398,0.75,0.8]],"var_noise":[]},"var_noise_value":[0.0],"n_burning":500,"same_correlation":true,"problem_name":"branin","data":{"evaluations":[265.0050367933,1982.6238498015,2029.1843244874,603.7040426648,8077.0891107307,7.7890100628,406.5260051123,391.5658126075,144.9154231123,163.3396673781,74.4308476158,1237.6663629699,3605.4173474831,703.9345927745,306.9544340227,15103.114045846,7944.1681142902,2940.4372389667],"points":[[0.4776521491,0.0973039491,0.75,0.6],[0.9606924347,0.2714161349,0.75,0.8],[0.1123918463,0.6712804881,0.5,0.6],[0.1702500632,0.2161129547,0.5,0.2],[0.0457867366,0.6051535383,0.25,0.6],[0.1341364513,0.5469243166,0.75,0.2],[0.8171919204,0.1757829153,0.25,0.4],[0.4867229691,0.7499412332,0.25,0.6],[0.4062265973,0.6616731648,0.5,0.2],[0.9990356208,0.7810850083,0.25,0.4],[0.1638585478,0.0242126084,0.5,0.6],[0.4893756389,0.0676640398,0.75,0.8],[0.0,0.0,0.25,0.8],[0.6560695724,0.6040720004,0.75,0.2],[0.2435530435,0.4460534446,0.75,0.2],[0.7365811113,0.7662486646,0.75,0.8],[0.5624630054,0.0245466501,0.75,0.2],[0.3228601595,0.1296347815,0.75,0.2]],"var_noise":[]},"start_point_sampler":[0.0,0.0,0.1907425131,0.2140067531,0.1650585782,0.1425747439],"name_model":"gp_fitting_gaussian","training_name":"default_training_data_12_points_rs_514"}