{"type_bounds":[0,0,1,1],"max_steps_out":1000,"dimensions":[4],"bounds_domain":[[0.0,1.0],[0.0,1.0],[0.25,0.5,0.75],[0.2,0.4,0.6,0.8]],"mean_value":[0.0],"samples_parameters":[[0.0,0.0,0.1617992764,0.198374236,248.9445650499,0.0895220222],[0.0,0.0,0.1618133933,0.1984136949,231.4208004874,0.0892503942],[0.0,0.0,0.1616736799,0.1984489291,178.6518775121,0.0894768359],[0.0,0.0,0.1618067357,0.1982356159,248.7038274635,0.0895680072],[0.0,0.0,0.1617840738,0.1983209528,206.5659934632,0.0893717975],[0.0,0.0,0.1616894902,0.1983255961,211.148273096,0.0890660451],[0.0,0.0,0.161924965,0.1984550294,214.439712636,0.08935036],[0.0,0.0,0.1617825503,0.1984058113,219.1115639484,0.0895065843],[0.0,0.0,0.1618805909,0.1982655481,233.6852397628,0.089208664],[0.0,0.0,0.1618320134,0.1984110769,248.9499052362,0.0894045745],[0.0,0.0,0.1618086315,0.1982799214,203.5233078842,0.0893077355],[0.0,0.0,0.0121385376,0.1973515987,168.0250087391,23.9856985409],[0.0,0.0,0.0077350676,536.9059188022,197.3464735718,118.5400035802],[0.0,0.0,0.0075991947,523.3071919596,194.5895208959,143.6904258205],[0.0,0.0,0.0076208131,1.7029127591,178.0265625446,192.9016599206],[0.0,0.0,0.0076279204,1.7088374743,201.5925281725,170.3470376214],[0.0,0.0,0.0076301747,1.6718539915,209.2563721698,104.6839925073],[0.0,0.0,0.0076302311,1.6419638311,124.2398948876,132.4267002319],[0.0,0.0,0.0076307227,1.7075802581,247.7215493146,187.2572228301],[0.0,0.0,0.0076333432,1.63772507,182.620683476,152.6024375508],[0.0,0.0,0.0076341493,1.6018730803,181.9767192311,189.828480611],[0.0,0.0,0.007633569,1.6755628195,121.1270522445,100.2223148075],[0.0,0.0,0.0076331968,1.6780634048,120.1713896564,82.6528032375],[0.0,0.0,0.0076303997,1.6580968115,130.7327230435,194.19726749],[0.0,0.0,0.0076310904,1.6524960804,115.5936975801,156.2052169801],[0.0,0.0,0.007629606,1.7163985841,146.2692991552,103.1300196728],[0.0,0.0,0.007631479,1.6560673604,215.2827394505,80.9913590952],[0.0,0.0,0.007629774,1.6614340365,183.4321347722,171.8018792945],[0.0,0.0,0.0076292296,1.6865430563,167.5039253229,166.1667701887],[0.0,0.0,0.007629934,1.6408572954,173.4564537383,138.8662077828],[0.0,0.0,0.0076294059,1.6633556341,188.2658387501,189.5245897871],[0.0,0.0,0.0076283442,1.6684645259,221.5865536662,176.2299758332],[0.0,0.0,0.0076298712,1.6752852847,190.1855981631,195.8572531289],[0.0,0.0,0.0076334425,1.6357505856,213.2412065068,134.8079847162],[0.0,0.0,0.0076280458,1.6704881949,141.6000609979,186.3317487009],[0.0,0.0,0.0076319157,1.6919045166,92.8507596474,132.2813072259],[0.0,0.0,0.0076306781,1.6786690497,159.4329512575,197.4164538817],[0.0,0.0,0.0076299998,1.6711222726,185.6163342234,155.4232130092],[0.0,0.0,0.007630176,1.6960039691,89.5932217701,145.2001684589],[0.0,0.0,0.0076270492,1.7173616332,216.0095899514,101.4993227615],[0.0,0.0,0.0076385391,1.6013284225,158.6234239898,144.9961316144],[0.0,0.0,0.0076363632,1.6601658885,178.7555421763,120.8208898788],[0.0,0.0,0.0076368945,1.5698689316,167.1810030559,146.1497954213],[0.0,0.0,0.0076341955,1.6333346828,155.209109339,89.8880598836],[0.0,0.0,0.007634599,1.6300708464,141.5512370408,135.2301961034],[0.0,0.0,0.007632387,1.7094235297,241.1524833437,142.8116016823],[0.0,0.0,0.0076355963,1.6307081182,202.0026420721,90.4183892578],[0.0,0.0,0.0076370988,1.6825468952,183.5608637876,184.5256039479],[0.0,0.0,0.0076343363,1.6381977583,88.5993119333,64.125137125],[0.0,0.0,0.0076299079,1.7059453941,233.2671779617,74.8347107103],[0.0,0.0,0.0076379311,1.5984314962,203.1345967847,108.3867827644],[0.0,0.0,0.0076397629,1.5873641101,231.7466479069,175.3960239041],[0.0,0.0,0.0076392242,1.6168272505,239.7066466531,119.7192263985],[0.0,0.0,0.0076394591,1.5718558834,245.9795310812,70.2173328428],[0.0,0.0,0.0076406642,1.5965298932,223.8750047824,159.386831422],[0.0,0.0,0.0076402271,1.5705586774,171.456354366,108.3764942249],[0.0,0.0,0.0076388956,1.5692203349,165.3806786568,80.2974610044],[0.0,0.0,0.0076398282,1.5826068419,246.8393632489,181.3544955601],[0.0,0.0,0.007636594,1.6650849427,159.5585017165,108.0798950818],[0.0,0.0,0.0076390475,1.615110538,214.1312273758,119.9028831065],[0.0,0.0,0.0076427935,1.583427868,152.3959123332,151.043940182],[0.0,0.0,0.0076410503,1.5904413581,129.528508074,155.830124013],[0.0,0.0,0.0076396689,1.5973840119,173.4391432623,188.9105781017],[0.0,0.0,0.0076406472,1.5813675766,215.9306930446,145.6979148394],[0.0,0.0,0.0076404169,1.5644334299,244.7922859189,186.6379612631],[0.0,0.0,0.0076404403,1.5686877211,200.7528517574,148.0835824258],[0.0,0.0,0.0076403107,1.6067048654,135.1326219071,192.8951092094],[0.0,0.0,0.0076419186,1.6025101003,240.7642172629,137.2865907425],[0.0,0.0,0.007638126,1.6025735878,211.1143476147,168.6870367729],[0.0,0.0,0.0076380514,1.5826970503,220.194571654,142.4383290049],[0.0,0.0,0.0076396677,1.5792147357,74.3229065383,126.7765838457],[0.0,0.0,0.0076217592,1.6258059111,7.9731351756,178.535876635],[0.0,0.0,0.0076425435,144.599889382,1.8122095767,169.5214898589],[0.0,0.0,0.0076436233,678.5984601458,1.7954509854,156.0729456714],[0.0,0.0,0.0076449543,83.3687576315,1.7936724875,166.5539709375],[0.0,0.0,0.0076433098,863.1154032311,1.8197819167,123.932382848],[0.0,0.0,0.00764519,577.3826332859,1.8107031732,159.5158706069],[0.0,0.0,0.0076469844,179.5714708105,1.8203346735,146.5384371409],[0.0,0.0,0.0076446929,649.4812460067,1.8043586395,142.1910958916],[0.0,0.0,0.0076469864,695.2177563845,1.7902900713,113.9516358896],[0.0,0.0,0.0076405169,297.8296262789,1.8328707675,195.8680898448],[0.0,0.0,0.0079880787,194.6634481778,0.532494408,168.1813122838],[0.0,0.0,0.0091403867,0.3860857303,0.6068871606,116.008316416],[0.0,0.0,0.008298296,0.4756125444,0.9035284118,166.3794322826],[0.0,0.0,0.0080495416,0.5396784559,1.1403655489,132.6051076752],[0.0,0.0,0.007935173,0.5664860749,1.3427291313,155.0996510799],[0.0,0.0,0.0079087861,0.5669579559,1.4050966849,192.3433651036],[0.0,0.0,0.0078964395,0.5704129936,1.4428342759,187.8301019745],[0.0,0.0,0.0078863723,0.5735891632,1.4657171558,139.0987893889],[0.0,0.0,0.0078915661,0.5723036113,1.453580571,150.3651193518],[0.0,0.0,0.0078877429,0.5724103587,1.4681938158,132.235898209],[0.0,0.0,0.0083575353,0.5348881897,0.9207375685,95.266777591],[0.0,0.0,0.009763695,0.3849883689,0.510752357,168.1582878789],[0.0,0.0,0.0853329994,0.321743002,0.2858115353,184.0274425071],[0.0,0.0,0.0856898354,0.3207571973,0.2847379417,199.1186294963],[0.0,0.0,0.0857337528,0.3205864002,0.2847477084,186.7973499211],[0.0,0.0,0.0857188682,0.3206837277,0.2846733843,185.6688865663],[0.0,0.0,0.0857118611,0.3206478734,0.2848378968,191.0401224905],[0.0,0.0,0.0857232892,0.320566248,0.2847174758,191.9493838169],[0.0,0.0,0.0857058244,0.3206222625,0.2848041754,196.5036066337],[0.0,0.0,0.0857382095,0.3206306537,0.284752804,193.3243050198],[0.0,0.0,0.085736635,0.32085986,0.2845521013,192.9998256813],[0.0,0.0,0.085746735,0.3208938615,0.2846134497,183.3276769082],[0.0,0.0,0.0857502726,0.3208489929,0.2847891693,186.3129003011],[0.0,0.0,0.0857328445,0.3210052501,0.2845428485,136.3663581184],[0.0,0.0,0.0857300102,0.3207349636,0.2847345046,185.3829702471],[0.0,0.0,0.0857521794,0.3207494745,0.2845621695,197.3420108402],[0.0,0.0,0.0857599302,0.3206347045,0.2847949622,191.7858717829],[0.0,0.0,0.0857492595,0.3208502731,0.2846415623,196.1740412263],[0.0,0.0,0.0857331489,0.3208057492,0.284665919,173.3557350342],[0.0,0.0,0.0857272849,0.320931054,0.2846770113,173.4309486192],[0.0,0.0,0.0856185743,0.3220786136,0.2840256171,186.0128041237],[0.0,0.0,0.0841373636,0.3363709006,0.2798306584,182.6309541667],[0.0,0.0,0.0841709626,0.3362624874,0.2797776368,198.2767140684],[0.0,0.0,0.0842232459,0.3362402117,0.2797521871,184.2513442215],[0.0,0.0,0.0842053974,0.3362967951,0.2799054633,153.0271408597],[0.0,0.0,0.0841639524,0.3362862192,0.2797857858,162.3005331088],[0.0,0.0,0.0841534215,0.3362552721,0.2797497769,187.5508338149],[0.0,0.0,0.0841398469,0.3364707112,0.2797028251,182.3793832283],[0.0,0.0,0.0841693972,0.3363165966,0.2798981381,172.4150763378],[0.0,0.0,0.0841677488,0.3363133435,0.2797441976,177.2038256853],[0.0,