{"type_bounds":[0,0,1,1],"max_steps_out":1000,"dimensions":[4],"bounds_domain":[[0.0,1.0],[0.0,1.0],[0.25,0.5,0.75],[0.2,0.4,0.6,0.8]],"mean_value":[0.0],"samples_parameters":[[0.0,0.0,0.4974194241,0.3243348068,243.6724113218,0.1609539117],[0.0,0.0,0.4975400068,0.3243546056,227.0563992466,0.1609727284],[0.0,0.0,0.4974488046,0.3244150154,217.9801362928,0.1611143329],[0.0,0.0,0.4973105463,0.3244146641,203.4923292575,0.1610854419],[0.0,0.0,0.4972856465,0.3242448388,239.9266033289,0.1610598665],[0.0,0.0,0.4972559681,0.3242534833,245.0049312754,0.1609775834],[0.0,0.0,0.4975096825,0.3243273042,208.8937031178,0.1609793671],[0.0,0.0,0.4973303775,0.3243028317,232.8887976276,0.1611143517],[0.0,0.0,0.4972615029,0.3243177407,233.4637208039,0.1610937969],[0.0,0.0,0.4975035231,0.3243656637,213.6904150928,0.1610884857],[0.0,0.0,0.4973234439,0.3243443142,246.329525062,0.1610262997],[0.0,0.0,0.3711950922,0.291537273,133.0009830107,0.1181708103],[0.0,0.0,0.5821292358,0.2415072998,0.3824123934,0.1355818689],[0.0,0.0,0.3838024416,0.3239671328,0.2161030672,0.1654537639],[0.0,0.0,0.3835683981,0.3240534267,0.2159059594,0.1655517994],[0.0,0.0,0.3837547945,0.3240899227,0.2158148474,0.1655916227],[0.0,0.0,0.3836315489,0.3240719079,0.2159537272,0.1654864552],[0.0,0.0,0.3836218359,0.3239791871,0.2160776121,0.1655390629],[0.0,0.0,0.3836186528,0.32417708,0.2159574977,0.1655284585],[0.0,0.0,0.3834643844,0.3241047589,0.2160161141,0.1655749842],[0.0,0.0,0.3835533198,0.324044626,0.2159339236,0.165497051],[0.0,0.0,0.3835056271,0.3411104621,0.2146757457,0.1670390742],[0.0,0.0,0.375753677,0.3366908523,0.2117879474,0.1623528578],[0.0,0.0,0.3755224556,0.3368355808,0.2117237376,0.1621889583],[0.0,0.0,0.3755412566,0.3367928098,0.2116709843,0.1622429384],[0.0,0.0,0.3755498982,0.3367651759,0.211704384,0.1621868879],[0.0,0.0,0.3754607229,0.3368137792,0.2116444279,0.1621170244],[0.0,0.0,0.3755632757,0.3368705639,0.2115977334,0.1622459931],[0.0,0.0,0.3755134551,0.336863039,0.2116544958,0.1622315515],[0.0,0.0,0.375609828,0.3367824873,0.2117602459,0.1622836127],[0.0,0.0,0.3754440575,0.3368652346,0.2117772262,0.1621073902],[0.0,0.0,0.9861528037,0.2410821951,0.229981246,0.1526707434],[0.0,0.0,1.2651774942,0.2186974013,0.4150450351,0.0801238306],[0.0,0.0,1.2660496766,0.2186713022,0.4153198178,0.0802779962],[0.0,0.0,1.2656368125,0.2186760555,0.4148678519,0.0802457428],[0.0,0.0,1.2656442977,0.2185884566,0.4150408694,0.0801310116],[0.0,0.0,1.2654258399,0.2187015493,0.4148795438,0.0801937719],[0.0,0.0,1.2655092668,0.2186959957,0.4152638881,0.0802380082],[0.0,0.0,1.2659322093,0.2186931328,0.4149036422,0.0800788171],[0.0,0.0,1.2656616163,0.2187236798,0.4148794438,0.0802251155],[0.0,0.0,1.2658428694,0.2186908557,0.4147854999,0.0801168992],[0.0,0.0,1.3684931997,0.3834306414,0.4020965778,0.082098115],[0.0,0.0,1.5808029686,0.3098973539,0.3381470208,0.0847729989],[0.0,0.0,1.5807328934,0.3099092186,0.3379826037,0.0847976533],[0.0,0.0,1.5803895711,0.3098904957,0.3380602682,0.0847714425],[0.0,0.0,1.5806729096,0.3098848008,0.3379950956,0.0848147678],[0.0,0.0,1.5811629183,0.3099093425,0.337964998,0.0846917816],[0.0,0.0,1.5805852448,0.3099213984,0.3380830513,0.0847321962],[0.0,0.0,1.5797336524,0.3098948744,0.3381505814,0.0847065572],[0.0,0.0,1.5803598357,0.3098515572,0.338001999,0.084881993],[0.0,0.0,1.5807408913,0.3098585547,0.3378731167,0.0846430568],[0.0,0.0,1.6166231498,0.3094374365,0.3413701529,0.084140878],[0.0,0.0,1.585280527,0.3096688214,0.3382759912,0.0715508119],[0.0,0.0,1.5848726997,0.3096641783,0.3380648122,0.0715579901],[0.0,0.0,1.5849000153,0.3096071545,0.3384073186,0.0715597162],[0.0,0.0,1.5852499817,0.3096926094,0.3382544569,0.0715207619],[0.0,0.0,1.5850674873,0.3096100671,0.3382948478,0.0715630879],[0.0,0.0,1.5850175634,0.3096691822,0.3383792827,0.0715901387],[0.0,0.0,1.5848335166,0.3096154842,0.3381247021,0.071592048],[0.0,0.0,1.5846777741,0.3096515103,0.3383199741,0.0715668769],[0.0,0.0,1.5845078905,0.3096331741,0.338254125,0.0715473289],[0.0,0.0,1.4850405056,0.3068271762,0.0871440347,0.0686791446],[0.0,0.0,1.5545617397,0.3088352059,0.213911226,0.0694515885],[0.0,0.0,1.5552711071,0.3088342179,0.213568117,0.0694537731],[0.0,0.0,1.5551825294,0.3088191756,0.2135774471,0.0694672146],[0.0,0.0,1.555210453,0.3088441274,0.2136958848,0.0694511108],[0.0,0.0,1.554956036,0.3088284611,0.213585306,0.0694526332],[0.0,0.0,1.5549721691,0.3088086203,0.2137031099,0.0694427418],[0.0,0.0,1.5550090636,0.3088600043,0.2136757098,0.0694598787],[0.0,0.0,1.5552365771,0.3088176786,0.2136108418,0.0694179274],[0.0,0.0,1.5549432369,0.3088473013,0.2136383102,0.0694479428]],"thinning":10,"kernel_values":[1.1720237138,0.7514030885,0.589420439,0.8058984911],"type_kernel":["Matern52"],"training_data":{"evaluations":[1628.6125656486,282.451333913,7480.6190158932,2246.4493465254,4250.1050512235,428.3032075365,2083.2033899854,220.6537338601,195.3828142237,976.6419925062,159.7417697982,11589.9347934112],"points":[[0.9927324809,0.4873054771,0.75,0.4],[0.2022274861,0.3090369618,0.75,0.2],[0.8264913984,0.5448724385,0.75,0.8],[0.6921711318,0.1708886991,0.75,0.8],[0.0044657558,0.2345579275,0.25,0.8],[0.4430056194,0.4188516225,0.5,0.4],[0.8895262217,0.1874338276,0.5,0.2],[0.205897256,0.1512011454,0.5,0.4],[0.1526812643,0.81871407,0.5,0.2],[0.2323647072,0.5394236219,0.25,0.4],[0.9300669155,0.195089368,0.5,0.6],[0.6230888438,0.736920946,0.75,0.8]],"var_noise":[]},"var_noise_value":[0.0],"n_burning":500,"same_correlation":true,"problem_name":"branin","data":{"evaluations":[1628.6125656486,282.451333913,7480.6190158932,2246.4493465254,4250.1050512235,428.3032075365,2083.2033899854,220.6537338601,195.3828142237,976.6419925062,159.7417697982,11589.9347934112,7002.0489127734,2385.2380974265,3833.7769967108,9977.9230279128,4494.3981356704,1682.7402136098,5557.6255910603],"points":[[0.9927324809,0.4873054771,0.75,0.4],[0.2022274861,0.3090369618,0.75,0.2],[0.8264913984,0.5448724385,0.75,0.8],[0.6921711318,0.1708886991,0.75,0.8],[0.0044657558,0.2345579275,0.25,0.8],[0.4430056194,0.4188516225,0.5,0.4],[0.8895262217,0.1874338276,0.5,0.2],[0.205897256,0.1512011454,0.5,0.4],[0.1526812643,0.81871407,0.5,0.2],[0.2323647072,0.5394236219,0.25,0.4],[0.9300669155,0.195089368,0.5,0.6],[0.6230888438,0.736920946,0.75,0.8],[1.0,0.0,0.75,0.2],[1.0,1.0,0.75,0.2],[0.0,0.0735310237,0.75,0.2],[0.0,1.0,0.75,0.8],[1.0,0.0749599072,0.75,0.2453328952],[1.0,0.0,0.4572658082,0.2],[0.0,0.0,0.7096690727,0.2]],"var_noise":[]},"start_point_sampler":[0.0,0.0,0.4974194241,0.3243348068,243.6724113218,0.1609539117],"name_model":"gp_fitting_gaussian","training_name":"default_training_data_12_points_rs_527"}