{"type_bounds":[0,0,1,1],"max_steps_out":1000,"dimensions":[4],"bounds_domain":[[0.0,1.0],[0.0,1.0],[0.25,0.5,0.75],[0.2,0.4,0.6,0.8]],"mean_value":[0.0],"samples_parameters":[[0.0,0.0,0.846748184,0.015344782,232.2467037889,190.8989819574],[0.0,0.0,0.845532542,0.0153437355,208.4326261385,181.9523825592],[0.0,0.0,0.8454698168,0.0153362548,178.775469228,199.2369959605],[0.0,0.0,0.8457005548,0.0153427228,228.34402777,192.6603728967],[0.0,0.0,0.8472264102,0.0153329916,233.3653571722,194.5341143716],[0.0,0.0,0.8461837935,0.0153408098,244.0498286722,187.0477939345],[0.0,0.0,0.8469511426,0.0153402723,213.1602178488,168.054006805],[0.0,0.0,0.8450041605,0.0153389506,228.8502620476,194.2260954067],[0.0,0.0,0.8450580377,0.0153402187,182.5369304766,185.4327380041],[0.0,0.0,0.8468004131,0.0153419061,247.2433179349,183.9092490257],[0.0,0.0,0.846381543,0.0153363606,193.6228734095,195.2446308645],[0.0,0.0,0.8467310398,0.0153380111,191.038851682,177.0489114224],[0.0,0.0,0.8463993625,0.0153407477,246.1500410176,199.1209981908],[0.0,0.0,0.845937591,0.0153436402,214.8174922345,169.4260538718],[0.0,0.0,0.8445112816,0.0153411372,231.3047720588,174.5154877756],[0.0,0.0,0.8457402085,0.0153340983,203.4146933154,167.6025352382],[0.0,0.0,0.847353129,0.0153467755,202.6871331989,184.7968759011],[0.0,0.0,0.8450634586,0.0153405731,221.9013115277,188.2490072227],[0.0,0.0,0.84612936,0.0153392546,243.3271956545,174.9448476515],[0.0,0.0,0.8466190801,0.0153439844,177.107696184,192.4793382653],[0.0,0.0,0.8467228833,0.0153389114,242.8396318839,195.7758667918],[0.0,0.0,0.846131615,0.015339466,212.5290534678,199.0674025877],[0.0,0.0,0.8460587616,0.0153384494,193.3686651859,180.2270859791],[0.0,0.0,0.845892381,0.0153507067,222.5013897091,198.2198972313],[0.0,0.0,0.8452764963,0.0153475262,223.5244100184,195.5800936451],[0.0,0.0,0.8449060042,0.0153505928,205.5758675648,174.477133738],[0.0,0.0,0.8464248247,0.0153399341,224.9424255847,175.4279543573],[0.0,0.0,0.8463791646,0.0153400978,190.9661571202,189.0777545426],[0.0,0.0,0.8450515349,0.0153371134,228.7215188857,173.572193416],[0.0,0.0,0.8451726661,0.0153382916,178.9465528257,185.9418415663],[0.0,0.0,0.8462714785,0.0153443434,222.5002181044,139.8031340945],[0.0,0.0,0.8449980454,0.0153553143,216.6793390364,182.5174900367],[0.0,0.0,0.8457192416,0.0153533659,216.4922192989,193.0247334943],[0.0,0.0,0.8459590111,0.0153506502,242.5672120543,182.2827305915],[0.0,0.0,0.8454111687,0.015353485,230.3756146166,197.495197285],[0.0,0.0,0.8443152689,0.0153534536,197.0096634659,177.5141961002],[0.0,0.0,0.8449479536,0.0153493984,246.2113454611,185.768727706],[0.0,0.0,0.8439080374,0.0153546942,238.5202254223,191.0643925676],[0.0,0.0,0.8459578184,0.0153515399,209.4939603799,172.5024859687],[0.0,0.0,0.8464884935,0.0153518124,229.6881873328,143.7813650539],[0.0,0.0,0.8468997949,0.0153487531,207.3438915661,179.6781326325],[0.0,0.0,0.6157788631,0.0153519622,53.0303507614,34.7750561812],[0.0,0.0,0.0136703942,0.100439488,18.6178781082,108.911561875],[0.0,0.0,0.012029356,0.110757532,2.4299886574,56.9507511124],[0.0,0.0,0.0084534065,0.5452584783,13.4111359821,3.1126817819],[0.0,0.0,0.0123048676,1.553299706,0.2656143869,162.188806328],[0.0,0.0,0.012477461,1.4600824989,0.2593697747,186.3401222104],[0.0,0.0,0.012489172,1.4486926219,0.2590437119,163.2514362439],[0.0,0.0,0.0124914186,1.444827523,0.2589202381,149.3389792596],[0.0,0.0,0.0124833171,1.4497789315,0.2592397676,150.3122050851],[0.0,0.0,0.0124850621,1.4513370368,0.2592437251,167.6516003533],[0.0,0.0,0.0125013777,1.3542881473,0.2593120383,157.700828287],[0.0,0.0,0.0125005375,1.3529097014,0.2591826152,165.7653460325],[0.0,0.0,0.0125028527,1.350135608,0.2590757399,159.0638472599],[0.0,0.0,0.0124967617,1.3530031471,0.2591801561,145.2032010844],[0.0,0.0,0.0124939176,1.3510293359,0.2594092168,150.0280052958],[0.0,0.0,0.012497895,1.3507640808,0.2590905808,164.0480280589],[0.0,0.0,0.0124953029,1.355676328,0.2592771024,184.7817214417],[0.0,0.0,0.0124954202,1.3501276881,0.2592970221,196.6240902794],[0.0,0.0,0.0124941258,1.3493880487,0.2592121095,198.6024893696],[0.0,0.0,0.0124959869,1.3509900348,0.2591961679,178.8719755459],[0.0,0.0,0.0129677376,1.3503216982,0.2593296681,182.1713487316],[0.0,0.0,0.0149364751,0.8613281134,0.2313493412,188.3282810548],[0.0,0.0,0.0248157045,0.4542436651,0.1965609491,190.6524898738],[0.0,0.0,0.0550549957,0.4369216517,0.1822608305,0.8443655523],[0.0,0.0,0.0629258519,0.4230733474,0.1840208287,0.6149370427],[0.0,0.0,0.062939535,0.4230998013,0.1839976987,0.6160368578],[0.0,0.0,0.0628927271,0.4228867609,0.1840134488,0.6157126833],[0.0,0.0,0.0628970552,0.4229061997,0.1840546962,0.6151519346],[0.0,0.0,0.0629183089,0.4230879195,0.1840092856,0.6159996236],[0.0,0.0,0.062876349,0.4228038999,0.1840363291,0.6159576468],[0.0,0.0,0.0729871465,0.4572289547,0.1769509529,11.9944624364],[0.0,0.0,0.0815251767,0.4724489716,0.1775394324,0.8205114986],[0.0,0.0,0.0814939473,0.4722668402,0.1775215482,0.820537677],[0.0,0.0,0.0815524895,0.4723203158,0.1775860443,0.820050379],[0.0,0.0,0.0815212539,0.4724200253,0.1775712128,0.8196493809],[0.0,0.0,0.0815702134,0.4724389008,0.1775302978,0.8205561],[0.0,0.0,0.0815193931,0.4725580946,0.1775207356,0.8198738862],[0.0,0.0,0.0815753023,0.4726976682,0.1775111612,0.8192201221],[0.0,0.0,0.0815578705,0.4721992642,0.1775850873,0.8198244395],[0.0,0.0,0.0815364713,0.4727378032,0.1774982911,0.8205975197],[0.0,0.0,0.0817670659,0.4718356366,0.177473266,0.7868740311],[0.0,0.0,0.0823988651,0.4711652779,0.1771401105,0.758583235],[0.0,0.0,0.0824484526,0.471492328,0.1770881605,0.7574491175],[0.0,0.0,0.0823989949,0.4712189367,0.1771629815,0.7584205565],[0.0,0.0,0.0824456111,0.4714814123,0.1770914854,0.7571988344],[0.0,0.0,0.0824252245,0.4717583297,0.1771424268,0.758600402],[0.0,0.0,0.0824190465,0.4715352479,0.1771812441,0.7588796872],[0.0,0.0,0.0824274165,0.4713819081,0.1771648867,0.7582377842],[0.0,0.0,0.0824007169,0.4715447454,0.1770915516,0.7581118911],[0.0,0.0,0.0823888316,0.4713109872,0.1771963637,0.7580219091],[0.0,0.0,0.0842148429,0.4711567204,0.1755994601,0.497404003],[0.0,0.0,0.0850216914,0.458109798,0.1750992311,0.5072984394],[0.0,0.0,0.0850018004,0.457990475,0.1751040494,0.5075294557],[0.0,0.0,0.0850601725,0.4583275483,0.1751140837,0.5076480379],[0.0,0.0,0.0850338052,0.4584184531,0.1751395161,0.5077022728],[0.0,0.0,0.0849960474,0.4584138149,0.1751040328,0.5076273065],[0.0,0.0,0.0849956842,0.4582424532,0.1751009983,0.5076120197],[0.0,0.0,0.0849918319,0.4582866045,0.1751548089,0.5075084247],[0.0,0.0,0.085029281,0.4581056263,0.1751821412,0.5074927303],[0.0,0.0,0.0850063425,0.4583120935,0.1750567148,0.5074836029]],"thinning":10,"kernel_values":[0.7962969775,0.9195400118,0.6001371742,0.7458847737],"type_kernel":["Matern52"],"training_data":{"evaluations":[128.7367839626,999.9154501929,976.5017876451,133.7839568365,535.7349607552,30.8364283558,2063.2508015509,2142.9059333357,7688.4294536079,48.8252476886,3207.7631489931,105.9234747408],"points":[[0.25617883,0.2681820821,0.5,0.6],[0.9077919263,0.5465732149,0.5,0.4],[0.380280573,0.4038043028,0.5,0.8],[0.5194768539,0.5956721499,0.25,0.6],[0.3809542263,0.5478698679,0.25,0.4],[0.5233280183,0.8257435961,0.25,0.2],[0.7065627076,0.0767227919,0.75,0.8],[0.7327548103,0.6147825532,0.25,0.8],[0.0777615628,0.107497003,0.25,0.2],[0.5260614,0.1404673902,0.25,0.4],[0.3715234066,0.8785198825,0.5,0.6],[0.1824614971,0.2226714198,0.75,0.8]],"var_noise":[]},"var_noise_value":[0.0],"n_burning":500,"same_correlation":true,"problem_name":"branin","data":{"evaluations":[128.7367839626,999.9154501929,976.5017876451,133.7839568365,535.7349607552,30.8364283558,2063.2508015509,2142.9059333357,7688.4294536079,48.8252476886,3207.7631489931,105.9234747408,920.3943063743,2654.1796205931,1087.7653167597,11215.9548538012,1843.4845803312,1592.0503028567,8583.7197735887,368.7868743455,104.2214623602,19346.2185174456],