{"type_bounds":[0,0,1,1],"max_steps_out":1000,"dimensions":[4],"bounds_domain":[[0.0,1.0],[0.0,1.0],[0.25,0.5,0.75],[0.2,0.4,0.6,0.8]],"mean_value":[0.0],"samples_parameters":[[0.0,0.0,0.3104659506,0.4284246897,0.2621432143,0.193619903],[0.0,0.0,0.3104098983,0.4282993924,0.262171881,0.1936049308],[0.0,0.0,0.3102270346,0.4282808289,0.2621485025,0.1937933824],[0.0,0.0,0.3101652284,0.4279700979,0.2623355077,0.1937857623],[0.0,0.0,0.3100010748,0.4282746619,0.2624287602,0.19377427],[0.0,0.0,0.3101002848,0.428249128,0.2621638484,0.1937085562],[0.0,0.0,0.3101518622,0.4283536846,0.2622604691,0.1937775982],[0.0,0.0,0.3102355216,0.4282777304,0.262160895,0.1937187977],[0.0,0.0,0.3102510801,0.4282975247,0.262309585,0.193682304],[0.0,0.0,0.3101954945,0.4281536081,0.2621863104,0.193776337],[0.0,0.0,0.3099708299,0.42826764,0.262302879,0.1937402443],[0.0,0.0,0.3791214429,0.2719149092,0.2126587429,0.2678826258],[0.0,0.0,0.4110979928,0.2960250884,0.1871537417,0.2961275703],[0.0,0.0,0.4110684622,0.2961753523,0.1870752445,0.2962701992],[0.0,0.0,0.4112343154,0.2959466532,0.1868167762,0.2963136444],[0.0,0.0,0.4113076453,0.2961529726,0.1870536914,0.2961382928],[0.0,0.0,0.4112173596,0.296165453,0.1868664743,0.296283856],[0.0,0.0,0.4109196632,0.2961655728,0.187006159,0.2962534916],[0.0,0.0,0.4108978593,0.296047009,0.1871055308,0.2961329867],[0.0,0.0,0.4110131148,0.2960572166,0.1870698013,0.2963024273],[0.0,0.0,0.410923922,0.2961550696,0.1870235217,0.2962495981],[0.0,0.0,0.4120766057,0.3020919273,0.1858095276,0.2960838572],[0.0,0.0,0.411955189,0.2993386224,0.1868463706,0.295668761],[0.0,0.0,0.4120498153,0.2993541282,0.1866166861,0.2957867782],[0.0,0.0,0.4122620553,0.29925342,0.1865339956,0.2956836943],[0.0,0.0,0.4118816327,0.2992283866,0.1868838892,0.295589196],[0.0,0.0,0.4120805755,0.2993400197,0.1866130858,0.2956758375],[0.0,0.0,0.4122304436,0.2993148271,0.1867679275,0.2956306631],[0.0,0.0,0.41209859,0.2992648805,0.186650611,0.2956715783],[0.0,0.0,0.412244351,0.2993691307,0.1867519484,0.2955107718],[0.0,0.0,0.4121775992,0.2993467146,0.1866985158,0.2955078926],[0.0,0.0,0.4496142209,0.2917530446,0.0859768536,0.2982801856],[0.0,0.0,0.4158290611,0.2989377318,0.1360568349,0.3022257167],[0.0,0.0,0.4153071518,0.2986425883,0.1360808441,0.3025762981],[0.0,0.0,0.415330685,0.2986922254,0.1360283181,0.3026872488],[0.0,0.0,0.4153957075,0.2987568744,0.1361001009,0.3025405415],[0.0,0.0,0.4152291739,0.2985963137,0.1360415499,0.3026215374],[0.0,0.0,0.4155498838,0.2986621555,0.1360910208,0.3025945304],[0.0,0.0,0.4155361622,0.2987782875,0.1360266275,0.3024910739],[0.0,0.0,0.4153473692,0.2986630455,0.1360280294,0.3026485065],[0.0,0.0,0.4152685711,0.298643128,0.1360935111,0.3025653442],[0.0,0.0,0.2816258224,0.1890273674,0.1086974147,0.3841304057],[0.0,0.0,0.3500047783,0.1828254155,0.1378217746,0.2943110703],[0.0,0.0,0.3505294443,0.1824952054,0.1378541961,0.2945938553],[0.0,0.0,0.3505415688,0.1825205876,0.1378439586,0.2946148758],[0.0,0.0,0.3506365248,0.1824476143,0.1378696527,0.2945731201],[0.0,0.0,0.350563915,0.1824736,0.1378221901,0.2946269369],[0.0,0.0,0.3505415793,0.1825002225,0.1378697114,0.2945202712],[0.0,0.0,0.3506072027,0.1824161195,0.1379197885,0.294668643],[0.0,0.0,0.3505110404,0.1824530285,0.1378661221,0.2944887291],[0.0,0.0,0.3505294395,0.1824396644,0.1378848896,0.2946484437],[0.0,0.0,0.3904238317,0.1529967104,0.2804662597,0.2992176776],[0.0,0.0,0.3831611018,0.0907272841,0.22538225,0.4371590564],[0.0,0.0,0.3825663885,0.0862600102,0.2198254586,0.4609668946],[0.0,0.0,0.3824281076,0.084619091,0.2173131723,0.4765777676],[0.0,0.0,0.3822379951,0.0839117634,0.2159764504,0.4865350113],[0.0,0.0,0.3823236151,0.0833625588,0.215210939,0.4917235722],[0.0,0.0,0.3823390738,0.0830297986,0.2147421593,0.4956772292],[0.0,0.0,0.3823819475,0.0828253045,0.2144593318,0.4975931914],[0.0,0.0,0.3822427838,0.0826133026,0.2141265225,0.5007392959],[0.0,0.0,0.3822304528,0.0823405017,0.2137079915,0.5039834414],[0.0,0.0,0.3832561473,0.0823339602,0.2137301154,0.504137906],[0.0,0.0,0.3831555104,0.0826028927,0.2140959594,0.5009469681],[0.0,0.0,0.3832156399,0.0826738034,0.2142371463,0.4997907609],[0.0,0.0,0.3832139729,0.082751473,0.2143604037,0.4988402798],[0.0,0.0,0.383241259,0.082788997,0.2144475089,0.4981461129],[0.0,0.0,0.3831951529,0.0828277178,0.2144659226,0.4978286074],[0.0,0.0,0.3832058422,0.0828170245,0.2144613539,0.4977620413],[0.0,0.0,0.3832348476,0.0828459237,0.2144902945,0.4976564945],[0.0,0.0,0.3832367367,0.0828963203,0.2145930169,0.4968714549],[0.0,0.0,0.3832271947,0.0829200465,0.2146220306,0.4966233159],[0.0,0.0,0.163450516,0.0921517458,0.2175772372,0.4642790709],[0.0,0.0,0.1232413627,0.1264398523,0.2094322245,0.5763035455],[0.0,0.0,0.1183997745,0.126116382,0.1996010845,0.8260026768],[0.0,0.0,0.1158499612,0.1255858201,0.1946505144,1.1806896419],[0.0,0.0,0.1143367891,0.1256479876,0.1919704719,2.0002015545],[0.0,0.0,0.1138319883,0.1254752995,0.1899158081,191.6404858203],[0.0,0.0,0.113770151,0.1255478664,0.1899308926,162.8713063258],[0.0,0.0,0.1137985142,0.1255854611,0.1899235637,186.0043939024],[0.0,0.0,0.1137869264,0.1255294908,0.1899074019,153.2631866797],[0.0,0.0,0.1137901691,0.1255291436,0.1899211435,169.4438651104]],"thinning":10,"kernel_values":[1.0087096937,0.6248395437,0.4286694102,0.7544581619],"type_kernel":["Matern52"],"training_data":{"evaluations":[320.7099993052,5013.9923817394,1211.5969176935,367.8783473798,2202.1395769176,1887.5915279439,416.3922044458,584.3338113425,300.9537891478,39.2643395106,4123.9970786282,3168.3745240057],"points":[[0.6184754395,0.5580969875,0.5,0.2],[0.6661821278,0.9073928588,0.5,0.4],[0.1412746577,0.7837322571,0.5,0.4],[0.5772888703,0.5759561988,0.25,0.8],[0.9694871561,0.6444853115,0.5,0.8],[0.5782379197,0.465414764,0.75,0.4],[0.1916617812,0.3813373243,0.5,0.8],[0.256988727,0.5211264559,0.5,0.6],[0.383031288,0.8178272484,0.5,0.2],[0.9997452899,0.3541423576,0.25,0.4],[0.8301664045,0.6928557951,0.5,0.6],[0.9062718029,0.3568721484,0.75,0.8]],"var_noise":[]},"var_noise_value":[0.0],"n_burning":500,"same_correlation":true,"problem_name":"branin","data":{"evaluations":[320.7099993052,5013.9923817394,1211.5969176935,367.8783473798,2202.1395769176,1887.5915279439,416.3922044458,584.3338113425,300.9537891478,39.2643395106,4123.9970786282,3168.3745240057,5036.7131607593,1304.9221270438,626.6065711854,40199.2005412939,19216.8170199225,2330.7198662942,712.0801130376,23939.7882453743],"points":[[0.6184754395,0.5580969875,0.5,0.2],[0.6661821278,0.9073928588,0.5,0.4],[0.1412746577,0.7837322571,0.5,0.4],[0.5772888703,0.5759561988,0.25,0.8],[0.9694871561,0.6444853115,0.5,0.8],[0.5782379197,0.465414764,0.75,0.4],[0.1916617812,0.3813373243,0.5,0.8],[0.256988727,0.5211264559,0.5,0.6],[0.383031288,0.8178272484,0.5,0.2],[0.9997452899,0.3541423576,0.25,0.4],[0.8301664045,0.6928557951,0.5,0.6],[0.9062718029,0.3568721484,0.75,0.8],[1.0,1.0,0.5148359394,0.8],[1.0,0.0,0.75,0.8],[1.0,1.0,0.2691485688,0.8],[0.0,1.0,0.25,0.8],[0.0,1.0,0.4570129994,0.5377511867],[0.0,0.0,0.4395784628,0.8],[0.3309033604,1.0,0.328191563,0.2],[0.0,1.0,0.4513470718,0.6531178052]],"var_noise":[]},"start_point_sampler":[0.0,0.0,0.3104659506,0.4284246897,0.2621432143,0.193619903],"name_model":"gp_fitting_gaussian","training_name":"default_training_data_12_points_rs_519"}