{"type_bounds":[0,0,1,1],"max_steps_out":1000,"dimensions":[4],"bounds_domain":[[0.0,1.0],[0.0,1.0],[0.25,0.5,0.75],[0.2,0.4,0.6,0.8]],"mean_value":[0.0],"samples_parameters":[[0.0,0.0,0.1907425131,0.2140067531,0.1650585782,0.1425747439],[0.0,0.0,0.1906338493,0.2135652763,0.1650747918,0.1427300369],[0.0,0.0,0.1905491605,0.2141229923,0.1651289961,0.1430094089],[0.0,0.0,0.190528267,0.2141077769,0.1650390211,0.1427285425],[0.0,0.0,0.1905643913,0.2137038427,0.1650929738,0.1428980395],[0.0,0.0,0.1906761516,0.2138140458,0.1650126467,0.1427446938],[0.0,0.0,0.1904903581,0.2138987804,0.1651152686,0.1428846805],[0.0,0.0,0.1905465825,0.2139920612,0.1650433035,0.143134676],[0.0,0.0,0.1905624923,0.2139050128,0.165076595,0.1426988382],[0.0,0.0,0.1905873928,0.213898961,0.1651313628,0.1429664927],[0.0,0.0,0.1908264048,0.2140634627,0.1650616424,0.142954461],[0.0,0.0,0.1755263854,0.8487541487,0.1563133193,0.3266075438],[0.0,0.0,0.0542961134,642.8875758484,0.2709248434,0.2356268076],[0.0,0.0,0.0543243207,472.8580689043,0.2706365611,0.235497394],[0.0,0.0,0.0543263184,942.6737230229,0.2707722828,0.2356799014],[0.0,0.0,0.0543255564,849.7818573675,0.2704870449,0.2355035165],[0.0,0.0,0.0542986977,196.9485895426,0.2704156038,0.2357133842],[0.0,0.0,0.0543011818,708.4045473389,0.2705776142,0.2356261045],[0.0,0.0,0.054301105,296.8212073377,0.2706349875,0.2355241681],[0.0,0.0,0.0543212159,918.1530696447,0.2704767912,0.235672213],[0.0,0.0,0.0543401733,400.753376022,0.2703946729,0.2353186118],[0.0,0.0,0.0543464294,501.5033617657,0.2712240685,0.2355482241],[0.0,0.0,0.054352092,533.8896243224,0.2707079304,0.2354476732],[0.0,0.0,0.0543516374,946.5854433338,0.2708064106,0.2355406237],[0.0,0.0,0.0543575183,466.8398803732,0.2706919608,0.2355239464],[0.0,0.0,0.0543776298,442.0946157453,0.2703229667,0.2354895745],[0.0,0.0,0.054397184,627.2793163023,0.2701890153,0.2356425723],[0.0,0.0,0.0543558397,744.9727643445,0.2706217967,0.2356449922],[0.0,0.0,0.0543739502,945.6976551973,0.2705686992,0.235667993],[0.0,0.0,0.0543315401,480.6923551891,0.2708928855,0.2357380586],[0.0,0.0,0.0543927237,953.6818148555,0.2699391908,0.2354959385],[0.0,0.0,0.0543751816,656.296948785,0.2754876388,0.2350726438],[0.0,0.0,0.0541512454,396.6467661143,0.2741533855,0.2353388692],[0.0,0.0,0.0541540094,374.912831366,0.2743540954,0.2353759659],[0.0,0.0,0.0541797058,441.6993168255,0.2740781699,0.2352658264],[0.0,0.0,0.0541842612,566.1366922426,0.2741427582,0.235424594],[0.0,0.0,0.0541733395,534.5908834417,0.2744356327,0.2353371377],[0.0,0.0,0.0541639682,962.2086326786,0.274309925,0.2354026153],[0.0,0.0,0.0541792402,736.767321644,0.2743169887,0.2353346552],[0.0,0.0,0.0541487522,895.8909780655,0.2744644539,0.2355935794],[0.0,0.0,0.0541588849,527.8375826048,0.2743528292,0.2353427842],[0.0,0.0,0.0674339577,35.178799056,0.2146124563,0.2367213782],[0.0,0.0,0.1109799393,0.7469098214,0.1800011092,0.2442684626],[0.0,0.0,0.1131396661,0.7233836209,0.1730071625,0.2465322771],[0.0,0.0,0.1131423193,0.723608331,0.172967674,0.2466146093],[0.0,0.0,0.1131404933,0.7231874669,0.1729263332,0.2466224178],[0.0,0.0,0.1131465831,0.7232342996,0.1729211213,0.2466593741],[0.0,0.0,0.1131449637,0.723932021,0.1729967088,0.2465759428],[0.0,0.0,0.1131288431,0.723506862,0.1730097764,0.2466197503],[0.0,0.0,0.1131178952,0.7239767196,0.172978226,0.2465859262],[0.0,0.0,0.1131069688,0.7241352997,0.1729724298,0.2466252131],[0.0,0.0,0.0373837083,894.7079957801,0.1635021869,0.2133725007],[0.0,0.0,0.0468873257,678.5973167249,0.3233981696,0.2307861093],[0.0,0.0,0.0468222696,482.0248163107,0.3270337004,0.2307006777],[0.0,0.0,0.046813611,770.1341644969,0.3273338756,0.2306548766],[0.0,0.0,0.0468133732,965.9542143125,0.3274060571,0.230725505],[0.0,0.0,0.0468236607,914.5051825739,0.3267667029,0.2306650381],[0.0,0.0,0.0468176902,889.6142388702,0.3272946636,0.2306245007],[0.0,0.0,0.0468133951,677.9202487322,0.3268356045,0.2306091749],[0.0,0.0,0.0468091748,597.4483847382,0.3270146129,0.230598132],[0.0,0.0,0.0468053563,969.2778984483,0.3269863029,0.2306546337],[0.0,0.0,0.0455697955,527.3223160606,0.3191844021,0.2381093993],[0.0,0.0,0.0447184056,834.6702582327,0.3262765155,0.2441020691],[0.0,0.0,0.0447330349,937.039112778,0.3261775918,0.2440136366],[0.0,0.0,0.0447125221,808.7552546906,0.3258262569,0.2441601653],[0.0,0.0,0.0447605542,849.9150644345,0.3255458667,0.2439678416],[0.0,0.0,0.0447435692,789.3336010748,0.3258764102,0.2438904088],[0.0,0.0,0.0447409831,685.2475758776,0.3256681921,0.2440332059],[0.0,0.0,0.0447335481,501.1128021206,0.3259091265,0.2439823795],[0.0,0.0,0.0447231669,842.2980168291,0.3258780239,0.2439962614],[0.0,0.0,0.0447194054,979.5517408869,0.3260111029,0.2441071251],[0.0,0.0,0.0447811591,808.9689027147,0.3124502497,0.2442845824],[0.0,0.0,0.0450146984,702.0691615881,0.2983621077,0.2442091303],[0.0,0.0,0.0450163623,583.8446277159,0.2979258988,0.2440522658],[0.0,0.0,0.0450375707,915.8068167917,0.2981547931,0.2442170503],[0.0,0.0,0.0450260143,627.6794978812,0.2981823689,0.2441127017],[0.0,0.0,0.0450386254,350.0308251354,0.2982658206,0.244076776],[0.0,0.0,0.0450380335,931.9862486433,0.2984611089,0.2440455695],[0.0,0.0,0.0450429368,818.7770536441,0.2979994013,0.2440358612],[0.0,0.0,0.0450348309,820.3176330385,0.2984002343,0.2440141041],[0.0,0.0,0.0450215032,876.1579444579,0.2984984468,0.2442350952],[0.0,0.0,0.0090106481,2.8441772242,0.9153288557,0.206898233],[0.0,0.0,0.0192586396,0.5806880026,1.0333006029,0.2800765915],[0.0,0.0,0.022777401,0.4054489941,0.5091020031,0.3054839131],[0.0,0.0,0.0507998441,0.2889328187,0.2863321788,0.212867667],[0.0,0.0,0.1986510088,0.2724588592,0.1555958338,0.1545292379],[0.0,0.0,0.1986866595,0.2723400857,0.1555736678,0.154527779],[0.0,0.0,0.1986694076,0.2723248668,0.1555323827,0.154589549],[0.0,0.0,0.198723388,0.2723475501,0.1554618946,0.1544731144],[0.0,0.0,0.1987139415,0.2723560229,0.1555345597,0.1544058176],[0.0,0.0,0.1987765451,0.2723574832,0.1555509444,0.1544555471],[0.0,0.0,0.198712767,0.2723586671,0.1556150374,0.1545017073],[0.0,0.0,0.19870215,0.2723477817,0.1557536466,0.1544110017],[0.0,0.0,0.1986730003,0.2723419914,0.1558071841,0.1544266884],[0.0,0.0,0.1986937954,0.2723431389,0.1558126955,0.1544849519],[0.0,0.0,0.1987138639,0.2723438821,0.1557023884,0.1545911082],[0.0,0.0,0.198612027,0.2723426531,0.1558109075,0.1543094116],[0.0,0.0,0.1986606799,0.272331447,0.155827715,0.1544547387],[0.0,0.0,0.1986456953,0.2722999979,0.1557984216,0.1543149608],[0.0,0.0,0.1986490123,0.2723345423,0.1558056662,0.1544570282],[0.0,0.0,0.1987264051,0.2723689395,0.1558073605,0.1544597557],[0.0,0.0,0.092215996,0.2741194735,0.1392496852,0.1539958668],[0.0,0.0,0.0367974295,0.3174789684,20.9087702582,0.4346423031],[0.0,0.0,0.0378005958,0.3129049447,0.9347799618,0.4322390625],[0.0,0.0,0.0378134598,0.3128652743,0.9333284979,0.4323761727],[0.0,0.0,0.0378077695,0.3128791113,0.9314793946,0.4323631022],[0.0,0.0,0.0378141397,0.3128840672,0.9315662004,0.4323316439],[0.0,0.0,0.037817832,0.3128684391,0.9325636642,0.4323186526],[0.0,0.0,0.0378043089,0.3128862858,0.9317824562,0.4323014058],[0.0,0.0,0.0378100623,0.3128771321,0.9319362475,0.4322402672],[0.0,0.0,0.0378093704,0.3128664061,0.9309323958,0.4323413497]],"thinning":10,"kernel_values":[1.0952615325,0.9583336802,0.6858710562,0.7030178326],"type_kernel":["Matern52"],"training_data":{"evaluations":[265.0050367933,1982.6238498015,2029.1843244874,603.7040426648,8077.0891107307,7.7890100628,406.5260051123,391.5658126075,144.9154231123,163.3396673781,74.4308476158,1237.6663629699],"points":[[0.4776521491,0.0973039491,0.75,0.6],[0.9606924347,0.2714161349,0.75,0.8],[0.1123918463,0.6712804881,0.5,0.6],[0.1702500632,0.2161129547,0.5,0.2],[0.0457867366,0.6051535383,0.25,0.6],[0.1341364513,0.5469243166,0.75,0.2],[0.8171919204,0.1757829153,0.25,0.4],[0.4867229691,0.7499412332,0.25,0.6],[0.4062265973,0.6616731648,0.5,0.2],[0.9990356208,0.7810850083,0.25,0.4],[0.1638585478,0.0242126084,0.5,0.6],[0.4893756389,0.0676640398,0.75,0.8]],"var_noise":[]},"var_noise_value":[0.0],"n_burning":500,"same_correlation":true,