{"type_bounds":[0,0,1,1],"max_steps_out":1000,"dimensions":[4],"bounds_domain":[[0.0,1.0],[0.0,1.0],[0.25,0.5,0.75],[0.2,0.4,0.6,0.8]],"mean_value":[0.0],"samples_parameters":[[0.0,0.0,0.9737814496,0.2380811675,0.2641936675,0.2468007689],[0.0,0.0,0.9748405893,0.2380262831,0.2642088024,0.246820007],[0.0,0.0,0.9750507384,0.2382552025,0.2639861131,0.2469299051],[0.0,0.0,0.9742133249,0.2378378526,0.2640408598,0.2469052308],[0.0,0.0,0.9740474371,0.2380931963,0.2642780603,0.2468187173],[0.0,0.0,0.9738788525,0.2380823826,0.2642264566,0.2469112107],[0.0,0.0,0.9738956947,0.2380752579,0.2641438351,0.2467729127],[0.0,0.0,0.9747453407,0.2381185477,0.2642043601,0.2469407982],[0.0,0.0,0.9763284495,0.2383008695,0.2640404003,0.2468538718],[0.0,0.0,0.9739763725,0.2381324867,0.2639685363,0.2469337878],[0.0,0.0,0.9739688753,0.2379750705,0.2640840875,0.2469433869],[0.0,0.0,0.406770398,0.2292418201,0.2951260714,0.2175315188],[0.0,0.0,0.480374964,0.211454432,0.3007808968,0.2463505028],[0.0,0.0,0.481746083,0.2114499293,0.3007569445,0.2456715149],[0.0,0.0,0.4821198831,0.2114663931,0.3006169226,0.245755423],[0.0,0.0,0.4820075254,0.2113141198,0.3008401171,0.2457056307],[0.0,0.0,0.4820904802,0.2114473479,0.3008328209,0.2456661193],[0.0,0.0,0.482234561,0.211473346,0.3004713178,0.2457069059],[0.0,0.0,0.481857396,0.2114798869,0.3008113596,0.2458043567],[0.0,0.0,0.4824016343,0.2113324022,0.3009347365,0.2456883199],[0.0,0.0,0.4826349508,0.2114016323,0.3007150965,0.2455139531],[0.0,0.0,0.4817835118,0.2112756918,0.3011237347,0.2456032759],[0.0,0.0,0.473894985,0.2115782941,0.3010517157,0.2467051701],[0.0,0.0,0.4735920435,0.2116717958,0.3009925781,0.2466979315],[0.0,0.0,0.4736300391,0.2116104715,0.3010462006,0.24671272],[0.0,0.0,0.4732656533,0.2116003069,0.3010860942,0.246731913],[0.0,0.0,0.4731028277,0.2116567011,0.3012310902,0.2468990584],[0.0,0.0,0.4735749895,0.2116656514,0.3011857875,0.2468981606],[0.0,0.0,0.4736853809,0.2117690706,0.3009728276,0.2467614176],[0.0,0.0,0.4736175734,0.2117293002,0.3010336359,0.2466764845],[0.0,0.0,0.4733462467,0.2116955193,0.3009757816,0.2468131459],[0.0,0.0,0.4776071239,0.1980117983,0.2951932622,0.2462111623],[0.0,0.0,0.487296208,0.1980410434,0.298377024,0.2439211061],[0.0,0.0,0.4866699681,0.1980923808,0.2985199419,0.2439061898],[0.0,0.0,0.4871645986,0.1979468004,0.2985333436,0.243987749],[0.0,0.0,0.4867721518,0.1981292031,0.2984305098,0.2439997955],[0.0,0.0,0.4869369532,0.1981830289,0.2984484399,0.2439511393],[0.0,0.0,0.4869372536,0.198231318,0.2987455714,0.2438645819],[0.0,0.0,0.4871664822,0.198176883,0.2985325582,0.2438469413],[0.0,0.0,0.4867135861,0.1981383567,0.2985980284,0.2440175401],[0.0,0.0,0.4873562009,0.1981094848,0.2982886299,0.2439044897],[0.0,0.0,0.4870070275,0.1973908079,0.2983853478,0.2460115008],[0.0,0.0,0.4888777299,0.1958249928,0.2987007101,0.2456005108],[0.0,0.0,0.4890889423,0.1956689163,0.2987987501,0.2456888604],[0.0,0.0,0.4883833598,0.1956302774,0.2987997519,0.2457384069],[0.0,0.0,0.4880697975,0.1956735124,0.2987738426,0.2457758156],[0.0,0.0,0.4885805238,0.1957246428,0.2987838325,0.2457747696],[0.0,0.0,0.4887547459,0.1957240303,0.2990232563,0.2457304057],[0.0,0.0,0.4884032241,0.195902163,0.2988442265,0.245594366],[0.0,0.0,0.4881221039,0.1957158008,0.2988170921,0.2458223977],[0.0,0.0,0.488277534,0.1956861842,0.2986961703,0.2457980267],[0.0,0.0,0.4664141812,0.1929145515,0.2946092585,0.2441271067],[0.0,0.0,0.4247430284,0.1939019699,0.2997065346,0.2542934065],[0.0,0.0,0.4245411567,0.1938187273,0.3000432888,0.2542434817],[0.0,0.0,0.4244852032,0.1937563522,0.2997138362,0.2540371531],[0.0,0.0,0.4244001849,0.1939362973,0.2999339188,0.2541498025],[0.0,0.0,0.4244167681,0.1938641006,0.2997742782,0.2543430506],[0.0,0.0,0.4245508473,0.1938882665,0.29994918,0.2541907396],[0.0,0.0,0.4246082676,0.1938241212,0.299927574,0.2540167465],[0.0,0.0,0.4242801201,0.1940233472,0.2998570135,0.2542704924],[0.0,0.0,0.4241258747,0.1938446448,0.2999922518,0.2542862573],[0.0,0.0,0.2031088655,0.1908570388,0.2331403516,0.2330236909],[0.0,0.0,0.1425203758,0.1560445508,0.3209049127,0.4590789916],[0.0,0.0,0.1426189259,0.1559211385,0.3205983985,0.4592317789],[0.0,0.0,0.1424762701,0.1560269426,0.3206777086,0.4593840579],[0.0,0.0,0.1425137609,0.1559559071,0.3205804941,0.4594905902],[0.0,0.0,0.1424887694,0.1559281375,0.3210686973,0.4596148728],[0.0,0.0,0.1425816969,0.155874685,0.320794433,0.4595055597],[0.0,0.0,0.1425564619,0.1558901181,0.3206997678,0.4591399346],[0.0,0.0,0.1425149465,0.155985032,0.3208353895,0.4598952634],[0.0,0.0,0.1426749669,0.1558944152,0.3208100469,0.4589412256],[0.0,0.0,0.1461676358,0.1585260942,0.3282346279,0.4656866754],[0.0,0.0,0.1462079389,0.15683473,0.3272672441,0.4632243386],[0.0,0.0,0.1463339283,0.156950009,0.3267822126,0.4628952004],[0.0,0.0,0.1462733501,0.1568094065,0.3267134868,0.4631594832],[0.0,0.0,0.1462053737,0.1569178655,0.3266905801,0.4627248595],[0.0,0.0,0.1463312723,0.1569071442,0.3267438984,0.4627347649],[0.0,0.0,0.1461882491,0.1568740061,0.3267848669,0.4631142637],[0.0,0.0,0.1462831187,0.1567593659,0.326742208,0.462476624],[0.0,0.0,0.1463185695,0.1568719562,0.3267612058,0.4626974914],[0.0,0.0,0.1462590697,0.1568639633,0.3266289942,0.4629702416],[0.0,0.0,0.1463972306,0.1704636484,0.3052749935,0.4727631089],[0.0,0.0,0.1506443784,0.165370619,0.2749634057,0.4509929388],[0.0,0.0,0.1507411461,0.1653184749,0.2751974073,0.4510011837],[0.0,0.0,0.1507279779,0.1652763035,0.2750316267,0.4507579043],[0.0,0.0,0.1506444746,0.1653060243,0.2749656652,0.451144304],[0.0,0.0,0.1506622149,0.1653397571,0.2752159066,0.451097208],[0.0,0.0,0.1507625065,0.1652955997,0.2751054024,0.4511424813],[0.0,0.0,0.150582127,0.165327954,0.2750969542,0.4514371235],[0.0,0.0,0.1507723115,0.1652193859,0.2749838997,0.4506949794],[0.0,0.0,0.150696252,0.165294094,0.275030204,0.4513859484],[0.0,0.0,0.1185339132,0.1609166839,0.2688262384,0.3667243074],[0.0,0.0,0.1256050985,0.1675098749,0.2439802896,0.486507087],[0.0,0.0,0.1255593852,0.1675423031,0.2437489387,0.4866561043],[0.0,0.0,0.1254671426,0.1676590969,0.2437827148,0.4874080166],[0.0,0.0,0.1254624348,0.1674148966,0.2437995491,0.4877935111],[0.0,0.0,0.1255134904,0.1674789839,0.2438455987,0.4868854253],[0.0,0.0,0.1256283352,0.1674227719,0.2438348409,0.4861082003],[0.0,0.0,0.1254647799,0.1675554534,0.2436671595,0.4868041182],[0.0,0.0,0.1255672442,0.1674858272,0.2438676169,0.4864652608],[0.0,0.0,0.1255568948,0.1674651091,0.2438297742,0.4871509619],[0.0,0.0,0.1299983819,0.1690189359,0.2444268718,0.4874190387],[0.0,0.0,0.1270381208,0.1703220095,0.2429347883,0.4986682774],[0.0,0.0,0.1269260143,0.1702419866,0.2430902286,0.4997502949],[0.0,0.0,0.1269214002,0.1703158622,0.243014167,0.49930113],[0.0,0.0,0.126991734,0.1703581095,0.2429430994,0.4988815526],[0.0,0.0,0.1268970176,0.1703152914,0.243082808,0.4996054735],[0.0,0.0,0.1269814997,0.1702525841,0.2431205445,0.4993533292],[0.0,0.0,0.1270207697,0.1703012128,0.2429867281,0.4993584535],[0.0,0.0,0.1270671339,0.1702744916,0.2430292555,0.4990802931],[0.0,0.0,0.1269297695,0.1702650972,0.2431013156,0.4987483296],[0.0,0.0,0.1129261104,0.1636579326,0.2475690868,0.493035025],[0.0,0.0,0.1121490047,0.1659874918,0.2502998599,0.5347430926],[0.0,0.0,0.1121523705,0.166070304,0.2504235652,0.5352174478],[0.0,0.0,0.1121943738,0.1659496122,0.2502888047,0.534692125],[0.0,0.0,0.1121818181,0.1660303289,0.2504965304,0.5347262888],[0.0,0.0,0.1121245295,0.1660414946,0.2504233446,0.5345193097],[0.0,0.0,0.1121967172,0.1660511208,0.2504365012,0.5345617807],[0.0,0.0,0.1121598337,0.166026458,0.2503004282,0.5347950657],[0.0,0.0,0.112150079,0.1661341004,0.2504206959,0.5348148667],[0.0,0.0,0.1121518924,0.1659754162,0.2504597211,0.5352364113],[0.0,0.0,0.1285702752,0.1701931006,0.2545015186,0.3881382714],[0.0,0.0,0.1239231823,0.1694647245,0.2505673745,0.4495851789],[0.0,0.0,0.1239361901,0.1694407917,0.250634447,0.4498424831],[0.0,0.0,0.1239056628,0.1693797345,0.2506037306,0.449778265],[0.0,0.0,0.1239190089,0.1692639166,0.2506700866,0.4497094005],[0.0,0.0,0.1239707462,0.1693181147,0.2505790256,0.4497475476],