{"type_bounds":[0,0,1,1],"max_steps_out":1000,"dimensions":[4],"bounds_domain":[[0.0,1.0],[0.0,1.0],[0.25,0.5,0.75],[0.2,0.4,0.6,0.8]],"mean_value":[0.0],"samples_parameters":[[0.0,0.0,0.5876440583,0.1927089687,183.4020329429,0.110576703],[0.0,0.0,0.5877849131,0.192681697,247.9536002355,0.1105941418],[0.0,0.0,0.5877081877,0.1926517962,209.6756173852,0.1105432471],[0.0,0.0,0.5880970815,0.1926425926,244.9827388247,0.1104567496],[0.0,0.0,0.5880606258,0.1927011174,236.9704684508,0.1105488521],[0.0,0.0,0.5880880869,0.1926397865,240.3135323076,0.1105757384],[0.0,0.0,0.5878609371,0.1926554676,227.4465107577,0.1105625894],[0.0,0.0,0.587866194,0.1926625076,225.4542241264,0.1104957282],[0.0,0.0,0.5880229278,0.192677869,229.4952411862,0.1105686836],[0.0,0.0,0.5881324435,0.1926743081,203.4657762064,0.1105105685],[0.0,0.0,0.5882757932,0.1926682431,233.4846302102,0.1106029632],[0.0,0.0,815.9688863289,0.2030166877,197.7956883814,0.0990955699],[0.0,0.0,2.0711570158,0.1884311571,131.9882444037,0.0847522611],[0.0,0.0,2.0949186693,0.1875218339,244.1269454745,0.0852224123],[0.0,0.0,2.0921221604,0.187536223,233.7101982644,0.0851959197],[0.0,0.0,2.09226785,0.1875296072,225.8356810765,0.0851361917],[0.0,0.0,2.0961971512,0.1875072498,139.7680221346,0.0852068496],[0.0,0.0,2.0923648241,0.187523734,148.0272560844,0.0852163034],[0.0,0.0,2.0917582246,0.1875611515,240.2618924261,0.0852119207],[0.0,0.0,2.094625653,0.1874991396,118.397059392,0.0851998378],[0.0,0.0,2.0934244394,0.1874770272,231.8764230823,0.085261214],[0.0,0.0,1.5609281503,0.1092526893,169.5454951224,0.088952985],[0.0,0.0,0.8994416101,0.3061293119,0.3522319259,0.1114116282],[0.0,0.0,0.900290946,0.2855561944,0.3538525874,0.1227450047],[0.0,0.0,0.9005362213,0.2855923852,0.3538617512,0.1229112192],[0.0,0.0,0.900670428,0.2855314543,0.3539653165,0.1227409268],[0.0,0.0,0.9004301278,0.2855695496,0.3538085958,0.123120605],[0.0,0.0,0.9006561518,0.2855774354,0.3538607879,0.1228336486],[0.0,0.0,0.9004422524,0.2855652344,0.3538380628,0.1227776222],[0.0,0.0,0.9006444206,0.2855368609,0.3538436252,0.1228324809],[0.0,0.0,0.9005531373,0.2855617592,0.3538553957,0.12284009],[0.0,0.0,0.4149879167,0.0399992235,0.0914256023,0.1295027754],[0.0,0.0,0.7681375803,0.0322171545,164.2012294171,0.1579609322],[0.0,0.0,0.7625241567,0.0322108992,245.6165985607,0.1580511642],[0.0,0.0,0.7625021546,0.0322141674,159.3981497045,0.1581045573],[0.0,0.0,0.7624804235,0.0322086141,169.910675043,0.1581334393],[0.0,0.0,0.7624921624,0.0322103208,153.6221166832,0.1580845283],[0.0,0.0,0.7625225021,0.0322092715,195.4433073138,0.1580857431],[0.0,0.0,0.7625032892,0.0322070566,226.1782500416,0.1580804556],[0.0,0.0,0.762542651,0.032212741,248.0817987118,0.1580711781],[0.0,0.0,0.7624763359,0.0322120332,195.2043228524,0.1580665707],[0.0,0.0,0.7667075644,0.0323595424,245.6524803587,0.1581098838],[0.0,0.0,0.7748024546,0.033084117,2.9076263269,0.1580744883],[0.0,0.0,0.7880944588,0.0329145542,1.7466211776,0.1580124829],[0.0,0.0,0.7926130767,0.0328340887,1.4915043574,0.1579613352],[0.0,0.0,0.8087317789,0.0326672438,1.2280366683,0.1578613153],[0.0,0.0,0.8194959721,0.0324939002,1.0537876026,0.1578609811],[0.0,0.0,0.8326228552,0.0324567683,0.9873670581,0.1578170067],[0.0,0.0,0.8505418885,0.0322351059,0.8619224322,0.1577195785],[0.0,0.0,0.8872998119,0.0319865015,0.764869021,0.1576103438],[0.0,0.0,0.9124666517,0.031798276,0.7008079253,0.1575049427],[0.0,0.0,0.9162939486,0.0320718357,0.699909538,0.1543286456],[0.0,0.0,1.0060846024,0.0315137088,0.5909817443,0.1556702808],[0.0,0.0,1.0434920964,0.0313679372,0.5643168158,0.1556571118],[0.0,0.0,1.088006466,0.0311827369,0.5380917959,0.1557074378],[0.0,0.0,1.191643399,0.0308590677,0.5001782221,0.1556732363],[0.0,0.0,1.3997418245,0.0304527598,0.4575553055,0.1556384652],[0.0,0.0,1.6798958224,0.0300465848,0.4308248022,0.1555919367],[0.0,0.0,2.219203381,0.029820492,0.4081434285,0.1555119871],[0.0,0.0,3.3845081878,0.0295769849,0.3911028107,0.1554136992],[0.0,0.0,949.6000170834,0.0294143654,0.3814381283,0.1553597695],[0.0,0.0,899.3484056485,0.0300712686,0.3819051081,0.1553744306],[0.0,0.0,815.1932329759,0.0299420398,0.3818690627,0.1553440908],[0.0,0.0,753.1846403997,0.0299456724,0.3818314543,0.1553300012],[0.0,0.0,555.2633710558,0.0299464767,0.3818336893,0.1553151503],[0.0,0.0,790.5103086269,0.0299447703,0.3818691912,0.1553307316],[0.0,0.0,850.6122981897,0.0299421854,0.3818312164,0.1553308719],[0.0,0.0,748.4141688081,0.0299432115,0.3818395544,0.1553572082],[0.0,0.0,968.0099435462,0.0299464472,0.3818122294,0.155322431],[0.0,0.0,546.2927178094,0.0299438189,0.3818504994,0.1553365454],[0.0,0.0,646.173717986,0.0299452932,0.3818431566,0.155374475],[0.0,0.0,578.1405436387,0.008895365,0.3818207173,0.1552942626],[0.0,0.0,749.1702132388,0.0069305529,0.3809226151,2.3593988426],[0.0,0.0,808.7718844674,0.0070946072,0.3809718218,0.7187790993],[0.0,0.0,950.3960590989,0.0070966389,0.3809625983,0.7134208153],[0.0,0.0,640.4715662882,0.007099612,0.3809900453,0.7102694437],[0.0,0.0,917.2222623626,0.0070968349,0.380966476,0.7142541328],[0.0,0.0,572.0734135996,0.0070950029,0.3809923592,0.7138750497],[0.0,0.0,536.7485245524,0.0070981302,0.3809783421,0.7109430627],[0.0,0.0,863.3723436813,0.0070978859,0.3809653009,0.7107681315],[0.0,0.0,385.7116692858,0.0070978375,0.3809795984,0.7132232473],[0.0,0.0,626.0573579358,0.0070070388,0.3804153559,0.7137533033],[0.0,0.0,966.7152228206,0.0069554965,0.3806751737,0.9237748756],[0.0,0.0,516.3111915004,0.0069571671,0.3806525624,0.9242433468],[0.0,0.0,848.8923030022,0.0069558617,0.3806685114,0.9263332314],[0.0,0.0,657.3483340918,0.0069566694,0.3806617259,0.926586632],[0.0,0.0,389.7073261319,0.0069563569,0.3806656652,0.9227781596],[0.0,0.0,485.4176674493,0.0069560303,0.3806749133,0.9248884228],[0.0,0.0,520.777635023,0.0069586639,0.3806638856,0.9129564598],[0.0,0.0,852.7957359545,0.0069574218,0.3806771476,0.925587334],[0.0,0.0,800.9634273784,0.0069546074,0.3806753353,0.9269654919],[0.0,0.0,951.7256725767,0.0070461669,0.3804825409,0.9331939277],[0.0,0.0,852.7470868093,0.0070820331,0.3803964787,0.7346012641],[0.0,0.0,587.8995215266,0.0070802458,0.3804155604,0.7367056048],[0.0,0.0,562.191717791,0.0070817729,0.3803964893,0.735051795],[0.0,0.0,772.2579218433,0.0070810023,0.3803998586,0.732524255],[0.0,0.0,889.0928758981,0.0070830062,0.3803957509,0.7310964817],[0.0,0.0,616.2341045658,0.0070811602,0.3804152326,0.7319030643],[0.0,0.0,765.3908898657,0.0070819768,0.3804133527,0.7314335679],[0.0,0.0,872.1829638573,0.0070805815,0.3804382173,0.7334706556],[0.0,0.0,980.5609431889,0.007082956,0.380375763,0.7297522012],[0.0,0.0,797.1757337679,0.0072134551,0.3803789603,0.591282262],[0.0,0.0,433.2473669529,0.0071564681,0.3803922842,0.5939885702],[0.0,0.0,907.0623873829,0.0071557989,0.3804014668,0.5930023332],[0.0,0.0,853.9481261413,0.0071572045,0.3803930256,0.5934911772],[0.0,0.0,576.7189446924,0.0071536286,0.3804014645,0.593865209],[0.0,0.0,995.4269557426,0.0071554944,0.3803730662,0.5936942211],[0.0,0.0,824.8379316066,0.0071571832,0.3803855232,0.5939473759],[0.0,0.0,875.6982104811,0.0071554444,0.3803898432,0.5945307526],[0.0,0.0,781.8286851938,0.0071574206,0.3803792641,0.5943035295],[0.0,0.0,966.1780012142,0.0071558819,0.3803717343,0.5937942682],[0.0,0.0,909.0035084184,0.0071556484,0.3803843591,0.5932044666],[0.0,0.0,841.5405391211,0.0071538247,0.3804056725,0.5940254627],[0.0,0.0,960.3436503233,0.0071568357,0.3803811987,0.5933872228],[0.0,0.0,922.6178983356,0.0071548604,0.3803649046,0.593544199],[0.0,0.0,714.2015611047,0.007156397,0.3803904917,0.5930778574],[0.0,0.0,258.4210860014,0.0071561399,0.3803936098,0.5934360519],[0.0,0.0,670.7874928138,0.007154669,0.3803867894,0.5928710267],[0.0,0.0,948.3503034832,0.0071545966,0.3803606382,0.593328879],[0.0,0.0,830.9435832646,0.0071560021,0.380399395,0.593113004],[0.0,0.0,805.9412025876,0.0071555936,0.3803980913,0.593962709],[0.0,0.0,282.1228723893,0.0075796231,0.3704666491,0.70533943],[0.0,0.0,0.2961968909,0.0089332073,0.1437876438,145.5870607075],[0.0,0.0,0.0474518324,0.2893370392,0.2781627779,