{"type_bounds":[0,0,1,1],"max_steps_out":1000,"dimensions":[4],"bounds_domain":[[0.0,1.0],[0.0,1.0],[0.25,0.5,0.75],[0.2,0.4,0.6,0.8]],"mean_value":[0.0],"samples_parameters":[[0.0,0.0,868.8062703709,0.0776031201,249.6915993246,0.1027305651],[0.0,0.0,876.5004338704,0.0776119141,249.801971307,0.1027268589],[0.0,0.0,874.3526470185,0.0776063234,248.2068187849,0.1027585986],[0.0,0.0,845.7890673871,0.0776068127,247.736463759,0.1027570769],[0.0,0.0,914.8550713065,0.0776135228,248.1245881068,0.1027378242],[0.0,0.0,668.2851082125,0.0776125448,248.4403586189,0.1027438898],[0.0,0.0,965.1595192898,0.0776057874,243.7451348676,0.1027151246],[0.0,0.0,842.256623292,0.0776077972,245.4054949804,0.1027756913],[0.0,0.0,949.5508624723,0.077608368,240.289414291,0.1026953114],[0.0,0.0,796.5915153035,0.0776079997,247.3518901716,0.1027101641],[0.0,0.0,750.7133045243,0.0776028819,247.9725275523,0.102727147],[0.0,0.0,607.2145343077,0.0741619087,115.8618439508,0.1029184494],[0.0,0.0,1.075244048,0.0773171394,249.9068911183,0.0989771907],[0.0,0.0,1.0552717989,0.0786888495,247.1451501761,0.0985213523],[0.0,0.0,1.0551776706,0.0786802742,246.6739813668,0.0985041222],[0.0,0.0,1.0555678354,0.07868146,247.9975773138,0.0985161656],[0.0,0.0,1.0553075635,0.0786809214,248.9078893724,0.0985135856],[0.0,0.0,1.0551524054,0.0786807126,248.837968148,0.0985198577],[0.0,0.0,1.0553691542,0.0786813522,248.2455384148,0.0984964511],[0.0,0.0,1.0550445371,0.0786897488,245.4440622537,0.0985151466],[0.0,0.0,1.0551904366,0.0786913969,248.5527620053,0.0985437416],[0.0,0.0,1.4321474516,0.0526253783,93.6542060294,0.0992855445],[0.0,0.0,2.2155335937,0.0632746903,249.105764767,0.1021847266],[0.0,0.0,1.0274873592,0.0745895537,247.7710790468,0.0006270512],[0.0,0.0,1.0359225169,0.0784998146,248.9787322681,0.0007670265],[0.0,0.0,1.0358686937,0.078500138,239.1123371569,0.0007677645],[0.0,0.0,1.035596861,0.0784997728,249.7743509572,0.0007679618],[0.0,0.0,1.0358092241,0.0785034825,246.6417908813,0.0007682306],[0.0,0.0,1.0359711277,0.078506333,248.2150239657,0.0007679023],[0.0,0.0,1.0361584162,0.0785046629,242.6514026714,0.0007665737],[0.0,0.0,1.0359298154,0.0784988435,249.6764768874,0.0007689352],[0.0,0.0,1.0359170109,0.0785006918,242.6015099213,0.0007672497],[0.0,0.0,1.0363248098,0.0785080921,249.0106028003,0.000769059],[0.0,0.0,1.0360605765,0.078511712,248.2331346517,0.0007673267],[0.0,0.0,1.0361279403,0.0784975035,247.8489873911,0.0007668138],[0.0,0.0,1.0358481252,0.0784907304,245.4670621578,0.0007668119],[0.0,0.0,1.0358846761,0.078504079,239.5582920631,0.0007666887],[0.0,0.0,1.0360850537,0.0785034074,249.3758720531,0.0007663715],[0.0,0.0,1.0360936582,0.0784916222,248.9573760022,0.0007676367],[0.0,0.0,1.0360083555,0.0784916281,244.2776408252,0.0007676239],[0.0,0.0,1.0357843145,0.0784999892,249.5094431297,0.000767667],[0.0,0.0,1.0360654975,0.0785153503,249.7864190434,0.0007671598],[0.0,0.0,1.0358745668,0.0785076348,249.6887770153,0.0007677512],[0.0,0.0,1.0359241531,0.0784996371,248.7181054378,0.0007679993],[0.0,0.0,1.03574492,0.0784936401,249.3565338867,0.0007676068],[0.0,0.0,1.0362827772,0.0785030199,248.401365964,0.0007673471],[0.0,0.0,1.0356886393,0.0785010044,249.1025081909,0.0007680836],[0.0,0.0,1.0362511509,0.0784877556,248.5273792908,0.0007681371],[0.0,0.0,1.0359059608,0.078500145,249.6061812916,0.0007678292],[0.0,0.0,1.0359197243,0.0784967844,248.5997624984,0.0007670145],[0.0,0.0,1.0363925602,0.0784916518,245.6035420692,0.0007663314],[0.0,0.0,1.0357007509,0.0784838319,243.6028666956,0.0007663443],[0.0,0.0,1.0360932273,0.0785008854,249.3352653499,0.0007692518],[0.0,0.0,1.0357450173,0.0785117827,249.8799434152,0.0007674322],[0.0,0.0,1.0361638666,0.0785086208,247.8438707636,0.0007676301],[0.0,0.0,1.0359630797,0.0784987144,249.7140358356,0.0007681651],[0.0,0.0,1.0359729143,0.0784873731,249.9453661443,0.0007671743],[0.0,0.0,1.0358857145,0.0784943554,249.2704835277,0.0007681806],[0.0,0.0,1.0360916497,0.0784980596,249.3348713962,0.0007679074],[0.0,0.0,1.0359203706,0.0784917441,247.5067553206,0.0007674314],[0.0,0.0,1.0364319604,0.0785056398,249.0533237074,0.0007668856],[0.0,0.0,0.9698911852,0.079594128,249.9875842172,0.0007667865],[0.0,0.0,0.9692562339,0.0792697362,249.2705893199,0.0007656477],[0.0,0.0,0.9689782822,0.0792601551,243.1162136598,0.000765562],[0.0,0.0,0.9691510212,0.0792672945,249.0136139227,0.0007656399],[0.0,0.0,0.9691509868,0.0792522181,248.9693485958,0.0007663032],[0.0,0.0,0.9686064799,0.079264296,248.7838166702,0.0007643936],[0.0,0.0,0.9688993784,0.0792587155,249.6859119045,0.0007653967],[0.0,0.0,0.969468489,0.0792623382,249.5661127767,0.0007656488],[0.0,0.0,0.9693410256,0.0792684566,245.1838717451,0.0007652409],[0.0,0.0,0.9693972759,0.0792699894,247.8492368481,0.0007651438],[0.0,0.0,0.8592405238,0.0680184846,141.8785011768,0.000910334],[0.0,0.0,1.0087979927,0.0713560887,0.5401924902,0.0007475018],[0.0,0.0,1.0089195744,0.0714690998,0.5331565932,0.0007331189],[0.0,0.0,1.0091589837,0.071487053,0.5330239178,0.0007339124],[0.0,0.0,1.0090922196,0.0714676269,0.5331896008,0.0007346775],[0.0,0.0,1.0085683314,0.0714847113,0.5330549347,0.0007336559],[0.0,0.0,1.0084528365,0.0714697461,0.5330810129,0.0007343899],[0.0,0.0,1.0090705873,0.0714979544,0.5331055215,0.0007346286],[0.0,0.0,1.0093758556,0.0714720521,0.5331915128,0.0007329691],[0.0,0.0,1.0085245227,0.0714749332,0.532999209,0.000734607],[0.0,0.0,1.0086269619,0.0714859113,0.5330693779,0.0007329105],[0.0,0.0,1.0085808159,0.071473015,0.5331173462,0.0007333702],[0.0,0.0,1.0088706467,0.0714779212,0.5330534367,0.0007335261],[0.0,0.0,1.0086811438,0.0714679905,0.5330808326,0.0007352639],[0.0,0.0,1.0088207986,0.0714725439,0.5330936656,0.0007338976],[0.0,0.0,1.0089267346,0.0714764057,0.5331497246,0.0007334454],[0.0,0.0,1.0086452891,0.071483787,0.5329556373,0.0007347371],[0.0,0.0,1.0091667782,0.0714810479,0.5331142264,0.0007337983],[0.0,0.0,1.0084786409,0.0714601464,0.5330405635,0.000733353],[0.0,0.0,1.008965989,0.0714734868,0.5330448841,0.0007338867],[0.0,0.0,1.0154732707,0.0716631578,0.5330481181,0.0007337292],[0.0,0.0,1.0157292383,0.0723450409,0.5325511906,0.0007316549],[0.0,0.0,1.0154097536,0.0723325721,0.5326882223,0.0007327838],[0.0,0.0,1.0156459876,0.0723630717,0.5326563004,0.0007311084],[0.0,0.0,1.0155941195,0.0723517867,0.5325763333,0.0007313076],[0.0,0.0,1.0154957026,0.0723666691,0.5326120313,0.0007319218],[0.0,0.0,1.015766945,0.0723618469,0.5325990113,0.0007317267],[0.0,0.0,1.0155085669,0.0723660197,0.5326134401,0.0007318422],[0.0,0.0,1.0156998188,0.072366911,0.5327601546,0.0007319782],[0.0,0.0,1.0161065678,0.0723701362,0.5325871571,0.0007320091],[0.0,0.0,1.0686501609,0.0730306535,0.4734468997,0.0007127252],[0.0,0.0,1.0157860649,0.0723593969,0.5326768526,0.0000227622],[0.0,0.0,1.0156395089,0.0723527377,0.5325137665,0.0000227704],[0.0,0.0,1.0156876178,0.0723557012,0.5325942915,0.0000227372],[0.0,0.0,1.015686607,0.0723478597,0.532598123,0.0000227631],[0.0,0.0,1.0152024538,0.0723571382,0.532663318,0.0000227577],[0.0,0.0,1.0154406487,0.0723538103,0.5325925822,0.0000227656],[0.0,0.0,1.015545934,0.0723563508,0.5324981878,0.000022722],[0.0,0.0,1.0157420175,0.0723588946,0.5324327344,0.0000227449],[0.0,0.0,1.0157143196,0.0723578813,0.5325292856,0.0000227587]],"thinning":10,"kernel_values":[0.9787573164,0.6945368633,0.718021262,0.7030178326],"type_kernel":["Matern52"],"training_data":{"evaluations":[542.7736983507,78.6361673807,358.4422188313,1484.4855300678,810.6262311833,2237.3868139767,10416.7497390006,9679.9730824105,379.2312961415,5105.7622069772,3176.7795279843,3683.3201587658],"points":[[0.3975088883,0.7632984995,0.75,0.2],[0.4977537744,0.4125034668,0.25,0.6],[0.6902866966,0.6026923498,0.5,0.2],[0.2013770711,0.9734019536,0.75,0.6],[0.1817714304,0.9075327877,0.75,0.8],[0.1919468706,0.7038711368,0.25,0.4],[0.5151795442,0.8848340285,0.75,0.6],[0.1109958803,0.8285322738,0.25,0.6],[0.2937261661,0.3900557287,0.5,0.2],[0.0084054475,0.5408855631,0.25,0.4],[0.8526363434,0.6442023028,0.5,0.6],[0.9164966698,0.4076091539,0.75,0.8]],"var_noise":[]},