{"evaluated_points":[[0.4909547681,0.1326342276,0.5,14.3819662825,12.2956900161,10.7089375571,10.296431444,15.0],[0.3627099137,0.3545524884,0.2212337992,13.1465968211,10.1695026932,10.7065902288,14.8950565841,15.0],[0.5,0.1346737515,0.01,11.5927822139,10.7367854599,12.6515206742,13.8879969,10.6450622746],[0.1662549926,0.01,0.01,10.2570350255,10.5961892131,10.32478604,12.5745923113,12.2976577632],[0.01,0.265344724,0.01,13.5139848409,10.4178709273,11.550158088,12.0792046888,10.6610653664],[0.01,0.265344724,0.01,13.5139848409,10.4178709273,11.550158088,12.0792046888,10.6610653664],[0.01,0.01,0.01,12.797842439,10.0110133138,13.1385530899,12.3661532959,10.9479157019],[0.01,0.4185850688,0.01,13.0778977576,10.2987941535,10.0720996456,13.9761765973,11.7552319874],[0.01,0.265344724,0.01,13.5139848409,10.4178709273,11.550158088,12.0792046888,10.6610653664],[0.01,0.5,0.01,11.8796966994,11.2773347507,10.4783113251,13.093234158,11.468062436],[0.01,0.265344724,0.01,13.5139848409,10.4178709273,11.550158088,12.0792046888,10.6610653664],[0.01,0.265344724,0.01,13.5139848409,10.4178709273,11.550158088,12.0792046888,10.6610653664],[0.01,0.3751509302,0.01,10.4210600729,11.359502565,12.3840930715,11.6959150948,10.644672767],[0.01,0.3751509302,0.01,10.4210600729,11.359502565,12.3840930715,11.6959150948,10.644672767],[0.01,0.4526333146,0.01,10.8933668462,11.6971959203,10.2474220291,13.5776020149,10.0],[0.01,0.4526333146,0.01,10.8933668462,11.6971959203,10.2474220291,13.5776020149,10.0]],"model_objective_values":[-150339.1625221471,-128014.3663296243,-108751.4223630445,-88517.1496126088,-88285.5136707207,-87378.3191376418,-79952.8951687746,-88491.0803633306,-88499.0895312083,-88558.9242868631,-88064.496974289,-88398.1216825247,-87369.3862868372,-87615.0143898401,-86537.0742259925,-86479.8488261265],"objective_values":[-279308.4287135056,-210223.1715030344,-112365.296720232,-114411.2795520802,-87421.5927121619,-87421.5927121619,-87952.9611512912,-88786.9220815686,-87421.5927121619,-88764.1412379649,-87421.5927121619,-87421.5927121619,-88173.097930944,-88173.097930944,-87323.3852062314,-87323.3852062314],"standard_deviation_evaluations":[]}