{"evaluated_points":[[0.5,0.5,0.0156905314,14.5819026381,10.690682346,11.4596792459,14.0244422489,10.0],[0.01,0.01,0.01,12.7053353036,10.8019372607,14.2046246107,10.0198419885,11.7032693271],[0.3193897056,0.01,0.4136429624,11.5184805284,10.7147373293,10.0,13.4149239649,11.3470352584],[0.01,0.2431355071,0.5,12.8044402571,12.8029731208,14.9934168383,10.0636432157,11.2297422574],[0.3608422594,0.0718317907,0.5,10.0,14.4805049456,15.0,14.7150113529,10.225216565],[0.1206732134,0.5,0.01,14.9205708854,11.7727722715,15.0,12.724047588,14.5124505768],[0.0175884323,0.3861822494,0.01,11.8848968684,11.2675591178,10.2172148978,12.2896662609,10.0264522887],[0.01,0.4083403614,0.01,12.3433195786,11.2158250096,10.0,13.1122812647,10.3118743834],[0.01,0.4083403614,0.01,12.3433195786,11.2158250096,10.0,13.1122812647,10.3118743834],[0.01,0.4083403614,0.01,12.3433195786,11.2158250096,10.0,13.1122812647,10.3118743834],[0.01,0.4083403614,0.01,12.3433195786,11.2158250096,10.0,13.1122812647,10.3118743834],[0.01,0.4083403614,0.01,12.3433195786,11.2158250096,10.0,13.1122812647,10.3118743834],[0.01,0.4083403614,0.01,12.3433195786,11.2158250096,10.0,13.1122812647,10.3118743834],[0.01,0.2371601886,0.01,13.939197004,12.3777383113,14.0874223247,10.5358364062,11.4488001927],[0.01,0.01,0.01,12.7053353036,10.8019372607,14.2046246107,10.0198419885,11.7032693271],[0.01,0.4083403614,0.01,12.3433195786,11.2158250096,10.0,13.1122812647,10.3118743834]],"model_objective_values":[-262913.3469122473,-208859.6294678999,-244914.7776146062,-193609.9724203103,-193680.0459204519,-110158.2500492718,-92554.8240497552,-80543.2992990454,-88170.277275656,-87450.3124960108,-85062.9281950759,-86784.1722763421,-87345.7898820304,-87558.330234633,-85424.3346601996,-87406.211901658],"objective_values":[-112085.5308988981,-88876.5246643454,-256204.5638845153,-256653.3538477551,-273123.6239455464,-110724.1921411533,-87779.7800622018,-87306.1801875816,-87306.1801875816,-87306.1801875816,-87306.1801875816,-87306.1801875816,-87306.1801875816,-88336.8813026642,-88876.5246643454,-87306.1801875816],"standard_deviation_evaluations":[]}