{"evaluated_points":[[0.5,0.01,0.386506671,10.051972022,12.6344286137,12.6481814794,11.3975787537,12.3397795973],[0.01,0.1751558775,0.3300909343,14.992723226,10.3415646107,13.4895791461,13.9120818478,12.2578828939],[0.01,0.2820819535,0.0835920642,11.6920950727,14.3219749724,12.6980092352,10.9230851224,13.4559834884],[0.0494055042,0.5,0.01,13.3014674373,14.5806658579,14.2194575982,11.9607577379,12.414080385],[0.01,0.0402816642,0.01,10.5411013657,11.4605850152,12.6735121745,12.5487414142,13.8899161813],[0.3279832935,0.1524024817,0.01,12.4063228123,13.1496579003,10.0075100182,14.0592181364,14.8527677879],[0.01,0.0402816642,0.01,10.5411013657,11.4605850152,12.6735121745,12.5487414142,13.8899161813],[0.4144704058,0.3202859031,0.01,13.1303812862,10.9879972197,11.9755676534,10.0580829266,14.8669337939],[0.01,0.2735623054,0.01,13.2254703854,10.0,13.1521808508,10.8180499675,12.0570540932],[0.01,0.3484101991,0.01,13.5215542138,14.4110656183,11.0705768083,11.0591546481,11.3572314183],[0.01,0.2735623054,0.01,13.2254703854,10.0,13.1521808508,10.8180499675,12.0570540932],[0.01,0.5,0.01,13.3145161605,12.8764396011,14.8211005509,13.0944571305,10.7217542354],[0.01,0.4085593308,0.01,11.7825170678,10.1692235999,11.959827291,14.2555589468,10.2330320839],[0.01,0.1409846173,0.01,14.5963740761,11.4551946353,14.8336159596,10.0,10.0],[0.01,0.1409846173,0.01,14.5963740761,11.4551946353,14.8336159596,10.0,10.0],[0.01,0.1409846173,0.01,14.5963740761,11.4551946353,14.8336159596,10.0,10.0]],"model_objective_values":[-147965.1265402006,-130694.7639144007,-63825.5586964019,-110165.2700982004,-108648.6468851246,-110312.9965372525,-109353.6724766485,-105782.0378295437,-102584.757661831,-101663.5009888031,-101165.0359689152,-94820.2271188815,-87216.4234726132,-87132.0430116519,-87182.6035002765,-87420.5738223223],"objective_values":[-244985.3327158225,-211266.294138793,-123639.1664071817,-95996.6401299006,-92466.2720147196,-128998.452405372,-92466.2720147196,-126720.4308923137,-89146.6542928516,-88238.3830439819,-89146.6542928516,-87801.8166568349,-87381.5464438816,-86652.6319218994,-86652.6319218994,-86652.6319218994],"standard_deviation_evaluations":[]}