{"evaluated_points":[[0.0546300879,0.01,0.0366915641,14.1357918282,12.5747793922,11.5486091049,12.3090653723,13.1318869309],[0.2752607176,0.01,0.01,14.9605325643,11.5129466752,13.2226920646,12.6908703202,15.0],[0.3882859444,0.180737276,0.01,11.6282200643,12.6956950254,10.9016106352,10.2440575291,12.3925862219],[0.2273428359,0.5,0.01,14.8466340601,10.3577316593,11.6098264676,11.2299825667,14.5781949727],[0.1837676842,0.2352443012,0.01,12.9796332814,13.9774868172,10.2754934955,13.6894270738,14.1898586555],[0.120798952,0.5,0.01,10.7730991138,14.6473183801,10.0053663787,11.5517454549,11.0021895553],[0.0788323006,0.3113195474,0.01,10.9101082402,11.1022883536,10.6941729226,12.1354056672,10.3717413061],[0.01,0.1447057007,0.01,13.2922445521,12.8875670344,14.3204339913,10.9245544496,10.1942514747],[0.01,0.3582684676,0.01,14.8938407105,14.5591934806,13.476102881,14.6710944467,11.5939815703],[0.01,0.1411125977,0.01,14.7083214856,14.1701613748,11.6834906685,11.5291057993,10.0884888608],[0.01,0.1411125977,0.01,14.7083214856,14.1701613748,11.6834906685,11.5291057993,10.0884888608],[0.01,0.1411125977,0.01,14.7083214856,14.1701613748,11.6834906685,11.5291057993,10.0884888608],[0.01,0.1411125977,0.01,14.7083214856,14.1701613748,11.6834906685,11.5291057993,10.0884888608],[0.01,0.1411125977,0.01,14.7083214856,14.1701613748,11.6834906685,11.5291057993,10.0884888608],[0.01,0.1411125977,0.01,14.7083214856,14.1701613748,11.6834906685,11.5291057993,10.0884888608],[0.01,0.4678113441,0.01,10.8001731937,13.1741144307,10.8097456086,12.153541669,10.0]],"model_objective_values":[-261660.8063981784,-121458.0774889729,-135258.6405642433,-119792.4912672132,-90109.0027173397,-66452.403050665,-89612.023662766,-86905.4523367379,-87823.6503545599,-86722.389422071,-86912.6122433117,-87111.3630073472,-86583.0412053178,-86469.7958372333,-86472.4320343152,-86221.4862384619],"objective_values":[-107981.5543970014,-126684.3999498597,-123240.624339594,-122787.0100178287,-118799.8824277446,-106093.1632989935,-98789.9777630173,-87124.436386745,-88520.6282149924,-86654.0218237509,-86654.0218237509,-86654.0218237509,-86654.0218237509,-86654.0218237509,-86654.0218237509,-87346.8794697053],"standard_deviation_evaluations":[]}