{"evaluated_points":[[0.01,0.5,0.3525812647,12.4971091355,14.7612157044,12.7747605128,10.0812406142,12.0611913346],[0.01,0.01,0.01,10.3397717065,14.9842896599,10.1955608829,11.4621947762,10.7016705927],[0.5,0.0456509109,0.0870643305,14.0866687472,12.4007492615,11.5038338324,10.0,10.9463078804],[0.01,0.0729930956,0.01,10.4211429285,13.6846602666,14.044208291,10.4973961795,14.7690563597],[0.2571942164,0.3359800806,0.01,10.9426374148,10.5782449324,14.1354628661,10.0,12.9736740972],[0.2571942164,0.3359800806,0.01,10.9426374148,10.5782449324,14.1354628661,10.0,12.9736740972],[0.01,0.5,0.01,11.7409038274,11.2570716521,12.7638675802,12.8957968301,11.9888163882],[0.2738238415,0.4463851174,0.01,14.6198861536,10.1609596789,12.3723678894,10.3355312145,11.7489006168],[0.01,0.5,0.01,11.7409038274,11.2570716521,12.7638675802,12.8957968301,11.9888163882],[0.01,0.1796933345,0.01,13.4841071206,10.0,10.4246059137,12.8455011029,10.0],[0.01,0.1796933345,0.01,13.4841071206,10.0,10.4246059137,12.8455011029,10.0],[0.01,0.1796933345,0.01,13.4841071206,10.0,10.4246059137,12.8455011029,10.0],[0.01,0.1796933345,0.01,13.4841071206,10.0,10.4246059137,12.8455011029,10.0],[0.01,0.1796933345,0.01,13.4841071206,10.0,10.4246059137,12.8455011029,10.0],[0.01,0.1796933345,0.01,13.4841071206,10.0,10.4246059137,12.8455011029,10.0],[0.01,0.1796933345,0.01,13.4841071206,10.0,10.4246059137,12.8455011029,10.0]],"model_objective_values":[-266575.8978574001,-172608.7209151931,-198529.2124098313,-119584.2732041524,-119943.6472070071,-115490.9503327066,-100800.3566597921,-99253.6807263723,-89395.1461403395,-87323.054158839,-87602.3649741093,-87219.0998002851,-87427.0561704968,-87382.5385708806,-87240.489972001,-87279.6822299324],"objective_values":[-219385.7480474336,-88260.8671069579,-142061.3184570354,-93861.681321532,-123213.551882459,-123213.551882459,-89485.4118522452,-120129.7827540971,-89485.4118522452,-86708.7153928045,-86708.7153928045,-86708.7153928045,-86708.7153928045,-86708.7153928045,-86708.7153928045,-86708.7153928045],"standard_deviation_evaluations":[]}