{"evaluated_points":[[0.4980809971,0.01,0.01,10.0058515312,13.2001968414,14.7368306647,14.8244070288,11.0662926114],[0.0840793635,0.01,0.4446201454,10.1287854191,10.7992976332,11.0567042157,12.5573752888,10.8656387961],[0.2080398415,0.5,0.01,11.9423263589,11.1485469756,10.1894214376,13.1642209928,14.6221483682],[0.1501393964,0.5,0.01,12.4731753279,11.0941104002,13.4021981155,10.3021295544,11.8044770479],[0.01,0.4422283706,0.01,13.439016087,10.4511055485,14.8715116506,10.2257609991,10.7733825666],[0.01,0.5,0.01,11.8758360302,13.3821221655,15.0,14.059239274,11.5893230632],[0.01,0.2722306685,0.01,11.6829702798,11.2604374436,13.7063914631,10.4536088314,10.09460373],[0.01,0.5,0.01,11.8758360302,13.3821221655,15.0,14.059239274,11.5893230632],[0.01,0.1076094507,0.01,11.5969863799,12.1790143503,10.0,14.0979527449,12.1884551563],[0.01,0.1209244509,0.01,14.3383337495,12.1553394859,11.9414401538,11.7407670295,11.8195121723],[0.01,0.2722306685,0.01,11.6829702798,11.2604374436,13.7063914631,10.4536088314,10.09460373],[0.01,0.2722306685,0.01,11.6829702798,11.2604374436,13.7063914631,10.4536088314,10.09460373],[0.01,0.1086885496,0.01,12.8061436684,10.6205746455,10.9684718452,11.8377880532,10.0182457832],[0.01,0.1679696492,0.01,13.8987405915,10.1251628852,10.0996864429,11.5504150067,10.0],[0.01,0.1679696492,0.01,13.8987405915,10.1251628852,10.0996864429,11.5504150067,10.0],[0.01,0.1679696492,0.01,13.8987405915,10.1251628852,10.0996864429,11.5504150067,10.0]],"model_objective_values":[-184791.810675767,-89024.3392313146,-118856.5855059861,-119703.9018130077,-96336.1031036504,-93546.9358809384,-92447.470843735,-92860.5631003977,-89751.7163382912,-90251.9146003894,-88466.2205724198,-86646.7265085324,-86306.613733878,-85808.1228908533,-86851.2271297255,-86623.4509194632],"objective_values":[-113926.0386650144,-239422.9222607461,-122704.1341937735,-110663.0001829953,-87657.9813552461,-89158.2995860333,-87264.0398860546,-89158.2995860333,-89755.0537207042,-88594.9256054456,-87264.0398860546,-87264.0398860546,-86884.5684145308,-86606.2057355993,-86606.2057355993,-86606.2057355993],"standard_deviation_evaluations":[]}