{"evaluated_points":[[0.01,0.01,0.1534194329,11.6368031825,11.3672092447,14.7051545742,13.6569649641,13.708040878],[0.3705719994,0.2668824977,0.01,14.0463777715,12.1975227984,13.5163723172,10.9978563947,10.2784007225],[0.01,0.5,0.0325397332,14.7625821162,10.5411284834,13.6792645338,10.5607083083,14.6181119019],[0.01,0.5,0.01,14.7446715734,10.0873172441,10.9505765619,11.3003928931,12.3379393552],[0.01,0.3835579968,0.01,12.565675999,11.4847900156,10.429046134,12.4795615111,14.5621159756],[0.01,0.5,0.01,14.7446715734,10.0873172441,10.9505765619,11.3003928931,12.3379393552],[0.0241791318,0.5,0.01,10.5772487076,14.000163962,12.1799616371,14.651030905,10.1290766646],[0.0241791318,0.5,0.01,10.5772487076,14.000163962,12.1799616371,14.651030905,10.1290766646],[0.01,0.3282393858,0.01,10.0,10.6927593543,11.0257063349,10.3575548334,12.4992993634],[0.01,0.3282393858,0.01,10.0,10.6927593543,11.0257063349,10.3575548334,12.4992993634],[0.01,0.3282393858,0.01,10.0,10.6927593543,11.0257063349,10.3575548334,12.4992993634],[0.01,0.3929936778,0.01,13.6022414974,10.458920714,11.5608610817,10.1722120538,11.3235032744],[0.01,0.3929936778,0.01,13.6022414974,10.458920714,11.5608610817,10.1722120538,11.3235032744],[0.0176340364,0.01,0.01,10.1385504938,14.3908811863,11.2770310715,13.2795319859,10.0223673572],[0.01,0.2164159625,0.01,10.5412010492,11.8818062888,13.1330249683,10.7966728799,10.4016573477],[0.01,0.2164159625,0.01,10.5412010492,11.8818062888,13.1330249683,10.7966728799,10.4016573477]],"model_objective_values":[-194531.8236227795,-87900.5485371703,-120752.5076293046,-110937.2033102383,-97611.6377757241,-100370.9989430176,-88186.9694514563,-96592.2824517768,-89934.1393287766,-90403.0064137524,-90715.2426981299,-91853.0535613342,-92137.3456078296,-90827.946377878,-88699.7630164384,-90064.476905295],"objective_values":[-154476.4361810737,-119089.4442828859,-101699.5598510314,-89049.7516532452,-92787.1531600995,-89049.7516532452,-89253.5419407489,-89253.5419407489,-90704.5837840157,-90704.5837840157,-90704.5837840157,-88130.5826602279,-88130.5826602279,-88209.9750486137,-87867.5132699392,-87867.5132699392],"standard_deviation_evaluations":[]}