{"evaluated_points":[[0.5,0.4357293714,0.5,13.4371795863,14.9605383555,10.1461131021,14.3245832966,12.9807262076],[0.2508175025,0.4524179019,0.01,10.7631241144,10.3285695007,14.3653372136,10.1951161476,11.2169899091],[0.0111894791,0.1748456459,0.01,12.7032318416,13.2718394653,13.5171314666,10.8827899601,11.7256156336],[0.3746500557,0.5,0.01,15.0,12.7285056532,14.3801750753,10.9332415764,10.7230340276],[0.5,0.5,0.01,12.742848353,11.7685520831,10.1158795028,12.1447744031,13.8892116543],[0.2122600609,0.1130685405,0.01,14.4991501895,11.3769916769,12.7771768675,13.5699669992,12.9677314656],[0.5,0.01,0.01,13.8663034914,14.7091417183,10.0,14.9317395862,13.6423100626],[0.2908831152,0.5,0.01,14.086005687,14.6206588108,10.0,12.2711413868,12.7197516846],[0.3746500557,0.5,0.01,15.0,12.7285056532,14.3801750753,10.9332415764,10.7230340276],[0.3746500557,0.5,0.01,15.0,12.7285056532,14.3801750753,10.9332415764,10.7230340276],[0.3746500557,0.5,0.01,15.0,12.7285056532,14.3801750753,10.9332415764,10.7230340276],[0.01,0.01,0.01,14.3062003932,11.7942655168,10.4563072971,14.7450196367,10.2592464015],[0.01,0.01,0.01,14.3062003932,11.7942655168,10.4563072971,14.7450196367,10.2592464015],[0.01,0.1957570989,0.01,11.3357148649,10.1455079668,12.0215756261,13.9945658738,10.1085570579],[0.01,0.1957570989,0.01,11.3357148649,10.1455079668,12.0215756261,13.9945658738,10.1085570579],[0.01,0.1957570989,0.01,11.3357148649,10.1455079668,12.0215756261,13.9945658738,10.1085570579]],"model_objective_values":[-146381.149927534,-125622.8475996096,-120488.231801848,-101511.0752981342,-101640.7324378745,-108628.7768228235,-109252.2765920663,-106143.7914647968,-100002.2722108345,-100379.5957812715,-99206.5367081587,-86735.3154936192,-86968.6763020395,-84776.5833615926,-84751.6636538019,-86248.5631958564],"objective_values":[-270456.4211059092,-119488.9063900256,-88973.9914454327,-119547.6640517605,-117790.7447378959,-118564.6038646567,-116821.5022123153,-122817.9040193435,-119547.6640517605,-119547.6640517605,-119547.6640517605,-86859.9007395292,-86859.9007395292,-87346.1210160638,-87346.1210160638,-87346.1210160638],"standard_deviation_evaluations":[]}