{"evaluated_points":[[0.2881799831,0.1492985987,0.01,14.6137442993,11.9484125942,14.8993899227,15.0,10.2647271323],[0.2443506387,0.1307614095,0.290984942,11.1688870897,10.8535457155,14.774555489,14.9479560694,13.5030574457],[0.5,0.052257217,0.2869239917,11.684848592,11.7157433549,13.363498373,13.4472742171,13.5713138347],[0.1704426294,0.0881488137,0.01,10.3518627357,10.090908016,14.1158372391,12.7974324326,12.2980155846],[0.01,0.2837146825,0.0240261001,10.4042888464,10.1211841219,12.3586990706,11.6850894488,13.7368640097],[0.01,0.01,0.01,13.8235398519,13.0770374388,14.7664729237,14.328934976,14.1175312105],[0.3052021698,0.5,0.01,12.1784478328,14.5702281275,12.8172793383,10.5587270688,10.5608789435],[0.01,0.01,0.01,13.8235398519,13.0770374388,14.7664729237,14.328934976,14.1175312105],[0.01,0.2971917096,0.01,12.3755603265,12.1914775972,10.9356483221,13.8594395615,12.9603070817],[0.0283852273,0.3140871272,0.01,14.0900992144,14.2018313866,14.0270395993,10.661451413,10.5380378056],[0.0149716116,0.1783968841,0.01,14.7812129728,10.5130501579,12.6734669863,13.651391294,10.4713344006],[0.0149716116,0.1783968841,0.01,14.7812129728,10.5130501579,12.6734669863,13.651391294,10.4713344006],[0.01,0.0675739233,0.01,13.6964687711,11.2052395768,14.4759220871,12.9574121517,10.2705011084],[0.01,0.0675739233,0.01,13.6964687711,11.2052395768,14.4759220871,12.9574121517,10.2705011084],[0.01,0.0675739233,0.01,13.6964687711,11.2052395768,14.4759220871,12.9574121517,10.2705011084],[0.01,0.0675739233,0.01,13.6964687711,11.2052395768,14.4759220871,12.9574121517,10.2705011084]],"model_objective_values":[-237042.8831020998,-158416.4562618224,-179344.355704722,-126942.3207775834,-134211.6643156694,-93069.8347419093,-87786.556587198,-95956.1257529921,-92262.1461866742,-91095.4527431235,-88625.8010119689,-88645.1913217126,-87446.6986817085,-87492.3479069032,-87418.4251418403,-87349.2522006571],"objective_values":[-118753.0557306192,-227551.0179684043,-219781.8468273586,-114744.8590800989,-97879.1052578005,-92000.0597565379,-120056.0043072528,-92000.0597565379,-90564.2200116591,-89716.0650037405,-87382.2393041447,-87382.2393041447,-87154.6308493716,-87154.6308493716,-87154.6308493716,-87154.6308493716],"standard_deviation_evaluations":[]}