{"evaluated_points":[[0.1535620134,0.4035485575,0.5,14.5745464143,13.698316998,10.0543462125,11.9022662141,14.8758014671],[0.5,0.01,0.280249975,11.4563928302,13.5364598298,14.7906816817,14.0910638553,11.1027140941],[0.4239629742,0.2090078122,0.1000010321,10.658697104,10.0,12.1323620795,12.1630947924,13.8890919161],[0.1979507114,0.2106738109,0.01,12.6390065253,12.3542100968,10.475395658,14.4778739786,14.1073572124],[0.3637388718,0.5,0.01,11.590320053,14.7741580994,14.1634059607,13.4829485282,10.0123579043],[0.2044511997,0.4336318214,0.01,11.3667562031,11.4559681814,12.1246172992,10.2048007938,14.5814842739],[0.3456226643,0.212305484,0.01,15.0,11.7439679057,10.4361950693,10.8446314061,12.5475640583],[0.3637388718,0.5,0.01,11.590320053,14.7741580994,14.1634059607,13.4829485282,10.0123579043],[0.01,0.5,0.01,10.4178739467,10.7163864685,10.7132155299,10.4288687252,10.8317250778],[0.01,0.4038005817,0.01,12.6290381407,13.1880999755,10.7695916629,11.3087799542,10.5982422795],[0.01,0.5,0.01,10.4178739467,10.7163864685,10.7132155299,10.4288687252,10.8317250778],[0.01,0.4038005817,0.01,12.6290381407,13.1880999755,10.7695916629,11.3087799542,10.5982422795],[0.0113784588,0.2943378229,0.01,12.737444317,12.0899036409,11.719053701,10.5262736607,10.2975942994],[0.01,0.4038005817,0.01,12.6290381407,13.1880999755,10.7695916629,11.3087799542,10.5982422795],[0.01,0.1822566062,0.01,10.8759039197,10.0237884948,11.8227843025,10.8699414595,10.2232934355],[0.01,0.1822566062,0.01,10.8759039197,10.0237884948,11.8227843025,10.8699414595,10.2232934355]],"model_objective_values":[-128994.0241850677,-88326.5761619222,-30937.8118230022,-122365.1046872798,-122809.1386312087,-125304.4801826283,-97762.1550483633,-97140.2674953162,-88617.9520955388,-87971.4095291376,-87663.1697172019,-88970.5905563276,-88053.489523994,-87199.1430044248,-87327.3604622892,-87409.9676697806],"objective_values":[-274154.7182274993,-210581.0977680641,-161468.0918591132,-120238.509322501,-119727.5792901378,-122553.8390118345,-122859.5476631157,-119727.5792901378,-88429.4018104144,-87562.6150703104,-88429.4018104144,-87562.6150703104,-87246.7333895987,-87562.6150703104,-87578.1184201057,-87578.1184201057],"standard_deviation_evaluations":[]}