{"evaluated_points":[[0.3761338067,0.011657591,0.01,14.8097525492,12.9078699125,10.2213260145,10.0,14.7303934496],[0.0317549699,0.1713503491,0.2414535634,12.1836300448,13.6806461988,15.0,14.9722605683,11.4373392046],[0.01,0.5,0.01,11.4116821178,10.2838147567,12.8876455329,12.000516972,11.9166098693],[0.01,0.5,0.01,11.4116821178,10.2838147567,12.8876455329,12.000516972,11.9166098693],[0.01,0.3723362875,0.01,14.557266245,10.37413889,13.8210098966,13.5722853131,12.1786734319],[0.01,0.5,0.01,11.4116821178,10.2838147567,12.8876455329,12.000516972,11.9166098693],[0.2510484729,0.5,0.01,12.2646984663,10.5352751846,12.6190559949,10.4735849188,12.2658688958],[0.01,0.4888018523,0.01,14.0369141988,12.1160109838,13.719124285,10.1084155659,10.269275667],[0.0203635788,0.5,0.01,14.1870498068,14.8810629491,10.775601404,12.6864251234,11.1547530885],[0.3059572349,0.2731891599,0.01,12.5391353277,15.0,13.1134688632,13.3615257787,11.4792998256],[0.1292697539,0.5,0.01,10.4933945961,14.1504778501,11.0998851919,10.5321950281,10.3163310813],[0.01,0.4888018523,0.01,14.0369141988,12.1160109838,13.719124285,10.1084155659,10.269275667],[0.01,0.4888018523,0.01,14.0369141988,12.1160109838,13.719124285,10.1084155659,10.269275667],[0.01,0.2498183971,0.01,13.0794077002,14.0932598018,13.9343676818,13.1419519987,10.7449135415],[0.01,0.3217203293,0.01,13.0269427155,11.970717747,12.0880746353,10.4481707514,11.3547712923],[0.01,0.4888018523,0.01,14.0369141988,12.1160109838,13.719124285,10.1084155659,10.269275667]],"model_objective_values":[-151045.885947237,-58772.4097725373,-123892.314513579,-108729.651560217,-109151.5870623713,-107077.4612622159,-102775.9183065242,-101439.139856269,-107575.9289399238,-105230.5129341338,-108194.6770403361,-90287.1917351543,-87574.4556123906,-88869.6354091921,-89424.4237409511,-87883.9040657557],"objective_values":[-127060.1180293851,-179353.9664057588,-89465.4737442681,-89465.4737442681,-89085.6672845522,-89465.4737442681,-120854.8638137333,-86979.2826213199,-88961.831651207,-121678.3322736238,-106311.3333268294,-86979.2826213199,-86979.2826213199,-87850.2532618508,-88338.7103382687,-86979.2826213199],"standard_deviation_evaluations":[]}