{"evaluated_points":[[0.1605265257,0.5,0.5,12.0417963364,13.0056942515,14.7574410705,10.2240631032,10.0],[0.5,0.0310202306,0.1340926941,10.5410190309,10.6026442241,14.7443158204,14.1961465903,10.5401832607],[0.30050839,0.01,0.01,14.3624162231,12.3021994752,10.24354778,13.0927072739,13.7283275299],[0.4475313661,0.5,0.01,12.5145214445,11.0003956193,13.4618880167,14.2791678569,10.5137175504],[0.4739398532,0.01,0.01,10.5879999617,13.5725754641,13.5502117295,15.0,10.5018415316],[0.4329144076,0.1360544373,0.01,14.5807794253,12.8524218193,15.0,14.553675419,10.2085418212],[0.4739398532,0.01,0.01,10.5879999617,13.5725754641,13.5502117295,15.0,10.5018415316],[0.01,0.1253821599,0.01,12.4713067267,10.0,12.120143307,14.6784748876,12.2294892142],[0.01,0.01,0.01,13.1263782156,10.0,12.5340514336,11.6646949819,11.6709743897],[0.01,0.01,0.01,13.1263782156,10.0,12.5340514336,11.6646949819,11.6709743897],[0.01,0.01,0.01,13.1263782156,10.0,12.5340514336,11.6646949819,11.6709743897],[0.01,0.1386569122,0.01,13.0244436436,11.6228998814,12.104455063,14.8662172342,12.4855771098],[0.01,0.5,0.01,10.4694579326,10.5469103028,12.4081692135,10.2786099491,10.4226544709],[0.01,0.0540513181,0.01,13.8299737373,13.9454377423,14.8912730519,10.1962978755,10.3745301075],[0.01,0.0540513181,0.01,13.8299737373,13.9454377423,14.8912730519,10.1962978755,10.3745301075],[0.01,0.0540513181,0.01,13.8299737373,13.9454377423,14.8912730519,10.1962978755,10.3745301075]],"model_objective_values":[-174242.3451978572,-93162.8900191963,-118621.0003959797,-120489.9142840731,-109961.4558250101,-115549.1539450072,-112739.437981425,-93594.256730007,-93221.4932870128,-94410.735842978,-94569.9638571459,-94444.7698226407,-86044.1974953637,-86258.1958935457,-86410.9398609148,-86426.8810806414],"objective_values":[-258498.1514706701,-161384.3639581155,-125026.5714582792,-116493.7048687686,-115070.7394494563,-116755.641119943,-115070.7394494563,-89588.1603187987,-88693.1398183923,-88693.1398183923,-88693.1398183923,-89807.092480131,-87905.0326637211,-87270.607066521,-87270.607066521,-87270.607066521],"standard_deviation_evaluations":[]}