{"evaluated_points":[[0.3792060077,0.5,0.4320875978,10.4908191889,11.6304814513,13.1015607379,14.9633555116,12.7485576866],[0.3178507585,0.01,0.3920499537,14.6636871244,11.9599877323,13.0043497263,12.658963358,15.0],[0.01,0.2913571151,0.01,11.3200844201,10.4784770417,12.061359894,12.3457951967,15.0],[0.01,0.2913571151,0.01,11.3200844201,10.4784770417,12.061359894,12.3457951967,15.0],[0.0259572437,0.01,0.01,12.4342418315,14.3524897567,13.7406541288,14.6541860986,12.286798497],[0.01,0.3607415508,0.01,13.7552924771,10.3159273937,10.0724546628,14.5915237585,13.7327418712],[0.01,0.3607415508,0.01,13.7552924771,10.3159273937,10.0724546628,14.5915237585,13.7327418712],[0.01,0.3607415508,0.01,13.7552924771,10.3159273937,10.0724546628,14.5915237585,13.7327418712],[0.01,0.2349803444,0.01,14.7000114762,10.6456637766,11.4508943015,14.7383130297,12.6001840263],[0.01,0.01,0.01,12.5207725686,10.1839473519,10.6353193679,14.3930674217,10.0693268272],[0.01,0.01,0.01,12.5207725686,10.1839473519,10.6353193679,14.3930674217,10.0693268272],[0.01,0.2685304131,0.01,14.0532430552,12.8753363993,12.2250311752,10.8605697083,10.7503988318],[0.01,0.01,0.01,12.5207725686,10.1839473519,10.6353193679,14.3930674217,10.0693268272],[0.01,0.01,0.01,12.5207725686,10.1839473519,10.6353193679,14.3930674217,10.0693268272],[0.01,0.01,0.01,12.5207725686,10.1839473519,10.6353193679,14.3930674217,10.0693268272],[0.01,0.01,0.01,12.5207725686,10.1839473519,10.6353193679,14.3930674217,10.0693268272]],"model_objective_values":[-185494.7967621486,-134405.4065666865,10067.9054498186,-91156.7730997902,-86777.777422428,-87806.9682619891,-91319.6263384074,-91207.8319906313,-85640.2172942769,-86838.926899464,-87185.0866588099,-85167.1816434165,-86905.1437098206,-86877.0288874446,-86863.1509383645,-86662.1048685814],"objective_values":[-267027.8729568132,-263737.0055977354,-93899.6007222745,-93899.6007222745,-91869.5306253104,-91191.1840458762,-91191.1840458762,-91191.1840458762,-89476.3572077237,-87013.0119976238,-87013.0119976238,-87448.6579563981,-87013.0119976238,-87013.0119976238,-87013.0119976238,-87013.0119976238],"standard_deviation_evaluations":[]}