{"evaluated_points":[[0.5,0.0889202105,0.5,11.1288420852,13.6166028671,14.0450817231,10.3618432015,14.1883546393],[0.0430491408,0.5,0.2338767461,14.3712659308,10.2078471423,10.3994561669,11.0627725799,13.8065112613],[0.01,0.4493029907,0.01,12.2073980281,10.2332008841,13.9457710304,14.0707265957,12.64169875],[0.01,0.5,0.01,14.0920916498,12.1713046924,10.0373930764,14.6129583819,14.31316998],[0.01,0.5,0.01,14.0920916498,12.1713046924,10.0373930764,14.6129583819,14.31316998],[0.01,0.0318341471,0.01,12.2933698847,10.0311889258,10.2416234628,11.134892215,12.1605151773],[0.01,0.01,0.01,15.0,10.803956224,11.0179147742,14.7089313492,11.1093730372],[0.01,0.3730931031,0.01,13.4374012129,10.4037156781,12.402911513,14.1793637499,10.0268462673],[0.01,0.0110267301,0.01,14.2358404791,10.2684800266,12.6887966044,13.2865191724,10.7845138108],[0.01,0.0809783378,0.01,13.677914077,10.3399803372,13.5389944957,13.072303849,10.4385054204],[0.01,0.3730931031,0.01,13.4374012129,10.4037156781,12.402911513,14.1793637499,10.0268462673],[0.01,0.3730931031,0.01,13.4374012129,10.4037156781,12.402911513,14.1793637499,10.0268462673],[0.01,0.3730931031,0.01,13.4374012129,10.4037156781,12.402911513,14.1793637499,10.0268462673],[0.01,0.3730931031,0.01,13.4374012129,10.4037156781,12.402911513,14.1793637499,10.0268462673],[0.01,0.3730931031,0.01,13.4374012129,10.4037156781,12.402911513,14.1793637499,10.0268462673],[0.01,0.3730931031,0.01,13.4374012129,10.4037156781,12.402911513,14.1793637499,10.0268462673]],"model_objective_values":[-179969.4261890368,-135645.4565361882,-87020.279438733,-70665.8280700988,-91190.0891825946,-88899.0019998404,-88691.9456596426,-87858.0616817064,-87795.7300273294,-86913.5097822818,-86683.5473657728,-86879.5950142819,-86774.5993838568,-86891.3708163653,-86759.2983909985,-86608.4839093572],"objective_values":[-277988.0500905557,-182021.752961822,-90254.7160700315,-91929.8882598676,-91929.8882598676,-89527.2512769201,-87628.5365067712,-86836.3867065883,-87466.9083143816,-87249.2281510695,-86836.3867065883,-86836.3867065883,-86836.3867065883,-86836.3867065883,-86836.3867065883,-86836.3867065883],"standard_deviation_evaluations":[]}