{"evaluated_points":[[0.5,0.01,0.01,11.9183817219,14.4349831431,13.3158108516,10.4719068419,12.8649623263],[0.3602635455,0.0479662229,0.1370513117,13.5441020175,15.0,11.8997742415,11.8984872885,11.3628791699],[0.01,0.4662900292,0.01,13.9704741092,14.7182676201,12.7493788095,14.6192552678,14.6964166418],[0.0870183494,0.5,0.01,13.470906077,13.9309684781,13.0838563217,14.9595276397,13.4472653224],[0.5,0.5,0.01,11.4779480123,11.4051020022,14.6762196762,10.0446521894,12.6369269362],[0.5,0.5,0.01,11.4779480123,11.4051020022,14.6762196762,10.0446521894,12.6369269362],[0.3324246052,0.2625305033,0.01,10.4402612294,13.7296342743,14.2692543905,12.6835190946,10.0],[0.01,0.4779734632,0.01,10.8370489737,10.665293499,10.8059514475,10.2410849083,10.5581979943],[0.01,0.5,0.01,10.877213289,13.4876377481,12.5043281366,13.6444296985,10.0],[0.01,0.5,0.01,10.877213289,13.4876377481,12.5043281366,13.6444296985,10.0],[0.01,0.2331176621,0.01,11.1497877789,13.9810463727,10.449125386,11.9668878918,10.0],[0.01,0.5,0.01,10.877213289,13.4876377481,12.5043281366,13.6444296985,10.0],[0.01,0.5,0.01,10.877213289,13.4876377481,12.5043281366,13.6444296985,10.0],[0.01,0.2331176621,0.01,11.1497877789,13.9810463727,10.449125386,11.9668878918,10.0],[0.01,0.2331176621,0.01,11.1497877789,13.9810463727,10.449125386,11.9668878918,10.0],[0.01,0.2331176621,0.01,11.1497877789,13.9810463727,10.449125386,11.9668878918,10.0]],"model_objective_values":[-255445.5388510354,-1468.7041406871,-116557.7979385694,-127015.6012564257,-125310.9827860152,-125143.6573614637,-115820.1814308393,-88149.3041934447,-86649.5024796751,-86082.0716571241,-85331.1763827048,-87019.7967276515,-86409.7444087928,-86172.0833447752,-86169.9192308529,-86005.3224729427],"objective_values":[-116128.9885422256,-171368.9197828145,-92709.8757741485,-104063.6184880873,-115862.8127405491,-115862.8127405491,-120150.6001511094,-87987.5472642368,-87385.9276810549,-87385.9276810549,-87262.6450328953,-87385.9276810549,-87385.9276810549,-87262.6450328953,-87262.6450328953,-87262.6450328953],"standard_deviation_evaluations":[]}