{"evaluated_points":[[0.0723874354,0.5,0.4396599723,11.74829346,10.278929813,10.352745949,11.6516061116,10.1264994323],[0.01,0.5,0.5,12.1631167705,10.8693529581,10.1886126975,11.8738215731,13.5399875641],[0.244311599,0.1078373177,0.01,13.5417960803,13.7299265925,10.4693772333,12.7906794199,10.2696293767],[0.01,0.01,0.01,10.9917004362,10.0,14.4147412504,14.4967414789,10.4404415492],[0.01,0.2415149515,0.01,10.9843014801,12.5401773306,11.4243585661,13.3348227378,12.1138109552],[0.01,0.01,0.01,10.9917004362,10.0,14.4147412504,14.4967414789,10.4404415492],[0.01,0.01,0.01,10.9917004362,10.0,14.4147412504,14.4967414789,10.4404415492],[0.01,0.1250972907,0.039367582,14.1794962431,10.7644710312,10.6670880036,11.4130344243,10.4651923845],[0.01,0.01,0.01,10.9917004362,10.0,14.4147412504,14.4967414789,10.4404415492],[0.01,0.01,0.01,12.6488225981,14.9501503192,10.1390915665,10.356660558,14.317929712],[0.01,0.0167532381,0.01,10.7344615668,12.4061757891,11.6585580371,12.0301990215,10.0],[0.01,0.3195384877,0.01,11.2519311605,11.7508869583,10.6898942882,14.7195857838,10.3950086594],[0.01,0.0167532381,0.01,10.7344615668,12.4061757891,11.6585580371,12.0301990215,10.0],[0.01,0.0167532381,0.01,10.7344615668,12.4061757891,11.6585580371,12.0301990215,10.0],[0.01,0.0167532381,0.01,10.7344615668,12.4061757891,11.6585580371,12.0301990215,10.0],[0.01,0.5,0.01,13.4280548917,12.785841097,11.8374585272,11.7227550597,10.0],[0.01,0.5,0.01,12.8948964014,10.0,14.2738069294,13.2298283007,10.0],[0.01,0.5,0.01,12.8948964014,10.0,14.2738069294,13.2298283007,10.0]],"model_objective_values":[-174328.862290785,-81801.8035884867,-100103.5536164787,-82105.7817338675,-87324.1840428177,-83026.7242120992,-89822.0660329442,-92263.844186368,-88141.4318408819,-88427.8165735273,-88512.9607759899,-87890.473153744,-87093.087464002,-87083.6152474566,-87106.4067074161,-86813.3698477005,-86995.6707839969,-86842.057368622],"objective_values":[-232974.1382416258,-266063.9749382832,-116530.7255492076,-87874.1083762728,-89844.1797897335,-87874.1083762728,-87874.1083762728,-98784.6465290389,-87874.1083762728,-92392.2532215374,-87365.4621148025,-87679.5947439054,-87365.4621148025,-87365.4621148025,-87365.4621148025,-86783.3348036728,-86975.239657556,-86975.2396575518],"standard_deviation_evaluations":[]}