{"evaluated_points":[[0.01,0.5,0.5,12.8692719887,10.2870237827,12.8664669884,14.8513348185,10.4668325355],[0.1510218337,0.5,0.01,11.0857497833,11.273723956,13.2891985556,15.0,11.4514030608],[0.01,0.5,0.5,13.4526013977,10.8413744442,11.9354605164,12.9259872677,13.469635576],[0.01,0.4866129276,0.01,10.7192911679,11.4567650885,10.7560110567,13.5689450032,11.0380884654],[0.01,0.5,0.01,11.456455031,10.5129629044,12.5226115657,10.2819660598,11.18406231],[0.5,0.0431186212,0.01,11.1965173181,14.7368490055,10.0,11.7542858558,10.4579907595],[0.0906410158,0.1248252267,0.01,13.561759734,10.0433630104,10.0,14.1378384392,11.5414407322],[0.01,0.5,0.01,11.456455031,10.5129629044,12.5226115657,10.2819660598,11.18406231],[0.01,0.4619045326,0.0122835549,11.1410903857,14.4034479479,12.4147552596,12.3737193211,10.0226134161],[0.01,0.5,0.01,14.929285552,12.6706049105,14.4738220641,10.0586241705,10.626374751],[0.01,0.5,0.01,14.929285552,12.6706049105,14.4738220641,10.0586241705,10.626374751],[0.01,0.3701995427,0.01,11.3475000229,11.1986525194,11.7499059064,10.4719068213,10.0677444021],[0.01,0.3701995427,0.01,11.3475000229,11.1986525194,11.7499059064,10.4719068213,10.0677444021],[0.01,0.3701995427,0.01,11.3475000229,11.1986525194,11.7499059064,10.4719068213,10.0677444021],[0.01,0.3701995427,0.01,11.3475000229,11.1986525194,11.7499059064,10.4719068213,10.0677444021],[0.01,0.3701995427,0.01,11.3475000229,11.1986525194,11.7499059064,10.4719068213,10.0677444021]],"model_objective_values":[-226039.3541169399,-75125.5983763247,-83612.3487077417,-118192.9318027571,-92500.5265726908,-85790.5987858992,-87715.7170911487,-89253.8001407939,-88793.2105916711,-88259.2477197805,-88114.4368723229,-86818.5830746888,-86809.7129596609,-86812.4354513139,-86744.237921678,-86793.9544168649],"objective_values":[-253347.587802703,-110720.4665745691,-264845.2646065976,-88559.7074409153,-88535.5800703554,-112186.2645300478,-101482.7454881037,-88535.5800703554,-88073.3913616885,-87256.1959220735,-87256.1959220735,-87285.3155379275,-87285.3155379275,-87285.3155379275,-87285.3155379275,-87285.3155379275],"standard_deviation_evaluations":[]}