{"evaluated_points":[[0.01,0.5,0.0335645127,14.490245459,11.2509587322,14.8588067288,10.5994794759,10.5242099431],[0.01,0.5,0.0335645127,14.490245459,11.2509587322,14.8588067288,10.5994794759,10.5242099431],[0.2324681655,0.221151958,0.01,12.9345681879,14.605773514,10.0334422871,14.4665265208,10.0],[0.01,0.3914651415,0.106847847,13.4272346386,10.0,10.9073764273,13.029517801,13.242609379],[0.2848241993,0.4987960281,0.120974264,12.8227720087,10.0,12.8145511373,12.1542453524,12.7842374827],[0.1200439066,0.1260222745,0.01,12.6012904194,10.2462509701,10.5281068114,13.4936042079,10.4212199385],[0.1200439066,0.1260222745,0.01,12.6012904194,10.2462509701,10.5281068114,13.4936042079,10.4212199385],[0.01,0.01,0.01,11.3279826521,10.2896464006,11.6138440186,11.0210157433,12.2017138224],[0.01,0.1752761755,0.01,15.0,12.8895734736,12.386916548,14.7848822604,11.1172488894],[0.01,0.5,0.01,11.8312707947,10.0235567627,11.6770427056,10.5079982892,10.0],[0.01,0.5,0.01,12.1224948632,10.3106268783,11.5124897254,11.0946551369,11.2518871094],[0.01,0.5,0.01,11.8312707947,10.0235567627,11.6770427056,10.5079982892,10.0],[0.01,0.12301943,0.01,13.8801902439,11.677147736,14.8211377583,14.396623459,10.442702523],[0.01,0.12301943,0.01,13.8801902439,11.677147736,14.8211377583,14.396623459,10.442702523],[0.01,0.12301943,0.01,13.8801902439,11.677147736,14.8211377583,14.396623459,10.442702523],[0.01,0.5,0.01,11.8312707947,10.0235567627,11.6770427056,10.5079982892,10.0]],"model_objective_values":[-264920.9113611245,-171752.301279741,-119437.1645786038,-108576.9113847484,-105458.9273617267,-118889.5103650809,-118658.3343492718,-96315.9914456692,-87089.041535629,-86994.9175353471,-87023.1710079089,-86858.7927713555,-86713.0123153701,-86760.4264239329,-86942.0402714086,-86459.0350500039],"objective_values":[-96690.1936153333,-96690.1936153333,-115567.4302474844,-132294.4457164942,-167551.8197181243,-104547.7868299425,-104547.7868299425,-89855.6029051161,-87800.7449595373,-87095.0974602734,-88435.8553818357,-87095.0974602734,-87408.6416626444,-87408.6416626444,-87408.6416626444,-87095.0974602734],"standard_deviation_evaluations":[]}