{"evaluated_points":[[0.01,0.01,0.5,14.9110125,13.8258730177,14.4476954412,12.4746810971,10.1626320701],[0.5,0.0185777569,0.01,11.3131970521,12.3936149243,10.1541898321,13.942798891,12.8548285925],[0.4271571384,0.1060473798,0.01,13.1800485885,11.8918389648,13.9916750882,13.5369665209,12.0943158412],[0.2145584022,0.01,0.01,13.8613833507,12.3835454398,12.3757481054,13.6982914329,14.5532254774],[0.01,0.01,0.01,10.3733191357,11.4780125498,14.5160925872,12.1333782563,10.4525489295],[0.01,0.01,0.01,10.3733191357,11.4780125498,14.5160925872,12.1333782563,10.4525489295],[0.0260074463,0.01,0.01,12.3009242781,13.1651294157,12.0111293173,14.8470573141,10.0],[0.01,0.0917638006,0.01,13.1286871719,11.3798697329,10.994051867,10.6458959919,13.9683151653],[0.01,0.01,0.01,10.3733191357,11.4780125498,14.5160925872,12.1333782563,10.4525489295],[0.01,0.01,0.01,13.0716577727,13.9356384917,13.0991818847,11.17936847,12.4925815856],[0.01,0.3183261909,0.01,12.0009541576,13.8891698931,13.769425192,12.4264841317,10.1319013532],[0.01,0.2896995363,0.01,10.4667031975,14.3107580835,11.4547810152,14.780560227,10.2616841229],[0.01,0.1986885603,0.01,12.9538161368,11.2531362575,11.9348227785,12.3933547632,10.1807611188],[0.01,0.2896995363,0.01,10.4667031975,14.3107580835,11.4547810152,14.780560227,10.2616841229],[0.01,0.0466936683,0.01,11.9277326665,13.862473772,10.5567020567,14.4293602661,10.4053917209],[0.01,0.0466936683,0.01,11.9277326665,13.862473772,10.5567020567,14.4293602661,10.4053917209]],"model_objective_values":[-133739.0762989922,-107083.5624126176,-123396.2658244859,-54599.8374255,-105676.769087481,-109400.452792458,-99891.7944006703,-92512.0413263619,-91720.6912130238,-91605.8348221937,-87552.392134724,-86579.5061117925,-89568.1935763319,-89613.425608286,-85833.8567384844,-87600.7808127835],"objective_values":[-251669.2911149051,-116352.6224413548,-120347.4043910444,-122186.6424236052,-88010.9371846296,-88010.9371846296,-89037.5766104974,-91721.5952331584,-88010.9371846296,-89818.9585649842,-87343.8278929708,-87762.3267241599,-87056.4580386325,-87762.3267241599,-87553.2089674105,-87553.2089674105],"standard_deviation_evaluations":[]}