{"evaluated_points":[[0.5,0.3214160487,0.2326042531,13.3059715287,13.9440751274,12.5161347978,15.0,13.0776361201],[0.2903371377,0.5,0.01,10.7513447071,10.8539026249,14.0382371112,10.0,10.0],[0.5,0.3214160487,0.2326042531,13.3059715287,13.9440751274,12.5161347978,15.0,13.0776361201],[0.1630641187,0.2199336079,0.01,14.3499723314,14.7717883915,13.8235174,14.3585069247,11.6285881647],[0.2114490229,0.01,0.01,14.3279511365,12.5071854007,13.1247783205,12.2413015474,13.6965507298],[0.2114490229,0.01,0.01,14.3279511365,12.5071854007,13.1247783205,12.2413015474,13.6965507298],[0.01,0.353956442,0.01,12.6671807983,14.6158916269,11.944950631,13.4721225593,13.372302371],[0.01,0.1969818097,0.01,14.2069568625,10.7662278799,14.5519286024,12.5700861904,12.7789902475],[0.01,0.256234798,0.01,14.9278565874,15.0,14.4114914024,12.4646027642,10.9822731792],[0.01,0.1621837523,0.01,13.9953218681,13.5410226006,11.0005622091,10.0916872809,10.3615735583],[0.01,0.1621837523,0.01,13.9953218681,13.5410226006,11.0005622091,10.0916872809,10.3615735583],[0.01,0.1621837523,0.01,13.9953218681,13.5410226006,11.0005622091,10.0916872809,10.3615735583],[0.01,0.1621837523,0.01,13.9953218681,13.5410226006,11.0005622091,10.0916872809,10.3615735583],[0.01,0.1632789031,0.01,12.7476886172,11.0210860878,11.3566685679,14.2022529291,10.3778533052],[0.01,0.1621837523,0.01,13.9953218681,13.5410226006,11.0005622091,10.0916872809,10.3615735583],[0.01,0.1632789031,0.01,12.7476886172,11.0210860878,11.3566685679,14.2022529291,10.3778533052]],"model_objective_values":[-237453.5253151593,-200439.0795220009,-117508.6528699559,-122310.5684537612,-118295.8517496933,-83874.4015457368,-90612.3843505928,-90667.4947672632,-90600.6516263077,-90450.3034934741,-90627.8665121202,-90594.3989762708,-90155.654836728,-89156.9704960067,-89410.3716240757,-88094.9731551741],"objective_values":[-199570.7158755554,-119174.60291101,-199570.7158755554,-111673.6856469799,-119973.3042861944,-119973.3042861944,-91111.2286913374,-89943.1037803854,-87839.8023501189,-86994.6583255852,-86994.6583255852,-86994.6583255852,-86994.6583255852,-87318.3834807036,-86994.6583255852,-87318.3834807036],"standard_deviation_evaluations":[]}