{"evaluated_points":[[0.3250443069,0.143254195,0.01,10.7679627391,12.6694175134,11.7497420942,10.0,13.7459339027],[0.4566264722,0.0796162312,0.01,10.0,14.1066871121,13.4808196685,10.0162838985,13.2842980481],[0.2719305117,0.1528280097,0.4440720347,10.9324149019,13.5114084039,14.9645516029,13.9705095433,11.5130154347],[0.0702473535,0.1020684482,0.01,14.062484946,10.3842913887,14.4968136617,12.8586574212,14.3610741852],[0.0702473535,0.1020684482,0.01,14.062484946,10.3842913887,14.4968136617,12.8586574212,14.3610741852],[0.0702473535,0.1020684482,0.01,14.062484946,10.3842913887,14.4968136617,12.8586574212,14.3610741852],[0.01,0.5,0.01,14.6555034005,10.6019972053,14.3467177832,11.8005683394,12.6756790027],[0.01,0.5,0.01,14.6555034005,10.6019972053,14.3467177832,11.8005683394,12.6756790027],[0.01,0.5,0.01,14.6555034005,10.6019972053,14.3467177832,11.8005683394,12.6756790027],[0.01,0.2638799699,0.01,13.2537679894,10.3253437872,10.3525410682,10.1960489173,11.0382328399],[0.01,0.166959237,0.01,12.2118449371,11.3295378176,14.1433724378,10.1479590812,10.7331770303],[0.01,0.5,0.01,14.6555034005,10.6019972053,14.3467177832,11.8005683394,12.6756790027],[0.01,0.5,0.01,14.9440622995,14.0184002255,11.3032254766,12.9644054203,10.0],[0.01,0.5,0.01,14.9440622995,14.0184002255,11.3032254766,12.9644054203,10.0],[0.01,0.5,0.01,14.9440622995,14.0184002255,11.3032254766,12.9644054203,10.0],[0.01,0.5,0.01,14.9440622995,14.0184002255,11.3032254766,12.9644054203,10.0]],"model_objective_values":[-230739.592089332,-120684.7718119456,-67846.2516810593,-87492.4556308742,-87963.8294096589,-88900.5894473026,-88030.3259307486,-87864.8021104168,-88440.1342151275,-88265.3533077679,-88066.372949323,-87934.5555938772,-87153.2155760504,-87380.6222611356,-86950.32272559,-85774.3635044848],"objective_values":[-127308.0596746292,-121900.1130936392,-264040.9236320148,-102421.8077140591,-102421.8077140591,-102421.8077140591,-89662.1968064166,-89662.1968064166,-89662.1968064166,-87887.148713188,-87862.3011486347,-89662.1968064166,-86541.4183178111,-86541.4183178111,-86541.4183178111,-86541.4183178111],"standard_deviation_evaluations":[]}