{"evaluated_points":[[0.5,0.5,0.01,12.2657868616,13.4839984991,14.9418818214,14.0342387856,10.0109551648],[0.5,0.5,0.01,12.2657868616,13.4839984991,14.9418818214,14.0342387856,10.0109551648],[0.5,0.5,0.01,12.2657868616,13.4839984991,14.9418818214,14.0342387856,10.0109551648],[0.01,0.1732435363,0.01,10.8048913379,11.2085912277,12.1568524082,11.6073526389,14.6067321451],[0.0438734358,0.01,0.01,10.0521391859,14.4678466,13.3086646761,14.2633062927,11.0904895012],[0.01,0.092280667,0.01,12.0602096655,14.4943192579,11.7914302333,10.2888994973,10.207603108],[0.01,0.092280667,0.01,12.0602096655,14.4943192579,11.7914302333,10.2888994973,10.207603108],[0.01,0.0435652167,0.01,10.4408563494,14.3693213928,10.1901469985,13.0085946289,11.4241647685],[0.01,0.0170401319,0.01,14.8580205161,14.110279165,10.0,13.7070001054,12.6733617126],[0.01,0.0170401319,0.01,14.8580205161,14.110279165,10.0,13.7070001054,12.6733617126],[0.01,0.0170401319,0.01,14.8580205161,14.110279165,10.0,13.7070001054,12.6733617126],[0.01,0.0170401319,0.01,14.8580205161,14.110279165,10.0,13.7070001054,12.6733617126],[0.01,0.0351981509,0.01,14.363494337,13.9230113243,12.6249463471,12.2923022489,11.0947166328],[0.01,0.092280667,0.01,12.0602096655,14.4943192579,11.7914302333,10.2888994973,10.207603108],[0.01,0.01,0.01,10.8134475769,10.6252837811,12.8023743889,11.5086905988,10.1208552155],[0.01,0.01,0.01,13.7485598847,11.3849411705,11.7134569659,11.3401871876,10.1393645041]],"model_objective_values":[-216604.0635487349,-125150.9216487986,-169136.2176041644,-127027.2905481998,-113893.1503990104,-94259.5510556718,-94234.2159437582,-94260.4275818786,-94153.3730541931,-94300.9971893729,-94589.4166000766,-94638.9785968032,-94336.3611948732,-94238.554273434,-87174.6727334727,-86412.3123149979],"objective_values":[-111488.852797523,-111488.852797523,-111488.852797523,-93469.8804011334,-94028.7318999549,-87292.0155673762,-87292.0155673762,-89111.4301052048,-89518.0785630557,-89518.0785630557,-89518.0785630557,-89518.0785630557,-87860.1467857339,-87292.0155673762,-87479.1274362017,-86823.7002569114],"standard_deviation_evaluations":[]}