{"evaluated_points":[[0.01,0.025112159,0.1013856001,13.2034884591,10.3848507119,12.8055714712,10.0,11.7878804069],[0.01,0.025112159,0.1013856001,13.2034884591,10.3848507119,12.8055714712,10.0,11.7878804069],[0.01,0.5,0.0505926142,10.1747202968,12.0056364867,14.6939610917,10.0,10.9834050328],[0.1954662903,0.3694264745,0.2423001202,14.8343475217,14.7752353747,12.1814160003,11.7256467268,12.5586101712],[0.0379304965,0.01,0.01,13.4336300772,10.0706024302,14.5240178006,11.1547509963,10.5595788858],[0.01,0.4625068386,0.01,12.5677639545,12.5830079101,14.3740155838,10.2990184732,13.8371717436],[0.01,0.5,0.01,14.1263737851,10.1081602777,10.2102005489,14.743650943,11.8945916569],[0.01,0.5,0.01,14.1263737851,10.1081602777,10.2102005489,14.743650943,11.8945916569],[0.0379304965,0.01,0.01,13.4336300772,10.0706024302,14.5240178006,11.1547509963,10.5595788858],[0.01,0.2703426231,0.01,13.1704747696,13.619469595,11.787482334,11.3765775917,10.2057539702],[0.01,0.4957286443,0.01,13.5025422449,14.9392555829,11.7908281746,10.0537736421,10.2962538045],[0.01,0.2703426231,0.01,13.1704747696,13.619469595,11.787482334,11.3765775917,10.2057539702],[0.01,0.2703426231,0.01,13.1704747696,13.619469595,11.787482334,11.3765775917,10.2057539702],[0.01,0.2703426231,0.01,13.1704747696,13.619469595,11.787482334,11.3765775917,10.2057539702],[0.01,0.2703426231,0.01,13.1704747696,13.619469595,11.787482334,11.3765775917,10.2057539702],[0.01,0.2703426231,0.01,13.1704747696,13.619469595,11.787482334,11.3765775917,10.2057539702]],"model_objective_values":[-258750.2151102951,-122891.0414752078,-164859.6752558576,-177370.2192389063,-113615.8498424739,-92839.9954428787,-75064.9414017016,-87633.6508915156,-88558.6028927904,-88118.6104056836,-87919.3259149575,-87367.3358334149,-87307.7093864572,-86536.2662825746,-86520.7248671404,-86852.5007248686],"objective_values":[-127265.6339847175,-127265.6339847175,-105530.4462055808,-202001.8303467417,-91436.1068611641,-91782.5798786746,-88691.0480872339,-88691.0480872339,-91436.1068611641,-87056.8852962007,-87084.5703295992,-87056.8852962007,-87056.8852962007,-87056.8852962007,-87056.8852962007,-87056.8852962007],"standard_deviation_evaluations":[]}