{"evaluated_points":[[0.01,0.2135380108,0.1313912922,10.0653649127,12.947610021,11.0338055439,13.0241189932,14.5152866067],[0.5,0.2724030889,0.2320334269,13.4200333603,10.9968499642,10.6734559382,10.0062583043,15.0],[0.01,0.2135380108,0.1313912922,10.0653649127,12.947610021,11.0338055439,13.0241189932,14.5152866067],[0.0813260921,0.2785152965,0.01,14.8862383679,13.2879793699,10.6546728307,14.9414771649,12.2081151602],[0.01,0.5,0.2113333163,14.324499452,12.5431548098,13.5615334578,11.1521063093,11.870056682],[0.01,0.3523804463,0.0987993622,12.441154217,12.1818839522,10.624148441,12.3183886906,10.0],[0.01,0.1471243319,0.01,11.2423614079,10.2564214027,10.0,14.5810701157,11.5792243096],[0.2265597954,0.5,0.01,11.0163295485,10.4355568797,11.7955832466,11.5522559852,10.0],[0.01,0.5,0.01,10.2400110474,12.4519380084,11.2544284946,10.5995898561,12.0595317434],[0.01,0.1471243319,0.01,11.2423614079,10.2564214027,10.0,14.5810701157,11.5792243096],[0.01,0.1471243319,0.01,11.2423614079,10.2564214027,10.0,14.5810701157,11.5792243096],[0.01,0.4279744352,0.01,12.7783023274,13.2234144873,13.393000381,11.3463773079,10.6176980399],[0.01,0.4279744352,0.01,12.7783023274,13.2234144873,13.393000381,11.3463773079,10.6176980399],[0.01,0.4279744352,0.01,12.7783023274,13.2234144873,13.393000381,11.3463773079,10.6176980399],[0.01,0.3844663755,0.01,10.5960244888,10.7423916224,10.9936221608,14.6914563803,10.3882250897],[0.01,0.3844663755,0.01,10.5960244888,10.7423916224,10.9936221608,14.6914563803,10.3882250897]],"model_objective_values":[-238463.7704755703,-71119.9026840015,-93266.0144508655,-112029.8732522224,-108620.4176603709,-105390.1123215435,-102105.4293889389,-68779.8255480745,-93922.2842265952,-89684.3596642872,-90123.0150349233,-88582.6449655422,-89107.2892551219,-87995.1358015403,-87672.5385009896,-87668.1401379466],"objective_values":[-147631.3833023541,-204743.4737365867,-147631.3833023541,-100647.2022746633,-171300.943602462,-123394.2632412474,-89081.3312401699,-115740.8202183878,-89997.0203179839,-89081.3312401699,-89081.3312401699,-87647.1151794443,-87647.1151794443,-87647.1151794443,-87831.4580495402,-87831.4580495402],"standard_deviation_evaluations":[]}