{"evaluated_points":[[0.0532540697,0.01,0.2842545785,11.3690034634,11.0334564635,12.4649864975,10.6253283262,15.0],[0.01,0.01,0.01,10.8303277116,10.0752351457,10.8477789515,11.933540186,12.172624162],[0.1124738772,0.3505645866,0.0181522851,14.3627584079,10.9157164322,11.6629297821,12.7154037426,14.8591741091],[0.01,0.01,0.01,11.8938871986,14.0293993797,10.0,10.2591039097,13.8636901221],[0.2422338688,0.01,0.01,10.9803225386,11.0148572478,11.2758548105,12.9820145954,14.2576704234],[0.5,0.4512222634,0.01,11.7684295152,14.5852330083,12.1483430347,11.0706938404,12.4895886539],[0.1340171546,0.4857166143,0.01,10.1659254664,11.7839868528,11.2978386631,14.0225927771,14.8668352584],[0.01,0.01,0.01,11.8938871986,14.0293993797,10.0,10.2591039097,13.8636901221],[0.01,0.5,0.01,11.2278149667,11.1252784345,10.0703274349,13.7694499218,11.5185634275],[0.01,0.4707594399,0.01,11.6366743882,10.1561395886,14.3193737163,10.6661345868,10.4831619146],[0.01,0.154927425,0.01,14.4211484645,13.6908049063,10.3273490407,11.5017159326,10.245559575],[0.01,0.4978973991,0.01,12.8004161418,12.9461825685,12.7049983483,12.3179004352,10.0799044339],[0.01,0.4978973991,0.01,12.8004161418,12.9461825685,12.7049983483,12.3179004352,10.0799044339],[0.01,0.4978973991,0.01,12.8004161418,12.9461825685,12.7049983483,12.3179004352,10.0799044339],[0.01,0.4978973991,0.01,12.8004161418,12.9461825685,12.7049983483,12.3179004352,10.0799044339],[0.01,0.4978973991,0.01,12.8004161418,12.9461825685,12.7049983483,12.3179004352,10.0799044339]],"model_objective_values":[-259381.1758103606,-104030.5621765334,-73305.2739445862,-112234.2217355692,-111836.5993535151,-111048.3562514011,-112093.5405293267,-101161.30223129,-95658.554026789,-92507.0092270795,-87265.6141422832,-86803.2136608871,-86919.9545236214,-87021.2303744189,-87008.7927092345,-86976.8559916434],"objective_values":[-205234.5368457033,-89979.1622670684,-112616.0263612514,-91982.9954191579,-125100.9802123239,-115466.0841117127,-115322.8453408718,-91982.9954191579,-89009.090910726,-87706.2615894814,-86789.0737295017,-87046.8959376296,-87046.8959376296,-87046.8959376296,-87046.8959376296,-87046.8959376296],"standard_deviation_evaluations":[]}