{"evaluated_points":[[0.5,0.5,0.0207119064,10.0,13.7793257718,10.0,14.9898342965,12.2888455253],[0.5,0.4393581259,0.1478105749,14.4869932165,10.3987155925,15.0,10.6181337937,10.5967100238],[0.4733959216,0.1615156979,0.2923092378,13.6212101504,11.6058882988,11.9989827004,10.0,14.7236947394],[0.0380075876,0.5,0.01,14.8654618866,15.0,13.3544002553,10.6436268342,12.7819118228],[0.0380075876,0.5,0.01,14.8654618866,15.0,13.3544002553,10.6436268342,12.7819118228],[0.0380075876,0.5,0.01,14.8654618866,15.0,13.3544002553,10.6436268342,12.7819118228],[0.01,0.4009876345,0.01,14.8402466779,13.6791545023,11.2216091354,14.1980838686,11.9365356793],[0.3898500957,0.4778320638,0.01,14.4544924939,14.128489553,13.2048976789,12.0338068007,10.8767538628],[0.01,0.314222278,0.01,10.2883974889,14.4027256848,11.0857471743,10.1495127512,10.0],[0.01,0.314222278,0.01,10.2883974889,14.4027256848,11.0857471743,10.1495127512,10.0],[0.01,0.314222278,0.01,10.2883974889,14.4027256848,11.0857471743,10.1495127512,10.0],[0.01,0.314222278,0.01,10.2883974889,14.4027256848,11.0857471743,10.1495127512,10.0],[0.01,0.5,0.01,14.4197447586,11.7820301172,13.5660603262,10.6409946303,10.3605668481],[0.01,0.5,0.01,14.4197447586,11.7820301172,13.5660603262,10.6409946303,10.3605668481],[0.01,0.5,0.01,14.4197447586,11.7820301172,13.5660603262,10.6409946303,10.3605668481],[0.01,0.5,0.01,14.4197447586,11.7820301172,13.5660603262,10.6409946303,10.3605668481]],"model_objective_values":[-172910.9790225731,-118135.422730628,-34292.9841228507,-109913.1797759381,-114707.8276011353,-77060.7663923874,-93051.2213734412,-89413.766917241,-86815.8296758078,-86529.0802726994,-86673.7939608093,-86463.4751621422,-87298.799536449,-87065.6540948917,-86777.2255861212,-86667.0623195799],"objective_values":[-118860.2521843255,-165375.9430811434,-226794.5766510639,-93963.1849218188,-93963.1849218188,-93963.1849218188,-88690.7081303217,-119520.768471782,-87472.9468193248,-87472.9468193248,-87472.9468193248,-87472.9468193248,-86998.7658300438,-86998.7658300438,-86998.7658300438,-86998.7658300438],"standard_deviation_evaluations":[]}