{"evaluated_points":[[0.01,0.5,0.5,13.318676325,10.7022413282,14.4776831314,10.0614187372,14.3935336199],[0.0326733451,0.5,0.01,12.6738581449,14.7207440768,14.710685127,10.0,14.673571763],[0.2675766167,0.01,0.3617432391,14.8681440995,13.9903361967,12.3039770933,11.4298809521,10.9969097689],[0.4677580868,0.4232161918,0.01,10.2970538597,12.347738793,14.8515439614,10.795537756,10.2412745667],[0.01,0.5,0.01,11.3803069585,10.6342634234,13.3265760447,12.4187659495,13.8676106775],[0.01,0.3852377272,0.01,12.2299350875,10.3435432258,14.6706605059,11.7763141243,10.3982181563],[0.01,0.1452418372,0.01,12.6328114712,14.5040505013,12.1300660779,13.8942077048,10.1889283226],[0.01,0.1452418372,0.01,12.6328114712,14.5040505013,12.1300660779,13.8942077048,10.1889283226],[0.01,0.4877447539,0.01,10.2548608004,12.5937610978,13.8658627288,11.3799192841,12.5005387048],[0.01,0.4877447539,0.01,10.2548608004,12.5937610978,13.8658627288,11.3799192841,12.5005387048],[0.01,0.4877447539,0.01,10.2548608004,12.5937610978,13.8658627288,11.3799192841,12.5005387048],[0.01,0.5,0.01,10.743489958,12.5102925488,11.4402283602,10.6613860204,10.3670983116],[0.01,0.5,0.01,10.743489958,12.5102925488,11.4402283602,10.6613860204,10.3670983116],[0.01,0.1452418372,0.01,12.6328114712,14.5040505013,12.1300660779,13.8942077048,10.1889283226],[0.01,0.1452418372,0.01,12.6328114712,14.5040505013,12.1300660779,13.8942077048,10.1889283226],[0.01,0.1452418372,0.01,12.6328114712,14.5040505013,12.1300660779,13.8942077048,10.1889283226]],"model_objective_values":[-223577.305481154,-128442.5470307778,-119425.0215009255,-103608.8401526811,-92721.3071160101,-91963.1595490159,-91001.2074106166,-90431.0562738066,-90580.2259955767,-90604.4147775599,-90488.6751606147,-90158.5726674061,-89429.9372450625,-88051.1896090987,-88135.909572322,-86812.259802787],"objective_values":[-269648.0102824749,-96431.1407742487,-238756.8232791536,-115195.6559050507,-92161.1694571667,-87521.8340620567,-87248.4593566,-87248.4593566,-90593.2504614101,-90593.2504614101,-90593.2504614101,-87768.7748621352,-87768.7748621352,-87248.4593566,-87248.4593566,-87248.4593566],"standard_deviation_evaluations":[]}