{"evaluated_points":[[0.1653754251,0.01,0.01,12.8104185901,14.9395729325,10.0628590185,10.3439915745,11.4054819588],[0.5,0.0105034861,0.01,10.0,11.4901600608,11.1946117476,11.6587518278,13.0115770401],[0.4931974238,0.2204454091,0.01,14.0307940292,12.591441024,10.9515512425,10.9420362465,12.1681095923],[0.3278386204,0.179655372,0.01,14.0923602161,11.2311583238,11.3152687754,12.6397224813,14.6485887322],[0.1653754251,0.01,0.01,12.8104185901,14.9395729325,10.0628590185,10.3439915745,11.4054819588],[0.01,0.5,0.01,10.5167832829,10.0,13.4917576269,11.4238336282,11.842632336],[0.01,0.2685180992,0.01,10.1066800225,12.2243039317,11.956217085,10.7236854371,10.8090184725],[0.5,0.0105034861,0.01,10.0,11.4901600608,11.1946117476,11.6587518278,13.0115770401],[0.1803251179,0.1632020922,0.01,15.0,13.6724925896,13.668879357,10.8597060607,12.9197255397],[0.01,0.2685180992,0.01,10.1066800225,12.2243039317,11.956217085,10.7236854371,10.8090184725],[0.01,0.2685180992,0.01,10.1066800225,12.2243039317,11.956217085,10.7236854371,10.8090184725],[0.01,0.2685180992,0.01,10.1066800225,12.2243039317,11.956217085,10.7236854371,10.8090184725],[0.01,0.2685180992,0.01,10.1066800225,12.2243039317,11.956217085,10.7236854371,10.8090184725],[0.01,0.2685180992,0.01,10.1066800225,12.2243039317,11.956217085,10.7236854371,10.8090184725],[0.0130991559,0.1975675725,0.01,12.200716414,14.8295374832,13.2988202988,11.5347343774,10.0],[0.01,0.01,0.01,11.7037427646,11.5286864633,11.151335571,12.7503694625,10.3457564854]],"model_objective_values":[-265733.7401006583,-38795.4729619462,-130379.4916826169,-112673.1277957863,-110132.3761744237,-92376.3587111724,-92491.1941538353,-98838.8612461444,-68518.4782749034,-88548.1224614838,-89561.1496979491,-87561.823989356,-87225.0394814708,-86771.8501246996,-86802.2974256882,-86132.8222784703],"objective_values":[-111676.7356642901,-117299.4525630885,-114705.2147483663,-127652.22113226,-111676.7356642901,-89623.677135843,-88451.433004429,-117299.4525630885,-115299.3565171199,-88451.433004429,-88451.433004429,-88451.433004429,-88451.433004429,-88451.433004429,-87284.3209893009,-87507.4970128731],"standard_deviation_evaluations":[]}