{"evaluated_points":[[0.5,0.1145643928,0.5,10.5133285449,10.708856821,11.6286454738,12.6189822594,15.0],[0.01,0.357534704,0.01,11.3831694082,14.8578392325,15.0,13.3955827861,11.8897479814],[0.3963200329,0.3027844292,0.01,14.7612652743,13.3228043997,11.6009308205,13.082490808,10.6530818241],[0.01,0.5,0.01,11.1537018814,13.7318057924,15.0,11.3717458037,13.8950781907],[0.1086266292,0.3646593378,0.01,13.8489524383,11.5172814505,12.6292915494,13.953542611,10.2715536438],[0.01,0.2608081659,0.01,13.1575326175,10.849423796,11.9295145261,11.038582631,14.7105326866],[0.01,0.01,0.01,15.0,14.3815814922,13.5607924663,14.9106536613,12.1283929553],[0.01,0.01,0.01,15.0,14.3815814922,13.5607924663,14.9106536613,12.1283929553],[0.01,0.01,0.01,15.0,14.3815814922,13.5607924663,14.9106536613,12.1283929553],[0.01,0.1408723827,0.01,10.7560112546,10.2548554522,13.7248167476,13.0222728251,12.3173491559],[0.01,0.01,0.01,10.007536074,10.1493004493,10.4780205564,15.0,10.0],[0.01,0.01,0.01,10.007536074,10.1493004493,10.4780205564,15.0,10.0],[0.01,0.01,0.01,10.007536074,10.1493004493,10.4780205564,15.0,10.0],[0.01,0.01,0.01,10.007536074,10.1493004493,10.4780205564,15.0,10.0],[0.01,0.01,0.01,10.007536074,10.1493004493,10.4780205564,15.0,10.0],[0.01,0.01,0.01,10.007536074,10.1493004493,10.4780205564,15.0,10.0]],"model_objective_values":[-148761.8492828675,-121861.1618866643,-99586.1679055346,-116821.6616125158,-117414.4205467931,-93376.3664320321,-86810.6112990996,-86648.9291040976,-86489.6001255776,-86809.6077913362,-86637.5808447165,-86739.5167182493,-86677.1880250528,-86560.1693237695,-86531.5333158594,-86573.2916719531],"objective_values":[-282307.8146385296,-89666.2812570914,-118720.7661709333,-92351.6468804782,-102518.7820453158,-92807.7795659203,-89135.8390705502,-89135.8390705502,-89135.8390705502,-90194.0546450091,-87546.6484747012,-87546.6484747012,-87546.6484747012,-87546.6484747012,-87546.6484747012,-87546.6484747012],"standard_deviation_evaluations":[]}