{"0":{"std":69149.8255454371,"n_samples":29,"ci_up":214060.7150831994,"ci_low":163724.7781441866,"mean":188892.746613693},"1":{"std":54884.2796863111,"n_samples":29,"ci_up":172819.3764131397,"ci_low":132867.6972954823,"mean":152843.536854311},"2":{"std":56382.6013813613,"n_samples":29,"ci_up":165370.8759631675,"ci_low":124328.5299383774,"mean":144849.7029507724},"3":{"std":34846.1082894532,"n_samples":29,"ci_up":126340.6565673613,"ci_low":100975.2779045417,"mean":113657.9672359515},"4":{"std":37060.3174901264,"n_samples":29,"ci_up":125668.2478224034,"ci_low":98691.0893204338,"mean":112179.6685714186},"5":{"std":14081.6416570291,"n_samples":29,"ci_up":107450.9013916862,"ci_low":97200.5121700931,"mean":102325.7067808896},"6":{"std":12752.3638589288,"n_samples":29,"ci_up":102063.9484241155,"ci_low":92781.1747083004,"mean":97422.561566208},"7":{"std":13418.5787375287,"n_samples":29,"ci_up":101878.3897278429,"ci_low":92110.6610630814,"mean":96994.5253954622},"8":{"std":7338.0864417174,"n_samples":29,"ci_up":93518.667703177,"ci_low":88177.0858051778,"mean":90847.8767541774},"9":{"std":8290.1019836833,"n_samples":29,"ci_up":93615.0647321384,"ci_low":87580.4862299197,"mean":90597.7754810291}}