{"0":{"std":0.0,"n_samples":1,"ci_up":258498.1514706701,"ci_low":258498.1514706701,"mean":258498.1514706701},"1":{"std":0.0,"n_samples":1,"ci_up":161384.3639581155,"ci_low":161384.3639581155,"mean":161384.3639581155},"2":{"std":0.0,"n_samples":1,"ci_up":125026.5714582792,"ci_low":125026.5714582792,"mean":125026.5714582792},"3":{"std":0.0,"n_samples":1,"ci_up":116493.7048687686,"ci_low":116493.7048687686,"mean":116493.7048687686},"4":{"std":0.0,"n_samples":1,"ci_up":115070.7394494563,"ci_low":115070.7394494563,"mean":115070.7394494563},"5":{"std":0.0,"n_samples":1,"ci_up":116755.641119943,"ci_low":116755.641119943,"mean":116755.641119943},"6":{"std":0.0,"n_samples":1,"ci_up":115070.7394494563,"ci_low":115070.7394494563,"mean":115070.7394494563},"7":{"std":0.0,"n_samples":1,"ci_up":89588.1603187987,"ci_low":89588.1603187987,"mean":89588.1603187987},"8":{"std":0.0,"n_samples":1,"ci_up":88693.1398183923,"ci_low":88693.1398183923,"mean":88693.1398183923},"9":{"std":0.0,"n_samples":1,"ci_up":88693.1398183923,"ci_low":88693.1398183923,"mean":88693.1398183923},"10":{"std":0.0,"n_samples":1,"ci_up":88693.1398183923,"ci_low":88693.1398183923,"mean":88693.1398183923},"11":{"std":0.0,"n_samples":1,"ci_up":89807.092480131,"ci_low":89807.092480131,"mean":89807.092480131},"12":{"std":0.0,"n_samples":1,"ci_up":87905.0326637211,"ci_low":87905.0326637211,"mean":87905.0326637211},"13":{"std":0.0,"n_samples":1,"ci_up":87270.607066521,"ci_low":87270.607066521,"mean":87270.607066521},"14":{"std":0.0,"n_samples":1,"ci_up":87270.607066521,"ci_low":87270.607066521,"mean":87270.607066521},"15":{"std":0.0,"n_samples":1,"ci_up":87270.607066521,"ci_low":87270.607066521,"mean":87270.607066521}}