{"evaluated_points":[[0.0234550086,0.7948255242]],"model_objective_values":[4659.9649024364],"objective_values":[7700.6118047091],"standard_deviation_evaluations":[]}