{"evaluated_points":[[0.0,1.0],[0.0485397161,0.8201868728],[0.0483489479,0.8128172302],[0.0485920068,1.0],[0.0481666728,1.0],[0.0481666728,1.0]],"model_objective_values":[7376.029769739,6524.9168725507,10050.9800843526,6520.4260367265,6470.9677055265,10039.4423021309],"objective_values":[16261.3699978694,6446.998420995,6326.238547171,10237.6917730873,10283.3667049869,10283.3667049869],"standard_deviation_evaluations":[]}