{"evaluated_points":[[0.8261554571,1.0],[0.7821451842,1.0],[0.77895539,1.0],[0.7479186575,1.0],[0.7452376753,1.0],[0.7683572299,1.0],[0.8122747145,1.0],[0.8066950338,1.0],[0.78515917,1.0],[0.7547426619,0.9999616745],[0.7783187217,0.9917140412]],"model_objective_values":[11624.2150656689,9568.8968155489,9470.7937641504,7307.8413203324,7294.6875555141,7764.6165577848,8065.8166015741,7885.6181847813,8028.5869624253,8377.9033866267,8887.2022850759],"objective_values":[8562.9715210282,9465.8094701165,9505.2746276735,9675.6396694797,9671.7107802224,9607.6326635308,8912.4898698244,9037.7498156885,9424.9376770125,9671.3016462969,9328.9686961744],"standard_deviation_evaluations":[]}