{"evaluated_points":[[0.2778468778,1.0],[0.0,1.0]],"model_objective_values":[6570.52841491,7412.1099370663],"objective_values":[3364.2964858831,16261.3699978694],"standard_deviation_evaluations":[]}