{"evaluated_points":[[0.8261554571,1.0],[0.7821451842,1.0],[0.77895539,1.0],[0.7479186575,1.0],[0.7452376753,1.0],[0.7683572299,1.0],[0.8122747145,1.0]],"model_objective_values":[11624.2150656689,9568.8968155489,9470.7937641504,7307.8413203324,7294.6875555141,7764.6165577848,8065.8166015741],"objective_values":[8562.9715210282,9465.8094701165,9505.2746276735,9675.6396694797,9671.7107802224,9607.6326635308,8912.4898698244],"standard_deviation_evaluations":[]}