{"evaluated_points":[[0.4608760592,1.0]],"model_objective_values":[1627.6569952472],"objective_values":[4350.100930838],"standard_deviation_evaluations":[]}