{"evaluated_points":[[0.1817938484,0.5917251967],[0.1817938484,0.5917251967],[0.1934392231,0.9906623769],[0.3212551515,0.9018069877],[1.0,0.6549416242],[1.0,0.6512567568],[1.0,0.6511369413],[1.0,0.6529426928],[1.0,0.6531651516],[0.3093336878,0.6530159106],[0.2536922484,0.6533661157],[0.0719697695,0.7033399187],[0.2722327493,0.7038581192],[0.0,0.715146085],[0.0,0.7210821122],[0.0,0.7478267503],[0.0,0.734584714],[0.0188506828,0.7126321086],[0.0208404729,0.7122004515],[0.0156643494,0.7373137902],[0.0104675584,0.7164997039],[0.0083150303,0.7201490452],[0.0124216772,0.7283195187],[0.0,0.7354580086],[0.0245129304,0.7244696003]],"model_objective_values":[4517.3406854415,4517.3406512419,4873.3503045757,3718.2514403894,5652.884901599,5394.363708985,5367.4596192165,5513.2339798401,5532.9757077505,5534.588793511,5460.6199067613,14656.3936863197,14561.6615615975,5678.710040608,5871.5577589496,5873.2238363782,5881.8169598576,4939.5495301854,4966.179574639,4875.0024579189,4925.7055652376,4578.8775263916,4790.32107356,4649.9669324985,4701.6260515942],"objective_values":[811.7667312818,811.7667312818,2520.3150298091,3139.0044888054,1581.6390294903,1562.3383651834,1561.7137882062,1571.1468513356,1572.3119177939,1444.9762515595,1126.3219002976,3515.0096073447,1453.3992315621,7478.8977450716,7619.5955869832,8275.8468286606,7946.3478671979,6268.6354088101,6144.8024215918,6972.5229910844,6850.9115114755,7064.503638207,6984.637095235,7967.8017966659,6168.1870887415],"standard_deviation_evaluations":[]}