{"evaluated_points":[[0.7419807828,1.0],[0.506284762,1.0],[1.0,1.0]],"model_objective_values":[3171.3600620191,3248.4157492012,3536.3966861487],"objective_values":[9662.9350152024,4506.8541144665,4179.5447530225],"standard_deviation_evaluations":[]}