{"evaluated_points":[[1.0,0.0],[1.0,0.0],[1.0,0.0],[1.0,0.0],[0.1017023414,0.0],[0.1261169946,0.0],[0.0144645527,0.0],[0.0330221347,0.0],[0.0264847568,0.0],[0.0,0.0]],"model_objective_values":[26744.6157456745,49818.5984412232,35848.0595343114,25030.8352913482,6558.4009503173,6133.8953942774,5075.0304403138,4944.4288691101,4872.045385176,4647.8250260331],"objective_values":[953.2979578943,953.2979578943,953.2979578943,953.2979578943,1279.7470961727,962.4308714298,3262.8327153684,2735.671644864,2915.3749889916,3708.9998379182],"standard_deviation_evaluations":[]}