{"evaluated_points":[[0.0,1.0],[0.0485397161,0.8201868728],[0.0483489479,0.8128172302],[0.0485920068,1.0],[0.0481666728,1.0],[0.0481666728,1.0],[0.0484055284,0.858274319],[0.0483479178,0.0353200354],[0.0483479178,0.0353200354],[0.0,1.0],[0.0181346536,1.0],[0.0,1.0],[0.0,1.0],[0.0,1.0],[0.0,1.0],[0.0248196722,0.9331911471],[0.0232436197,0.9422770707],[0.0,1.0],[0.0,1.0],[0.0,1.0],[0.0,1.0],[0.0,1.0],[0.0,1.0],[0.0,1.0],[0.0,1.0],[0.0,1.0],[0.0,1.0]],"model_objective_values":[7376.029769739,6524.9168725507,10050.9800843526,6520.4260367265,6470.9677055265,10039.4423021309,6795.5866989048,6842.4042746688,6843.555130685,10714.3643380414,9732.0592059089,9276.5388607016,9359.6787824917,13224.4095149733,13929.0410578024,9867.1041923232,9700.4455609399,9939.5796018508,15178.1371972824,14857.2663581403,26093.1501822871,24835.2464564631,26663.1313459649,23700.3241309799,31862.3275608451,28574.8043938427,22945.7971548047],"objective_values":[16261.3699978694,6446.998420995,6326.238547171,10237.6917730873,10283.3667049869,10283.3667049869,7174.2801306238,2071.1969741202,2071.1969741202,16261.3699978694,13830.0449075577,16261.3699978694,16261.3699978694,16261.3699978694,16261.3699978694,11044.7374499423,11468.7479062862,16261.3699978694,16261.3699978694,16261.3699978694,16261.3699978694,16261.3699978694,16261.3699978694,16261.3699978694,16261.3699978694,16261.3699978694,16261.3699978694],"standard_deviation_evaluations":[]}