{"evaluated_points":[[1.0,1.0],[0.7506094301,1.0],[0.5161978554,1.0],[0.0739408377,1.0],[0.2401112974,1.0],[1.0,1.0],[1.0,1.0],[0.0,1.0],[0.0548516173,1.0],[0.3755809443,1.0],[0.0294843248,1.0],[0.0,1.0],[0.0,1.0],[0.0,1.0],[0.0,1.0],[0.0,1.0],[0.0,1.0],[0.0,1.0],[0.0,1.0],[0.0,1.0],[0.0,1.0],[0.0,1.0],[0.0,1.0],[0.0,1.0],[0.0,1.0]],"model_objective_values":[2427.8802999839,3666.7490996935,3948.6859361879,4885.6942628529,4137.8670797847,3157.3694027588,2842.410726049,2962.3051740454,3424.7737975881,2981.7550913046,7459.4541149297,8758.0396835791,9193.2704871079,9500.8012961693,10666.328388143,25402.9826783118,25140.8768430241,26446.5287478199,27370.1244785857,26812.2121908065,27119.7589480666,26850.6686734881,28426.1985296784,35047.992566373,21231.6999873423],"objective_values":[4179.5447530225,9676.5829059698,4599.1808671207,7758.5521884201,2810.7831379132,4179.5447530225,4179.5447530225,16261.3699978694,9580.8018262141,4409.5200662598,12416.7563621691,16261.3699978694,16261.3699978694,16261.3699978694,16261.3699978694,16261.3699978694,16261.3699978694,16261.3699978694,16261.3699978694,16261.3699978694,16261.3699978694,16261.3699978694,16261.3699978694,16261.3699978694,16261.3699978694],"standard_deviation_evaluations":[]}