{"evaluated_points":[[1.0,0.1898360709]],"model_objective_values":[13669.0765781701],"objective_values":[555.3773762617],"standard_deviation_evaluations":[]}