{"evaluated_points":[[0.9892938679,1.0],[0.0,1.0]],"model_objective_values":[13343.4732213908,11966.7296829642],"objective_values":[4279.1420532096,16261.3699978694],"standard_deviation_evaluations":[]}