{"evaluated_points":[[0.0,1.0],[0.0,1.0]],"model_objective_values":[22856.7110805751,9820.6693156709],"objective_values":[16261.3699978694,16261.3699978694],"standard_deviation_evaluations":[]}