{"evaluated_points":[[0.742131634,0.8532787434],[0.7407806855,0.8579236222],[0.742131634,0.8532787434],[0.7105990495,1.0],[0.0586453136,1.0],[0.7013551542,1.0],[0.7091286884,1.0],[0.6984596014,1.0],[0.6527004869,1.0]],"model_objective_values":[7299.110783162,6887.9004214446,7039.7376990514,5041.0943138049,5012.1526549638,5398.5017108876,6732.4208719928,6809.2684566751,5288.9196257383],"objective_values":[6667.3948414656,6748.8371726929,6667.3948414656,9360.8396757774,9196.7740762855,9201.9048900008,9337.5327294438,9146.2465252143,7976.4108893812],"standard_deviation_evaluations":[]}