{"evaluated_points":[[1.0,0.945207856],[0.0,0.6086008673]],"model_objective_values":[3610.3517212716,4325.2971144472],"objective_values":[3662.5374574651,5259.8444356666],"standard_deviation_evaluations":[]}