{"evaluated_points":[[1.0,1.0],[1.0,0.0],[1.0,0.0],[1.0,0.0],[1.0,0.0],[1.0,0.0],[1.0,0.0],[1.0,0.0],[1.0,0.0],[0.0,0.0],[0.0,0.0],[0.0,0.0],[0.0,0.0],[0.0,0.0],[0.0,0.0],[0.0,0.0],[0.0,0.0],[0.0,0.0],[0.0,0.0],[0.158683324,1.0],[0.0,0.0],[0.0,0.0],[0.0,0.0],[0.0,0.0],[0.0001082181,0.0],[0.0,0.0],[0.6219002479,0.7615499362],[0.0,0.0],[0.3850867947,1.0],[0.3776452936,1.0],[0.3781886414,1.0],[0.0,0.0],[0.0,0.0],[0.3795132818,1.0],[0.3776452936,1.0],[0.7979167681,1.0],[0.7909864904,1.0]],"model_objective_values":[18804.4616364368,10631.2796029362,11584.1417780961,17171.6982485771,8095.9719117426,8132.0217162299,5257.0685853114,5571.4805994923,4686.50745249,4290.9626440763,4619.4943962749,3624.9747131617,3603.69521389,3636.1764138544,3638.3484359728,3640.9167465179,3575.5757323403,3894.5529912963,3812.6803293449,3584.0184584009,3822.3007376546,4499.8313879345,4526.0895258518,6369.9937323883,6323.0713090564,5547.3385366799,5674.5426594382,4985.7712478252,6868.4124550462,5780.9123469731,5628.2540774817,4887.6763844561,5327.8509441177,5266.9146009495,4946.1250464683,10771.6912711295,15016.0758432336],"objective_values":[4179.5447530225,953.2979578943,953.2979578943,953.2979578943,953.2979578943,953.2979578943,953.2979578943,953.2979578943,953.2979578943,3708.9998379182,3708.9998379182,3708.9998379182,3708.9998379182,3708.9998379182,3708.9998379182,3708.9998379182,3708.9998379182,3708.9998379182,3708.9998379182,3056.5619379815,3708.9998379182,3708.9998379182,3708.9998379182,3708.9998379182,3705.5518483211,3708.9998379182,3725.5846373511,3708.9998379182,4429.7453422849,4415.0779716287,4416.4302631904,3708.9998379182,3708.9998379182,4419.5368584081,4415.0779716287,9214.9017897787,9336.2796419292],"standard_deviation_evaluations":[]}