{"evaluated_points":[[0.7496167576,0.9416052501],[0.2927504705,0.8807375457],[0.4802005578,0.8411175969],[0.3270283903,0.8775935337],[0.3731378546,0.8636349672],[0.4047168706,0.8711914589],[0.5956878633,0.8460043912],[0.5956551371,0.845903244],[0.5980343242,0.851020257],[0.6092609727,0.8993946892],[0.6079777486,0.8936139155],[0.6038391377,0.8799821889],[0.6150940561,0.8482067917],[0.6403721515,0.0],[0.6274640459,0.7622965415],[0.6300797597,0.7294089156],[0.6416789983,0.2817250655],[0.6417534554,0.2837105276],[0.0059431376,1.0],[0.0,1.0],[0.0,1.0],[0.0,1.0],[0.0,1.0],[0.6467544893,0.1333978828],[0.6530499132,0.0],[0.6061139177,0.874098663],[0.6112144742,0.8678783133],[0.6098451793,0.8701468926],[0.6079983287,0.8683622005],[0.602745519,0.8600803169],[0.5274321945,1.0],[0.5501019047,1.0],[0.52575063,1.0],[0.5719440204,1.0],[0.0,1.0],[0.0,1.0],[0.0,1.0],[0.0,1.0],[0.0,1.0]],"model_objective_values":[2740.9634725673,2798.7298286861,2838.4514269484,2851.010576041,2823.3030527587,2765.6802250898,4246.3512980188,4254.6373964333,3631.490273721,2908.5784984275,2894.3020192019,2858.4455597472,3065.6015476789,3579.584293183,3172.5112188284,3212.3819943696,3357.2821631705,3458.0543351634,4099.0243724146,4277.0396390021,4375.0927956476,3821.8682158188,3811.7710566507,3589.996491062,3232.7646714497,3226.8756991199,3169.6798074185,3115.4229920362,3142.7851994245,3074.5737824777,5558.7110528633,5840.5047235782,5136.9650578782,5800.112804394,6703.931185038,7084.0563963946,7761.1066074375,7433.4274934159,7700.8231425432],"objective_values":[8404.0943601061,2673.460237283,2916.7181517713,2995.6769095905,3123.8172243876,3210.9510469767,4212.1059435186,4210.2946567766,4317.2435990076,5173.5532621078,5066.1637664159,4794.9429513141,4634.5521371816,1733.48960327,3826.5651145548,3500.3617224761,974.0709075321,975.7127658951,15441.8125258794,16261.3699978694,16261.3699978694,16261.3699978694,16261.3699978694,1164.4320537775,1821.6945554219,4770.3984837607,4803.0188517267,4802.0881501513,4738.7185782534,4522.8673038366,4733.9501186094,5106.6486052909,4711.689577061,5588.7173409442,16261.3699978694,16261.3699978694,16261.3699978694,16261.3699978694,16261.3699978694],"standard_deviation_evaluations":[]}