{"evaluated_points":[[0.9873023031,1.0],[0.4360775643,1.0],[0.8769271306,1.0],[0.6682789999,1.0],[1.0,1.0],[1.0,1.0],[1.0,1.0],[1.0,1.0],[1.0,1.0],[1.0,1.0],[1.0,1.0],[1.0,1.0],[0.0,1.0],[0.0,1.0],[0.0,1.0],[0.0,1.0],[0.0,1.0],[0.0,1.0],[0.0,1.0],[0.0,1.0],[0.0,1.0],[0.0,1.0],[0.0,1.0],[0.0,1.0],[0.0,1.0],[0.0,1.0],[0.0,1.0],[0.0,1.0],[0.0,1.0],[0.0,1.0],[0.0,1.0],[0.0,1.0],[0.0,1.0],[0.0,1.0],[0.0,1.0],[0.0,1.0]],"model_objective_values":[3382.4908239234,3084.2575249241,6776.7789160891,5813.7664560201,5427.4555306645,5230.5724098833,4981.4763835927,4856.3318297026,4812.226225524,4788.4392590475,4667.8716737043,3726.2008371239,26198.7362938205,26072.466336733,24341.2918520748,28172.6133750439,31916.6835920021,31081.8205797747,18991.8429621476,19024.9044917579,19053.3948860408,20240.8051405829,19805.6033426992,16053.4500297568,5925.2015223316,6208.8561717895,6898.4123028169,5583.464761693,5273.203559763,6040.9178530383,6008.4997422189,8037.7829634772,5637.0856369704,5755.9867187778,5882.1453228605,5597.9917656529],"objective_values":[4300.9565434357,4381.5634451142,6995.1248053369,8424.9870670925,4179.5447530225,4179.5447530225,4179.5447530225,4179.5447530225,4179.5447530225,4179.5447530225,4179.5447530225,4179.5447530225,16261.3699978694,16261.3699978694,16261.3699978694,16261.3699978694,16261.3699978694,16261.3699978694,16261.3699978694,16261.3699978694,16261.3699978694,16261.3699978694,16261.3699978694,16261.3699978694,16261.3699978694,16261.3699978694,16261.3699978694,16261.3699978694,16261.3699978694,16261.3699978694,16261.3699978694,16261.3699978694,16261.3699978694,16261.3699978694,16261.3699978694,16261.3699978694],"standard_deviation_evaluations":[]}