{"evaluated_points":[[1.0,1.0],[1.0,1.0],[1.0,1.0],[0.8932078478,1.0],[0.0,1.0],[0.0,1.0],[0.0,1.0],[0.0,1.0],[0.0,1.0],[0.0,1.0],[0.0,1.0],[0.0,1.0],[0.0,1.0],[0.0,1.0],[0.0,1.0],[0.0,1.0],[0.0,1.0],[0.0,1.0],[0.0,1.0],[0.0,1.0],[0.0,1.0],[0.0,1.0],[0.0,1.0],[0.0,1.0],[0.0,1.0],[0.0,1.0],[0.0,1.0],[0.0,1.0],[0.0,1.0],[0.0,1.0],[0.0,1.0],[0.0,1.0],[0.0,1.0],[0.0,1.0]],"model_objective_values":[5267.2887273291,6361.1984261739,6554.4263787455,3889.1423847762,20830.1244291218,23033.5780967585,74158.8285333125,38242.0096783158,65054.8841805371,80765.534508615,40961.4371324113,29699.999934404,24922.7792269865,26451.5243322072,26079.894000947,30207.7784870013,16160.1921325121,16142.3374768484,16001.863975768,16125.0626646201,15999.0080744152,16164.7421012776,16377.6020289788,16234.6945154604,16641.0191308746,16148.8294068158,16241.6483356567,16206.3250641304,16685.0709796289,16151.3297268793,16069.6285577114,15965.4863371755,15969.6242904325,15986.3615837267],"objective_values":[4179.5447530225,4179.5447530225,4179.5447530225,6467.1440275207,16261.3699978694,16261.3699978694,16261.3699978694,16261.3699978694,16261.3699978694,16261.3699978694,16261.3699978694,16261.3699978694,16261.3699978694,16261.3699978694,16261.3699978694,16261.3699978694,16261.3699978694,16261.3699978694,16261.3699978694,16261.3699978694,16261.3699978694,16261.3699978694,16261.3699978694,16261.3699978694,16261.3699978694,16261.3699978694,16261.3699978694,16261.3699978694,16261.3699978694,16261.3699978694,16261.3699978694,16261.3699978694,16261.3699978694,16261.3699978694],"standard_deviation_evaluations":[]}