{"evaluated_points":[[0.939255254,1.0],[0.8848739484,0.9874123754],[0.8519566029,0.9502129],[1.0,1.0],[1.0,1.0],[1.0,0.0],[0.0,1.0],[0.0,1.0]],"model_objective_values":[765.6420899115,711.7712653209,672.9625581679,1093.63237312,1044.0172692416,3696.2280982219,32799.4093777367,61114.1527936883],"objective_values":[5151.855910987,6538.760001548,6922.727546262,4179.5447530225,4179.5447530225,953.2979578943,16261.3699978694,16261.3699978694],"standard_deviation_evaluations":[]}