{"evaluated_points":[[0.7419807828,1.0],[0.506284762,1.0],[1.0,1.0],[0.0,1.0],[0.0,1.0],[0.1766248537,1.0],[0.0,1.0],[0.0,1.0],[0.0,1.0],[0.0,1.0],[0.7526874392,1.0]],"model_objective_values":[3171.3600620191,3248.4157492012,3536.3966861487,7467.6211702198,2621.1368452316,2450.4741350068,4225.5889929876,4419.4494749249,5462.6278132283,5330.5969509648,2633.2069983515],"objective_values":[9662.9350152024,4506.8541144665,4179.5447530225,16261.3699978694,16261.3699978694,2721.3639681066,16261.3699978694,16261.3699978694,16261.3699978694,16261.3699978694,9675.2521151962],"standard_deviation_evaluations":[]}