{"evaluated_points":[[0.2778468778,1.0],[0.0,1.0],[0.0,1.0],[0.0,1.0],[0.0,1.0],[0.0,1.0],[0.0,1.0],[0.0,1.0],[0.0,1.0]],"model_objective_values":[6570.52841491,7412.1099370663,9034.6238122415,16559.538921717,17966.9727742554,18058.8373244786,18684.2223932843,17640.1940961184,6376.5709545549],"objective_values":[3364.2964858831,16261.3699978694,16261.3699978694,16261.3699978694,16261.3699978694,16261.3699978694,16261.3699978694,16261.3699978694,16261.3699978694],"standard_deviation_evaluations":[]}