{"evaluated_points":[[0.6370131943,0.9821621937],[0.6309147555,0.9721216233],[0.6500956473,0.9812585314],[0.6483538156,1.0],[0.1117162676,0.9749057488],[0.7690710044,0.9325851523],[0.6249680125,0.9303988117],[0.9441628294,1.0],[0.9966086734,1.0],[0.6935673873,1.0],[0.7037398644,1.0],[0.6945926985,1.0],[0.696601751,1.0],[0.6147158299,0.9419962881],[0.6863024757,0.9375917082],[0.577614306,0.9398952351],[0.5747034826,0.935764453],[0.5796337326,0.93721205],[0.5805799165,0.9394575138],[0.0,0.2593343898],[0.0,0.2431939128],[0.0,1.0],[0.0,1.0],[0.0,1.0],[0.0,1.0],[0.0,1.0],[0.0,1.0],[0.0,1.0],[0.0,1.0],[0.0,1.0]],"model_objective_values":[2531.7108913126,2524.081153786,2567.580054415,2623.6900781408,2829.6255944399,3152.8719377931,3107.3079245875,5102.7113909893,5421.5160361223,3237.4449592899,3227.5632130653,3246.7072973764,3331.319486882,4338.7744342729,5268.9246154225,2892.9205005403,2834.4379677519,2807.2687045964,2842.0461132916,3201.2453247712,3214.6834480049,9772.593313221,9878.0276314166,9913.8762378693,9735.653120922,9511.0504749432,9801.9378709549,9363.2259602948,10844.4915616098,10989.4887735972],"objective_values":[7186.0806774876,6836.6456529512,7555.5372407408,7845.330482275,4696.0537677184,8153.5810925515,6011.6199612018,5037.0135812627,4207.9226499475,9046.2036148069,9245.6859017569,9067.7796205512,9109.1272993036,5910.9080253364,7639.3931751316,4956.7684538092,4842.3882223559,4968.7858978851,5018.1930532431,2054.6969138898,2057.3278209827,16261.3699978694,16261.3699978694,16261.3699978694,16261.3699978694,16261.3699978694,16261.3699978694,16261.3699978694,16261.3699978694,16261.3699978694],"standard_deviation_evaluations":[]}