{"evaluated_points":[[0.2315712646,1.0],[0.0,1.0],[1.0,1.0],[1.0,1.0],[1.0,1.0],[1.0,1.0],[1.0,1.0],[1.0,1.0],[1.0,1.0],[1.0,1.0],[1.0,1.0],[1.0,1.0],[1.0,1.0],[1.0,1.0],[1.0,1.0],[1.0,0.9956998229]],"model_objective_values":[13794.8305718253,8960.2288537177,13925.8372207589,13656.1222590479,14823.2756128999,7885.1790973578,7507.0596519249,7077.8112208612,7129.9623533183,7159.1782632559,7018.1245134896,8502.2301333111,8380.2543237602,7491.8926342426,9471.231012724,9423.7068190729],"objective_values":[2715.6169138466,16261.3699978694,4179.5447530225,4179.5447530225,4179.5447530225,4179.5447530225,4179.5447530225,4179.5447530225,4179.5447530225,4179.5447530225,4179.5447530225,4179.5447530225,4179.5447530225,4179.5447530225,4179.5447530225,4137.5427751729],"standard_deviation_evaluations":[]}