{"evaluated_points":[[0.0,0.0],[0.0,0.0],[0.0,0.0],[0.0,1.0],[0.0,1.0],[0.0,0.6450034648],[0.0,0.6605553741],[0.0,0.0],[0.0,1.0],[0.0,1.0]],"model_objective_values":[9335.529723803,12307.067208872,13493.7663880171,123462.0293909952,29994.9163709964,9122.1032607967,9276.3948633392,16221.9515557612,26737.8905163967,25319.5006423488],"objective_values":[3708.9998379182,3708.9998379182,3708.9998379182,16261.3699978694,16261.3699978694,5952.7494557512,6269.4244393367,3708.9998379182,16261.3699978694,16261.3699978694],"standard_deviation_evaluations":[]}