{"evaluated_points":[[0.4395674386,0.104743373],[1.0,1.0],[1.0,1.0],[1.0,1.0],[1.0,1.0],[1.0,1.0],[1.0,1.0]],"model_objective_values":[2351.7184149245,20006.7673181923,5997.8958318805,6063.9228154343,6473.6078112088,6686.0467604091,7037.5233665237],"objective_values":[706.7658417817,4179.5447530225,4179.5447530225,4179.5447530225,4179.5447530225,4179.5447530225,4179.5447530225],"standard_deviation_evaluations":[]}