{"evaluated_points":[[0.1136283546,0.7740942294],[0.0954753717,0.7189754024],[0.2242036122,0.7779194372],[0.0,0.7199348859],[0.0,0.7225522301],[0.0,0.7319509775],[0.0,0.7155783316],[0.0,0.706158781],[0.0,0.6976504744],[0.0,0.7070019072],[0.0,0.7125670296],[0.0,0.7123724727]],"model_objective_values":[4707.0528943582,4943.3544085757,9201.5192448914,5130.7422060817,5578.741541462,5565.9512271793,5478.0133418817,5463.8485546321,5548.310547402,5539.4273556628,5458.24804409,5384.6646327043],"objective_values":[2684.105401033,2811.5481064498,1475.3669491614,7592.2631967237,7654.7191404048,7881.8818557294,7489.0822032332,7269.305569679,7074.6888614495,7288.7925367666,7418.3293714731,7413.7740522404],"standard_deviation_evaluations":[]}