{"evaluated_points":[[0.1817938484,0.5917251967],[0.1817938484,0.5917251967],[0.1934392231,0.9906623769],[0.3212551515,0.9018069877]],"model_objective_values":[4517.3406854415,4517.3406512419,4873.3503045757,3718.2514403894],"objective_values":[811.7667312818,811.7667312818,2520.3150298091,3139.0044888054],"standard_deviation_evaluations":[]}