{"evaluated_points":[[0.2545900131,1.0],[0.2569740139,0.0680036081],[0.1603036393,0.8919258093],[0.1603557727,0.8906421137],[0.15906281,0.8904157622],[0.1610734921,0.8836766054],[0.1604666558,0.8846796791],[0.1609298894,0.8850364018],[0.1593006592,0.887788329]],"model_objective_values":[3401.1354094081,3832.1898557939,2497.9811016728,2542.5094858713,3034.8587940612,3535.7679019755,3533.1132043125,3320.1691789028,3485.7286542799],"objective_values":[3004.979208922,550.098173641,2308.915172821,2300.2336893833,2322.2100310444,2246.0621093387,2262.4953579983,2256.6057070551,2301.9091270749],"standard_deviation_evaluations":[]}