{"evaluated_points":[[0.7583828218,1.0],[0.7434044965,0.7965443513]],"model_objective_values":[4753.1476512224,2916.5775205332],"objective_values":[9662.4076978171,5686.4860929367],"standard_deviation_evaluations":[]}