{"evaluated_points":[[0.8994385031,0.0],[0.9096140143,0.0]],"model_objective_values":[4033.3425314387,3974.124661144],"objective_values":[1430.1109723157,1358.9326143227],"standard_deviation_evaluations":[]}