{"evaluated_points":[[0.7583828218,1.0],[0.7434044965,0.7965443513],[0.7595137296,0.8885016734],[0.7583828218,1.0],[0.7562563951,0.7837599329],[0.7562563951,0.7837599329],[0.2639739757,1.0],[0.4035027779,1.0],[0.3855885726,1.0],[0.1374433072,1.0],[0.7582767708,0.8432876629],[0.7570043,0.8391885818],[0.1499514283,1.0],[0.7523959497,0.8119186145],[0.0,0.872183186],[0.0,1.0],[0.0,1.0],[0.0,1.0],[0.0,0.9862984843],[0.0,0.9822199174],[0.0,0.9778727706],[0.0,0.9840290012],[0.0,1.0],[0.0,0.9980798044],[0.0,0.9878840288],[0.0,1.0],[0.0,1.0],[0.0,1.0],[0.0,1.0],[0.0,1.0],[0.0,1.0],[0.0,1.0],[0.0,1.0],[0.0,1.0],[0.0,1.0],[0.0,1.0],[0.0,1.0],[0.0,1.0]],"model_objective_values":[4753.1476512224,2916.5775205332,3703.6760250175,4874.7241771158,4693.8036013884,4857.293916903,8102.226067449,4298.6561682304,4515.5393192119,4800.8551106112,3930.9577860223,3940.7064982644,7692.1160994241,3954.7579427083,7667.7366876119,9963.6165338194,8865.4204650066,12651.1058254802,18379.9065828863,14713.2570069556,18099.5780451601,28218.3823988983,10155.1401296711,19349.7535521928,31009.2563101745,25730.9148219799,6620.0226210761,6820.0393394425,6573.9007922665,11348.0832632541,13561.3219570955,6321.4103714111,31059.2189870227,14391.2097530614,25446.0034718724,26512.8893392801,25344.1933273375,22126.0533233714],"objective_values":[9662.4076978171,5686.4860929367,7323.064418416,9662.4076978171,5479.1848427363,5479.1848427363,3145.8061207587,4434.8269858108,4430.4451147618,3728.5434312874,6486.7107357404,6416.2899940056,3294.8479111894,5948.4246301242,11807.5468250558,16261.3699978694,16261.3699978694,16261.3699978694,15743.9713373673,15591.8094293848,15430.5636344731,15659.1972258029,16261.3699978694,16188.2810594947,15803.3538827688,16261.3699978694,16261.3699978694,16261.3699978694,16261.3699978694,16261.3699978694,16261.3699978694,16261.3699978694,16261.3699978694,16261.3699978694,16261.3699978694,16261.3699978694,16261.3699978694,16261.3699978694],"standard_deviation_evaluations":[]}