{"evaluated_points":[[0.9873023031,1.0],[0.4360775643,1.0],[0.8769271306,1.0]],"model_objective_values":[3382.4908239234,3084.2575249241,6776.7789160891],"objective_values":[4300.9565434357,4381.5634451142,6995.1248053369],"standard_deviation_evaluations":[]}