{"evaluated_points":[[0.3943718709,0.940475018],[0.4382195046,0.9752155546],[0.4250270932,0.9743549892]],"model_objective_values":[1574.578305501,1656.0620133478,1659.0968750698],"objective_values":[3842.947762052,4127.4448951567,4143.2101018645],"standard_deviation_evaluations":[]}