{"evaluated_points":[[0.2298824155,0.8785201881],[0.3943967943,0.87852003],[0.1027088157,0.1074907687],[0.0748419408,0.1074925989],[0.3497390644,0.246994061],[0.3497390644,0.246994061],[0.3504163737,0.3383652987],[0.3807257269,1.0],[0.3909206273,1.0],[0.3904830007,1.0],[0.0,0.0],[0.0,0.0],[0.0,0.0],[0.0,0.0],[0.0,0.0],[0.0,0.0],[0.0,0.0],[0.0,0.0],[0.0,0.0],[0.0,0.0],[0.0,0.0],[0.0,0.0],[0.0,0.0],[0.0,0.0],[0.0,0.0],[0.0,0.0],[0.0,0.0],[0.0,0.3142129149],[0.0,0.2902450902],[0.0,0.2872687738],[0.0,0.2931067507],[0.0,0.1551767739],[0.0,0.1473159745],[0.0,0.1408442181],[0.0,0.2672063406],[0.0,0.1441715036],[0.0,0.1840225089],[0.0,0.1169382832],[0.0,0.1195826702],[0.0,0.1121940284]],"model_objective_values":[3207.7623329656,3207.7623043455,7688.4300422342,7688.4283645317,6791.9092422562,6681.7438871542,6599.52322725,7190.4816534857,7722.0321588552,7632.1136788516,18272.7250977691,17422.2551158886,17024.5616252494,9195.055113822,8681.9372157431,3961.750675645,3871.3217760704,3765.4756743144,3765.8675560774,3785.5794710135,3615.9412457273,3546.2340234617,3584.3086533268,3634.503394194,3628.5462044361,3456.1721415497,3509.634267022,4885.4143931435,4457.1737237565,4535.1507041876,4690.7709943965,5865.2558914449,5788.4061369514,5778.9441406383,4827.4929953238,5719.8399471129,5582.2304274744,5353.0981766402,5369.5194513363,5317.1399618178],"objective_values":[1993.1036201037,3276.845576411,888.5534518444,1230.732818031,540.8909330743,540.8909330743,588.5531579376,4422.1468591625,4435.7746514728,4435.4777358021,3708.9998379182,3708.9998379182,3708.9998379182,3708.9998379182,3708.9998379182,3708.9998379182,3708.9998379182,3708.9998379182,3708.9998379182,3708.9998379182,3708.9998379182,3708.9998379182,3708.9998379182,3708.9998379182,3708.9998379182,3708.9998379182,3708.9998379182,2145.3696431243,2086.8325114825,2081.6131552177,2092.277816688,2305.9998284316,2347.4726750193,2383.9879229572,2058.2452492199,2364.9471333438,2180.8760180884,2537.4329560903,2519.022349673,2571.3591169042],"standard_deviation_evaluations":[]}