{"evaluated_points":[[0.0007720559,1.0]],"model_objective_values":[4558.5797135955],"objective_values":[16153.6774927965],"standard_deviation_evaluations":[]}