{"evaluated_points":[[0.0,1.0],[0.0,1.0],[0.0,1.0],[0.0,1.0],[0.0,1.0],[0.0879927655,1.0]],"model_objective_values":[11310.7069671888,7652.5711149479,36450.3864437035,34267.2620547015,33673.0944789046,26844.0606833306],"objective_values":[16261.3699978694,16261.3699978694,16261.3699978694,16261.3699978694,16261.3699978694,6596.0560744209],"standard_deviation_evaluations":[]}