{"evaluated_points":[[0.6100225318,0.0],[0.6039476324,0.0]],"model_objective_values":[3001.5602903856,3028.2776801075],"objective_values":[1517.9192107291,1475.9699695037],"standard_deviation_evaluations":[]}