{"evaluated_points":[[0.4402684536,0.6771459226],[0.4409277423,0.6770836397],[0.4380300398,0.6784420305]],"model_objective_values":[3070.2558816375,3105.226345207,2778.7457226079],"objective_values":[1780.7847973651,1779.9434302771,1790.0112787372],"standard_deviation_evaluations":[]}