{"evaluated_points":[[0.0,0.0],[0.0,0.0],[0.0,0.0],[0.0,1.0]],"model_objective_values":[9335.529723803,12307.067208872,13493.7663880171,123462.0293909952],"objective_values":[3708.9998379182,3708.9998379182,3708.9998379182,16261.3699978694],"standard_deviation_evaluations":[]}