{"evaluated_points":[[0.6100225318,0.0],[0.6039476324,0.0],[0.608671236,0.0],[0.6083677046,0.0],[0.6216055994,0.0],[0.2659126501,0.0],[0.2124346793,0.0],[0.4514157637,1.0],[0.0,1.0],[0.0,1.0],[0.0,1.0],[0.0,1.0],[0.0,1.0],[0.0,1.0],[0.0,1.0],[0.0,1.0],[0.0,1.0],[0.0,1.0],[0.0,1.0],[0.0,1.0],[0.0,1.0],[0.0,1.0],[0.0,1.0],[0.0,1.0],[0.0,1.0],[0.0,1.0],[0.0,1.0],[0.0,1.0],[0.0,1.0]],"model_objective_values":[3001.5602903856,3028.2776801075,3035.3051276716,3042.1857850399,3021.6108021715,5089.5565687054,3786.2619978697,12966.1962128941,27135.000543326,26852.5753241359,28567.7753701752,29244.1214001821,28237.4451457986,28270.6531971712,25103.8968341113,12664.086501154,11841.399433348,10273.4111177477,10339.9195732556,14055.7107641231,13282.686616711,11324.720033783,9808.2592368683,10963.7155707712,12624.0002285249,10464.3252042596,9679.6146163286,10019.1800343547,10286.3072017791],"objective_values":[1517.9192107291,1475.9699695037,1508.5190053065,1506.4125837827,1599.6798059215,724.3648714291,587.8192880514,4356.8878770543,16261.3699978694,16261.3699978694,16261.3699978694,16261.3699978694,16261.3699978694,16261.3699978694,16261.3699978694,16261.3699978694,16261.3699978694,16261.3699978694,16261.3699978694,16261.3699978694,16261.3699978694,16261.3699978694,16261.3699978694,16261.3699978694,16261.3699978694,16261.3699978694,16261.3699978694,16261.3699978694,16261.3699978694],"standard_deviation_evaluations":[]}