{"evaluated_points":[[0.701046944,0.435444533],[0.0,0.54841399],[0.6980784303,0.4376548064],[0.0,1.0],[0.0,1.0],[0.0,0.7970027253],[0.0,0.7191385529],[0.0,0.8997757203],[0.0,0.9071767248],[0.0,0.8637175018],[0.0,0.7346406655],[0.0,0.76882083],[0.0,0.7548037129],[0.0,0.9479195957],[0.0,0.836103212],[0.0,0.9437665052]],"model_objective_values":[5256.0970081152,4720.9719889302,5211.5220536387,10462.3862032851,11885.4453652208,4740.973433733,4703.4844122302,3882.487288627,3792.2875171904,3621.0177512391,4285.5085201492,4094.5230580781,4078.7708586891,3803.3542700588,3603.7587184941,3747.3580551714],"objective_values":[1635.1310940267,4262.8086041953,1636.4896617644,16261.3699978694,16261.3699978694,9577.9383832821,7573.330313591,12698.3340146482,12943.8850231488,11542.0461810679,7947.7212400811,8816.6097343126,8453.058879033,14345.7910705937,10701.4732908293,14199.0048371073],"standard_deviation_evaluations":[]}