{"evaluated_points":[[0.8201916907,0.8761725208]],"model_objective_values":[2970.7829964636],"objective_values":[6398.9680275104],"standard_deviation_evaluations":[]}