{"evaluated_points":[[0.7496167576,0.9416052501],[0.2927504705,0.8807375457]],"model_objective_values":[2740.9634725673,2798.7298286861],"objective_values":[8404.0943601061,2673.460237283],"standard_deviation_evaluations":[]}