{"evaluated_points":[[0.2545900131,1.0],[0.2569740139,0.0680036081],[0.1603036393,0.8919258093],[0.1603557727,0.8906421137],[0.15906281,0.8904157622],[0.1610734921,0.8836766054],[0.1604666558,0.8846796791],[0.1609298894,0.8850364018],[0.1593006592,0.887788329],[0.1601424766,0.8902468888],[0.1596926189,0.8914867152],[0.1597410184,0.8911127478],[0.161005959,0.8974964827],[0.1619484431,0.9025992339]],"model_objective_values":[3401.1354094081,3832.1898557939,2497.9811016728,2542.5094858713,3034.8587940612,3535.7679019755,3533.1132043125,3320.1691789028,3485.7286542799,3427.5631632398,3417.5867120638,3404.3855770615,3278.997722197,3192.9507477713],"objective_values":[3004.979208922,550.098173641,2308.915172821,2300.2336893833,2322.2100310444,2246.0621093387,2262.4953579983,2256.6057070551,2301.9091270749,2301.6414616845,2317.2338881033,2314.0884711537,2330.1742240468,2344.5503849436],"standard_deviation_evaluations":[]}