{"evaluated_points":[[0.0,0.6040924533],[0.0,0.5954272803],[0.0,0.5904094455]],"model_objective_values":[4257.9604134008,4209.7409795001,4195.0931939622],"objective_values":[5178.7434389737,5025.7850053757,4938.964648392],"standard_deviation_evaluations":[]}