{"evaluated_points":[[0.6893650953,0.9007794285],[0.6825437232,0.8779269102],[0.7021388608,0.9048573267],[0.7027298208,0.919189303],[0.7000164547,0.8867664703],[0.7003237225,0.8851758889]],"model_objective_values":[4302.9529979708,4333.0860593981,6044.5074751564,5643.2659958358,6483.0668937816,6540.2379393019],"objective_values":[7010.7401000068,6484.8100807423,7292.4550109907,7574.4331694831,6926.0997115906,6901.5426368114],"standard_deviation_evaluations":[]}