{"evaluated_points":[[1.0,0.945207856]],"model_objective_values":[3610.3517212716],"objective_values":[3662.5374574651],"standard_deviation_evaluations":[]}