{"evaluated_points":[[0.0849920226,0.9718339976],[0.445189165,1.0],[0.3741041663,1.0]],"model_objective_values":[3351.4508630714,3581.4706049262,3765.4112389531],"objective_values":[6388.9303531087,4365.4170955774,4405.1298314505],"standard_deviation_evaluations":[]}