{"evaluated_points":[[0.1817938484,0.5917251967],[0.1817938484,0.5917251967],[0.1934392231,0.9906623769],[0.3212551515,0.9018069877],[1.0,0.6549416242],[1.0,0.6512567568],[1.0,0.6511369413],[1.0,0.6529426928],[1.0,0.6531651516]],"model_objective_values":[4517.3406854415,4517.3406512419,4873.3503045757,3718.2514403894,5652.884901599,5394.363708985,5367.4596192165,5513.2339798401,5532.9757077505],"objective_values":[811.7667312818,811.7667312818,2520.3150298091,3139.0044888054,1581.6390294903,1562.3383651834,1561.7137882062,1571.1468513356,1572.3119177939],"standard_deviation_evaluations":[]}