{"evaluated_points":[[1.0,0.6326736762]],"model_objective_values":[7746.3671961287],"objective_values":[1467.7220797273],"standard_deviation_evaluations":[]}