{"evaluated_points":[[1.0,1.0],[1.0,0.0],[0.9964738111,0.0]],"model_objective_values":[9304.2603124661,10393.2944924965,10234.9399749296],"objective_values":[4179.5447530225,953.2979578943,960.0416365115],"standard_deviation_evaluations":[]}