{"evaluated_points":[[0.0,1.0],[0.0,1.0]],"model_objective_values":[11310.7069671888,7652.5711149479],"objective_values":[16261.3699978694,16261.3699978694],"standard_deviation_evaluations":[]}