{"evaluated_points":[[0.8290965624,0.9139081202]],"model_objective_values":[1957.0279084339],"objective_values":[6869.9367210381],"standard_deviation_evaluations":[]}