{"evaluated_points":[[0.701046944,0.435444533],[0.0,0.54841399],[0.6980784303,0.4376548064]],"model_objective_values":[5256.0970081152,4720.9719889302,5211.5220536387],"objective_values":[1635.1310940267,4262.8086041953,1636.4896617644],"standard_deviation_evaluations":[]}