{"evaluated_points":[[0.6370131943,0.9821621937],[0.6309147555,0.9721216233]],"model_objective_values":[2531.7108913126,2524.081153786],"objective_values":[7186.0806774876,6836.6456529512],"standard_deviation_evaluations":[]}