{"evaluated_points":[[0.4608760592,1.0],[1.0,0.0],[1.0,1.0],[0.0,1.0],[0.0,1.0],[0.4239738313,1.0],[1.0,1.0],[1.0,1.0],[1.0,1.0],[1.0,1.0],[1.0,1.0],[1.0,1.0]],"model_objective_values":[1627.6569952472,3585.9532396783,16516.8312601363,63175.6133134294,45851.582679613,45260.3134239427,47381.2404288443,47968.217108653,44643.4059414353,48242.4030672383,35845.449632377,34318.989388088],"objective_values":[4350.100930838,953.2979578943,4179.5447530225,16261.3699978694,16261.3699978694,4405.3512792689,4179.5447530225,4179.5447530225,4179.5447530225,4179.5447530225,4179.5447530225,4179.5447530225],"standard_deviation_evaluations":[]}