{"evaluated_points":[[0.6721683777,1.0]],"model_objective_values":[10174.2106987774],"objective_values":[8530.3662896631],"standard_deviation_evaluations":[]}