{"evaluated_points":[[0.3943718709,0.940475018],[0.4382195046,0.9752155546],[0.4250270932,0.9743549892],[0.4196012562,0.9797577271],[0.7606794677,0.0],[0.7628079761,0.0],[0.7928035225,0.0],[0.847418141,0.0],[1.0,1.0],[1.0,1.0],[1.0,1.0],[1.0,1.0],[0.8459065187,0.0],[0.8431823882,0.0],[0.8280392353,0.0],[0.8396988392,0.0],[0.8501874093,0.0],[0.8295173052,0.0],[0.8285291408,0.0],[1.0,0.0],[0.818016023,0.0],[0.8145074952,0.0],[0.8210773707,0.0],[0.811758668,0.0],[0.8195253459,0.0],[1.0,1.0],[1.0,1.0],[1.0,1.0],[1.0,1.0],[1.0,1.0]],"model_objective_values":[1574.578305501,1656.0620133478,1659.0968750698,1663.8400691338,11802.6772310794,11775.3998382619,7466.3485969272,9867.697982582,4895.7769264244,5012.2623269123,4817.2023175413,5583.8313643852,8059.6232720985,7864.2301469775,7763.0024891375,7368.1905677438,7349.7642294015,7195.6988955143,7081.5133382152,10299.7252780029,7554.4192174656,8185.2092384719,7587.0623240075,7564.7465314566,7342.2587409233,7858.2069981773,8035.4468207015,8495.0338039249,8370.6984191712,8159.9074157106],"objective_values":[3842.947762052,4127.4448951567,4143.2101018645,4206.9220051914,2201.8161003146,2199.4734006943,2122.5959477702,1811.9963538165,4179.5447530225,4179.5447530225,4179.5447530225,4179.5447530225,1822.6114809732,1841.5512978054,1941.4277323454,1865.3843321464,1792.369857021,1932.1418576728,1938.3622586158,953.2979578943,2001.2608868622,2020.7975990198,1983.5958012035,2035.5506919731,1992.6217446424,4179.5447530225,4179.5447530225,4179.5447530225,4179.5447530225,4179.5447530225],"standard_deviation_evaluations":[]}