{"evaluated_points":[[0.3733791433,0.8299741672]],"model_objective_values":[2270.9755824672],"objective_values":[2848.3940474424],"standard_deviation_evaluations":[]}