{"evaluated_points":[[0.6370131943,0.9821621937],[0.6309147555,0.9721216233],[0.6500956473,0.9812585314],[0.6483538156,1.0],[0.1117162676,0.9749057488],[0.7690710044,0.9325851523],[0.6249680125,0.9303988117],[0.9441628294,1.0],[0.9966086734,1.0],[0.6935673873,1.0],[0.7037398644,1.0]],"model_objective_values":[2531.7108913126,2524.081153786,2567.580054415,2623.6900781408,2829.6255944399,3152.8719377931,3107.3079245875,5102.7113909893,5421.5160361223,3237.4449592899,3227.5632130653],"objective_values":[7186.0806774876,6836.6456529512,7555.5372407408,7845.330482275,4696.0537677184,8153.5810925515,6011.6199612018,5037.0135812627,4207.9226499475,9046.2036148069,9245.6859017569],"standard_deviation_evaluations":[]}