{"evaluated_points":[[0.0,1.0],[0.0488908558,0.8333739032],[0.0485066358,0.0],[0.0480241645,0.0],[0.0,0.6750532836],[0.7367603717,0.3613480345],[0.7367173209,0.8366726855],[0.7367946569,0.803927549],[1.0,1.0],[1.0,1.0],[0.7299842192,1.0],[0.7194287522,0.6743447439],[0.7301808353,1.0],[0.7305729474,1.0],[0.7192107411,1.0],[0.7183760797,1.0],[0.7190234451,1.0],[0.7391493376,1.0],[0.7213684207,1.0],[0.6760193582,1.0],[0.6748226603,1.0],[0.717138421,1.0],[0.7331022711,1.0],[0.7316112547,1.0],[0.73351623,1.0],[0.6978413244,1.0],[0.7152811921,1.0],[0.7206184269,1.0],[0.6082743387,1.0],[0.5224180934,1.0],[0.6778146539,1.0],[0.65238307,1.0],[0.6836649178,1.0],[0.6813007127,1.0],[0.6808350544,1.0],[0.6823338462,1.0],[0.6812677826,1.0],[0.7138570422,1.0],[0.6989567373,1.0],[0.7488367396,1.0],[0.6894956736,1.0],[0.6897898238,1.0],[0.7639431185,1.0]],"model_objective_values":[4491.1718898697,8042.5707295823,8027.7188615047,8013.1137954651,5837.6694657099,15060.4878116757,15057.6313079334,15057.9658755652,18367.1538719978,16052.1547311861,24686.5713928022,24089.4483064319,24357.8583933238,24645.2534236609,24146.6033028492,24301.7556953305,23659.8470331548,24606.8158353346,5748.382810157,17053.9035870505,16989.0547984805,4007.1564560959,5099.7264009328,4790.3427399883,4799.5732300657,5783.321792587,5712.3296156203,5282.3099405525,13287.1972128909,7002.7063604771,14555.9279100301,15314.6488792596,14433.2149013629,13612.6297079162,14013.332274678,13380.5159267648,12622.6542119472,7367.2364625905,12317.5996126312,5865.5213905331,12474.3316966958,12454.3656249925,7027.933404044],"objective_values":[16261.3699978694,6665.4601334679,2337.1684436598,2348.9948771786,6575.7728579278,1390.8017661348,6353.7334283222,5792.5082423184,4179.5447530225,4179.5447530225,9593.1519871621,3826.3915647746,9594.7643209053,9597.9337602895,9481.6196427455,9471.1149275929,9479.2852666588,9651.7525783786,9507.5525401075,8631.5628079119,8600.4663309094,9455.0566354931,9616.8987499546,9606.0295526318,9619.7577106521,9134.0141560855,9429.8892344891,9498.7392826208,6601.7264635852,4669.7580580577,8677.5988197246,7966.9096694481,8822.2054666145,8764.7949770122,8753.3201362027,8790.0586652234,8763.9852903323,9409.7289820054,9155.9941446951,9676.2995490436,8957.4479257068,8964.0210024671,9636.9122970618],"standard_deviation_evaluations":[]}