{"evaluated_points":[[0.0,1.0],[0.0,1.0],[0.0,1.0],[0.0,1.0],[0.0,1.0],[0.0,1.0],[0.0,1.0],[0.0,1.0],[0.0,1.0],[0.0,1.0],[0.0,1.0],[0.0,1.0],[0.0,1.0],[0.0,1.0],[0.0,1.0],[0.0,1.0],[0.0,1.0],[0.0,1.0],[0.0,1.0],[0.0,1.0],[0.0,1.0],[0.0,1.0],[0.0,1.0],[0.0,1.0],[0.0,1.0],[0.0,1.0],[0.0,1.0],[0.0,1.0],[0.0,1.0],[0.0,1.0],[0.0,1.0],[0.0,1.0],[0.0,1.0],[0.0,1.0],[0.0,1.0],[0.0,1.0],[0.0,1.0],[0.0,1.0],[0.0,1.0],[0.0,1.0],[0.0,1.0],[0.0,1.0],[0.0,1.0]],"model_objective_values":[9478.6481416784,10121.4715785234,9657.4705839495,27129.2843736256,26217.0034278978,21677.9307723397,21142.5215240044,15992.8070529108,16187.2092209005,16213.9268300165,14458.5106146426,17830.2886573532,14402.5937525224,17101.2228661586,16111.5126234718,17134.6235988894,17055.5428695565,16848.3979568862,17781.0953911213,17295.7807991744,17766.3931219961,18432.8018174686,18970.1989883421,19246.268293675,18929.8534843794,18779.8154882899,18477.0249735702,18390.4622053335,17983.288289842,17295.4669652481,17030.7324229386,14916.7212139563,18185.879799775,17997.1098645184,17636.4448005877,17268.4186954951,18340.7985858259,17881.8792033847,18605.8496369765,18489.5608812344,18507.5036457198,17433.5184443576,18182.0644746562],"objective_values":[16261.3699978694,16261.3699978694,16261.3699978694,16261.3699978694,16261.3699978694,16261.3699978694,16261.3699978694,16261.3699978694,16261.3699978694,16261.3699978694,16261.3699978694,16261.3699978694,16261.3699978694,16261.3699978694,16261.3699978694,16261.3699978694,16261.3699978694,16261.3699978694,16261.3699978694,16261.3699978694,16261.3699978694,16261.3699978694,16261.3699978694,16261.3699978694,16261.3699978694,16261.3699978694,16261.3699978694,16261.3699978694,16261.3699978694,16261.3699978694,16261.3699978694,16261.3699978694,16261.3699978694,16261.3699978694,16261.3699978694,16261.3699978694,16261.3699978694,16261.3699978694,16261.3699978694,16261.3699978694,16261.3699978694,16261.3699978694,16261.3699978694],"standard_deviation_evaluations":[]}