{"evaluated_points":[[0.2078090297,0.7311200785],[0.1414505361,0.7214380245]],"model_objective_values":[2868.7795274624,2878.6661154706],"objective_values":[1239.0225780569,1678.1484123363],"standard_deviation_evaluations":[]}