{"evaluated_points":[[1.0,1.0],[1.0,1.0],[0.0,0.0],[1.0,1.0],[1.0,0.7064451143],[1.0,1.0],[1.0,1.0],[1.0,1.0],[1.0,0.7730501664],[1.0,0.9307740639],[0.0,1.0],[1.0,0.9666954722],[0.0,1.0],[0.0,1.0],[0.0,1.0],[0.0,1.0],[0.0,1.0],[0.0,1.0],[0.0,1.0],[0.0,1.0],[0.0,1.0],[0.9227290063,1.0],[0.1778319635,1.0],[0.187606704,1.0],[0.4186874844,0.9989768953],[0.2411844252,1.0],[0.2297126866,1.0],[0.1920547684,1.0],[0.2337284289,1.0],[0.0,1.0],[0.0,1.0],[0.0,1.0],[0.0,1.0]],"model_objective_values":[7163.9808980956,7897.9407874609,9631.7659369788,15970.3853678833,5307.8863079859,5579.2695361635,5505.6197487294,5572.4340562391,5355.3464357725,5524.6740833948,6320.7268641748,5955.1662350831,8782.7707060201,9506.9812429768,10361.3235878295,14874.1123479764,15431.5770197039,13667.6661486304,13993.6756725664,13482.5916474213,13448.3987971753,9219.3368148274,5031.2093608755,5613.4923988404,6690.3006035081,5698.1320876713,5725.5241920733,5859.7307076571,5722.3643099056,7034.1847749033,7238.4251700536,6724.9573582222,6933.7406281628],"objective_values":[4179.5447530225,4179.5447530225,3708.9998379182,4179.5447530225,1870.0780406014,4179.5447530225,4179.5447530225,4179.5447530225,2294.7713253289,3532.9073908628,16261.3699978694,3860.5887771349,16261.3699978694,16261.3699978694,16261.3699978694,16261.3699978694,16261.3699978694,16261.3699978694,16261.3699978694,16261.3699978694,16261.3699978694,5579.5935076865,2705.7976659558,2609.6697963749,4404.4989163576,2823.8967073622,2697.2947051185,2582.7082922356,2738.0096687044,16261.3699978694,16261.3699978694,16261.3699978694,16261.3699978694],"standard_deviation_evaluations":[]}