{"evaluated_points":[[0.742131634,0.8532787434],[0.7407806855,0.8579236222],[0.742131634,0.8532787434],[0.7105990495,1.0],[0.0586453136,1.0],[0.7013551542,1.0],[0.7091286884,1.0],[0.6984596014,1.0],[0.6527004869,1.0],[0.7117091637,1.0],[0.7087436879,1.0],[0.7040512968,0.8373924641],[0.7043537617,0.8372701067]],"model_objective_values":[7299.110783162,6887.9004214446,7039.7376990514,5041.0943138049,5012.1526549638,5398.5017108876,6732.4208719928,6809.2684566751,5288.9196257383,6903.669525122,6585.7016788165,5734.2627039777,5605.9754011842],"objective_values":[6667.3948414656,6748.8371726929,6667.3948414656,9360.8396757774,9196.7740762855,9201.9048900008,9337.5327294438,9146.2465252143,7976.4108893812,9377.9270599125,9331.3040419686,6110.0133392145,6111.4951380601],"standard_deviation_evaluations":[]}