{"evaluated_points":[[0.7084047542,1.0]],"model_objective_values":[10125.7608999046],"objective_values":[9325.7776300576],"standard_deviation_evaluations":[]}