{"evaluated_points":[[0.0,1.0],[0.0,1.0],[0.0,1.0]],"model_objective_values":[5522.7582110474,5589.6301825597,6251.7071638107],"objective_values":[16261.3699978694,16261.3699978694,16261.3699978694],"standard_deviation_evaluations":[]}