{"evaluated_points":[[0.0,1.0],[0.0,1.0],[0.0,1.0],[0.0,1.0],[0.0,1.0],[0.0,1.0],[0.0,1.0],[0.0,1.0],[0.0,1.0],[0.0,1.0],[0.0,1.0],[0.0,1.0],[0.0,1.0],[0.0,1.0],[0.0,1.0],[0.0,1.0],[0.0,1.0],[0.0,1.0],[0.0,1.0],[0.0,1.0],[0.0,1.0],[0.0,1.0],[0.0,1.0],[0.0,1.0],[0.0,1.0],[0.0,1.0],[0.0,1.0],[0.0,1.0],[0.0,1.0],[0.0,1.0],[0.0,1.0],[0.0088640362,1.0],[0.0,1.0],[0.0,1.0],[0.0,1.0],[0.0,1.0],[0.0,1.0],[0.0,1.0],[0.0,1.0],[0.0070326695,1.0]],"model_objective_values":[22856.7110805751,9820.6693156709,9972.6809294923,25503.3110516459,24268.6231576294,24062.3112703565,19944.4970516088,19155.1158639178,54834.9306038663,63991.2133162352,22442.472608335,22855.9672137944,22056.3057260684,21996.9920794969,21308.3273331861,22335.7579943008,21709.6024958594,22529.6344577233,22706.8349001612,21721.3375250789,22113.6951983764,17089.0576582047,17226.4871240707,17563.3098758067,20144.2980288094,17237.9770328054,16418.1796956341,15151.9603366501,14260.6526280679,13917.3638937609,14545.7722932418,12475.6464616829,16353.0652626219,15956.6143558527,16236.2645305851,15978.4404404608,15680.5341348099,15894.247622902,15199.8190519294,13388.0486177686],"objective_values":[16261.3699978694,16261.3699978694,16261.3699978694,16261.3699978694,16261.3699978694,16261.3699978694,16261.3699978694,16261.3699978694,16261.3699978694,16261.3699978694,16261.3699978694,16261.3699978694,16261.3699978694,16261.3699978694,16261.3699978694,16261.3699978694,16261.3699978694,16261.3699978694,16261.3699978694,16261.3699978694,16261.3699978694,16261.3699978694,16261.3699978694,16261.3699978694,16261.3699978694,16261.3699978694,16261.3699978694,16261.3699978694,16261.3699978694,16261.3699978694,16261.3699978694,15047.0555910166,16261.3699978694,16261.3699978694,16261.3699978694,16261.3699978694,16261.3699978694,16261.3699978694,16261.3699978694,15293.9384301933],"standard_deviation_evaluations":[]}