{"evaluated_points":[[0.0,1.0],[0.0,1.0],[0.0025412955,1.0],[0.0072070525,1.0],[0.3892794112,1.0],[0.035957036,1.0],[0.0,1.0],[0.045432493,1.0],[0.0,1.0],[0.0,1.0],[0.1167484772,1.0],[0.0,1.0],[0.2493016828,1.0],[0.3198410659,1.0],[0.0,1.0],[0.0,1.0],[0.0,1.0],[0.0,1.0],[0.0,1.0],[0.0,1.0],[0.0,1.0],[0.0,1.0],[0.0,1.0],[0.0,1.0],[0.0,1.0]],"model_objective_values":[22563.2448705492,14533.6723690462,29203.4218939331,29188.4932813045,29280.3441099143,29252.8634067414,29224.7080980386,29211.037401821,29191.8274166708,29183.9520101016,29223.1659940202,23920.5818107328,23826.0946773764,23819.4280016927,40675.3010820439,34874.6250713732,36559.9754799132,36668.5488954526,37428.9552706234,37365.3542624472,37919.9820101102,36559.6815057544,18083.2472135809,17804.0621741346,17703.886238283],"objective_values":[16261.3699978694,16261.3699978694,15908.2647915356,15270.3395962655,4434.5344920026,11649.8583150254,16261.3699978694,10580.1097852072,16261.3699978694,16261.3699978694,4698.9131785794,16261.3699978694,2930.1148278299,3981.2298868708,16261.3699978694,16261.3699978694,16261.3699978694,16261.3699978694,16261.3699978694,16261.3699978694,16261.3699978694,16261.3699978694,16261.3699978694,16261.3699978694,16261.3699978694],"standard_deviation_evaluations":[]}