{"evaluated_points":[[0.0,0.6040924533],[0.0,0.5954272803],[0.0,0.5904094455],[0.0,0.5825498373],[0.2055632075,0.5327716394],[0.2878818617,0.590727441],[0.2624204583,0.5844020283],[0.0260331241,0.0],[0.0591837769,0.5799404797],[0.0042190257,0.0],[0.0,0.0],[0.0,0.0],[0.8462173895,1.0],[0.8415918039,1.0],[0.8668040135,0.9439135362],[0.8640518511,0.9455787878],[0.0,0.0],[0.8769007295,1.0],[0.8725583286,1.0],[0.0,0.0],[0.8711567082,1.0],[0.9093285578,1.0],[0.9090214628,1.0],[0.0,0.0],[0.9135760706,1.0],[0.933232136,1.0],[0.91417775,1.0],[0.9330465663,1.0],[0.9315981745,1.0],[0.9324222624,1.0]],"model_objective_values":[4257.9604134008,4209.7409795001,4195.0931939622,4112.905082054,4025.6160770833,2638.9327869645,2584.4309537717,7214.5783681913,8724.6068351508,7000.6015740346,6347.9928328581,6177.1712347575,7090.3488946514,6813.3619112818,7659.0912933559,7221.3934806219,5135.4106324042,6177.644981345,6265.8644974205,5421.7338493541,6420.5049123989,7228.2306718486,7428.4731023246,6705.3163580572,7185.1740163079,6927.264607169,6494.50061876,6832.4154490179,6721.361099901,6844.1802242202],"objective_values":[5178.7434389737,5025.7850053757,4938.964648392,4805.5618884619,634.8174467037,1071.270959284,928.5759105413,2928.0343585535,2677.4711737488,3575.7866544046,3708.9998379182,3708.9998379182,7981.3314190622,8121.8714081219,6399.2865902907,6504.2634305812,3708.9998379182,6995.988762931,7138.1226485713,3708.9998379182,7183.9759711174,5966.5265449429,5975.7465984084,3708.9998379182,5840.5181437729,5300.6974602041,5822.906382685,5305.4166378163,5342.5171792232,5321.3503444849],"standard_deviation_evaluations":[]}