{"evaluated_points":[[1.0,0.945207856],[0.0,0.6086008673],[0.0,0.6751747736],[0.0,0.7076608111],[0.6716294104,0.7542065246],[0.6863398921,0.7476344717],[0.5216876077,0.7926221728]],"model_objective_values":[3610.3517212716,4325.2971144472,5190.0592845821,5375.7273447265,2829.6344759407,2824.140337278,3316.207620396],"objective_values":[3662.5374574651,5259.8444356666,6578.3854014697,7304.0469161986,4418.8039659928,4519.3692373739,2710.6155848924],"standard_deviation_evaluations":[]}