{"evaluated_points":[[0.2298824155,0.8785201881],[0.3943967943,0.87852003],[0.1027088157,0.1074907687],[0.0748419408,0.1074925989]],"model_objective_values":[3207.7623329656,3207.7623043455,7688.4300422342,7688.4283645317],"objective_values":[1993.1036201037,3276.845576411,888.5534518444,1230.732818031],"standard_deviation_evaluations":[]}