{"evaluated_points":[[1.0,1.0],[1.0,0.0],[1.0,0.0],[1.0,0.0],[1.0,0.0],[1.0,0.0],[1.0,0.0],[1.0,0.0],[1.0,0.0],[0.0,0.0],[0.0,0.0],[0.0,0.0],[0.0,0.0],[0.0,0.0],[0.0,0.0],[0.0,0.0],[0.0,0.0],[0.0,0.0],[0.0,0.0],[0.158683324,1.0],[0.0,0.0],[0.0,0.0],[0.0,0.0],[0.0,0.0]],"model_objective_values":[18804.4616364368,10631.2796029362,11584.1417780961,17171.6982485771,8095.9719117426,8132.0217162299,5257.0685853114,5571.4805994923,4686.50745249,4290.9626440763,4619.4943962749,3624.9747131617,3603.69521389,3636.1764138544,3638.3484359728,3640.9167465179,3575.5757323403,3894.5529912963,3812.6803293449,3584.0184584009,3822.3007376546,4499.8313879345,4526.0895258518,6369.9937323883],"objective_values":[4179.5447530225,953.2979578943,953.2979578943,953.2979578943,953.2979578943,953.2979578943,953.2979578943,953.2979578943,953.2979578943,3708.9998379182,3708.9998379182,3708.9998379182,3708.9998379182,3708.9998379182,3708.9998379182,3708.9998379182,3708.9998379182,3708.9998379182,3708.9998379182,3056.5619379815,3708.9998379182,3708.9998379182,3708.9998379182,3708.9998379182],"standard_deviation_evaluations":[]}