{"evaluated_points":[[0.7583828218,1.0],[0.7434044965,0.7965443513],[0.7595137296,0.8885016734],[0.7583828218,1.0],[0.7562563951,0.7837599329],[0.7562563951,0.7837599329],[0.2639739757,1.0],[0.4035027779,1.0],[0.3855885726,1.0]],"model_objective_values":[4753.1476512224,2916.5775205332,3703.6760250175,4874.7241771158,4693.8036013884,4857.293916903,8102.226067449,4298.6561682304,4515.5393192119],"objective_values":[9662.4076978171,5686.4860929367,7323.064418416,9662.4076978171,5479.1848427363,5479.1848427363,3145.8061207587,4434.8269858108,4430.4451147618],"standard_deviation_evaluations":[]}