{"evaluated_points":[[0.0,0.6040924533],[0.0,0.5954272803],[0.0,0.5904094455],[0.0,0.5825498373],[0.2055632075,0.5327716394],[0.2878818617,0.590727441],[0.2624204583,0.5844020283],[0.0260331241,0.0],[0.0591837769,0.5799404797],[0.0042190257,0.0]],"model_objective_values":[4257.9604134008,4209.7409795001,4195.0931939622,4112.905082054,4025.6160770833,2638.9327869645,2584.4309537717,7214.5783681913,8724.6068351508,7000.6015740346],"objective_values":[5178.7434389737,5025.7850053757,4938.964648392,4805.5618884619,634.8174467037,1071.270959284,928.5759105413,2928.0343585535,2677.4711737488,3575.7866544046],"standard_deviation_evaluations":[]}