{"evaluated_points":[[0.0,1.0],[0.0,1.0],[0.0,1.0],[0.0104404153,1.0],[0.0279139249,1.0],[0.0521964138,1.0],[0.04081469,1.0]],"model_objective_values":[12883.2391055219,14061.0381121022,95036.8554497514,27742.3059118338,24506.9623466308,25866.1208590182,29182.2788430608],"objective_values":[16261.3699978694,16261.3699978694,16261.3699978694,14836.239005052,12607.1529723801,9855.9276689872,11093.4875707442],"standard_deviation_evaluations":[]}