{"evaluated_points":[[0.7419807828,1.0],[0.506284762,1.0],[1.0,1.0],[0.0,1.0],[0.0,1.0],[0.1766248537,1.0],[0.0,1.0],[0.0,1.0],[0.0,1.0],[0.0,1.0],[0.7526874392,1.0],[0.0,1.0],[0.0,1.0],[0.0,1.0],[0.0,1.0],[0.0,1.0],[0.0,1.0],[0.0,1.0],[0.0,1.0],[0.0,1.0],[0.0,1.0],[0.0,1.0],[0.0,1.0],[0.0,1.0],[0.0,1.0],[0.0,1.0],[0.0,1.0],[0.0,1.0],[0.0,1.0],[0.0,1.0],[0.0,1.0],[0.0,1.0],[0.0,1.0],[0.0,1.0],[0.0,1.0],[0.0,1.0],[0.0,1.0]],"model_objective_values":[3171.3600620191,3248.4157492012,3536.3966861487,7467.6211702198,2621.1368452316,2450.4741350068,4225.5889929876,4419.4494749249,5462.6278132283,5330.5969509648,2633.2069983515,4154.3979743633,3481.772608104,3620.9256392792,3792.7636965496,3588.0335065964,21012.1695411111,17618.6354849816,20143.8214004778,39315.8111389924,21995.6801597162,20424.8320377855,15891.0606052069,15934.9751714714,20854.7835974361,21171.5982980734,21421.7069026691,15962.1889309006,20943.0039585712,16049.539241577,15880.7781779694,21248.5946453608,20753.9148396303,20926.9956740105,21181.0744557241,22936.6328263399,23503.3402393082],"objective_values":[9662.9350152024,4506.8541144665,4179.5447530225,16261.3699978694,16261.3699978694,2721.3639681066,16261.3699978694,16261.3699978694,16261.3699978694,16261.3699978694,9675.2521151962,16261.3699978694,16261.3699978694,16261.3699978694,16261.3699978694,16261.3699978694,16261.3699978694,16261.3699978694,16261.3699978694,16261.3699978694,16261.3699978694,16261.3699978694,16261.3699978694,16261.3699978694,16261.3699978694,16261.3699978694,16261.3699978694,16261.3699978694,16261.3699978694,16261.3699978694,16261.3699978694,16261.3699978694,16261.3699978694,16261.3699978694,16261.3699978694,16261.3699978694,16261.3699978694],"standard_deviation_evaluations":[]}