{"evaluated_points":[[0.9892938679,1.0],[0.0,1.0],[0.0,1.0],[0.0,1.0],[0.0,1.0],[0.0,1.0],[0.0,1.0],[0.0,1.0],[0.0,1.0],[0.0061871864,1.0],[0.0,1.0],[0.0,1.0],[0.0,1.0],[0.0,1.0]],"model_objective_values":[13343.4732213908,11966.7296829642,11212.0426700922,11726.8934420353,9889.4041183326,94262.1927330191,95220.5328770697,91300.3014367193,10100.941467278,9459.8313328619,56701.8275137811,8028.4340392383,8330.123614918,8202.7450679334],"objective_values":[4279.1420532096,16261.3699978694,16261.3699978694,16261.3699978694,16261.3699978694,16261.3699978694,16261.3699978694,16261.3699978694,16261.3699978694,15408.6251961445,16261.3699978694,16261.3699978694,16261.3699978694,16261.3699978694],"standard_deviation_evaluations":[]}