{"evaluated_points":[[1.0,0.9164600641],[0.1968210163,0.9343982862],[0.0,0.9292046471]],"model_objective_values":[16503.0695064145,13004.6984301258,13861.1720738937],"objective_values":[3407.0565044592,2187.729214525,13691.2983342279],"standard_deviation_evaluations":[]}