{"evaluated_points":[[0.9892938679,1.0],[0.0,1.0],[0.0,1.0],[0.0,1.0],[0.0,1.0],[0.0,1.0],[0.0,1.0],[0.0,1.0],[0.0,1.0],[0.0061871864,1.0],[0.0,1.0],[0.0,1.0],[0.0,1.0],[0.0,1.0],[0.0,1.0],[0.0,1.0],[0.0,1.0],[0.0,1.0],[0.0,1.0],[0.0,1.0],[0.0,1.0],[0.0,1.0],[0.0,1.0],[0.0,1.0],[0.0,1.0],[0.0,1.0],[0.0,1.0],[0.0,1.0],[0.0,1.0],[0.0,1.0],[0.0,1.0],[0.0,1.0],[0.0,1.0],[0.0,1.0],[0.0,1.0],[0.0,1.0],[0.0,1.0],[0.0,1.0],[0.0,1.0]],"model_objective_values":[13343.4732213908,11966.7296829642,11212.0426700922,11726.8934420353,9889.4041183326,94262.1927330191,95220.5328770697,91300.3014367193,10100.941467278,9459.8313328619,56701.8275137811,8028.4340392383,8330.123614918,8202.7450679334,8912.176628184,9529.4206255513,9260.2234953391,9218.3793704177,13134.9024154857,11319.1127488707,9112.0445543574,12244.5540704666,11519.6502361415,14702.2818532392,36880.3090376525,24394.8323614614,37595.5228686824,37748.5787947835,38021.0492371103,41242.7960457144,42802.8397907839,43330.474631082,42733.147459034,41690.3051850231,36953.7405437007,34828.4793730927,36306.6458159808,30712.4653871407,35512.2154505699],"objective_values":[4279.1420532096,16261.3699978694,16261.3699978694,16261.3699978694,16261.3699978694,16261.3699978694,16261.3699978694,16261.3699978694,16261.3699978694,15408.6251961445,16261.3699978694,16261.3699978694,16261.3699978694,16261.3699978694,16261.3699978694,16261.3699978694,16261.3699978694,16261.3699978694,16261.3699978694,16261.3699978694,16261.3699978694,16261.3699978694,16261.3699978694,16261.3699978694,16261.3699978694,16261.3699978694,16261.3699978694,16261.3699978694,16261.3699978694,16261.3699978694,16261.3699978694,16261.3699978694,16261.3699978694,16261.3699978694,16261.3699978694,16261.3699978694,16261.3699978694,16261.3699978694,16261.3699978694],"standard_deviation_evaluations":[]}