{"evaluated_points":[[0.8217000321,0.8347321229],[0.3750146556,0.8321936884],[0.0,1.0],[0.0,1.0],[0.0,1.0]],"model_objective_values":[5144.8942452052,4962.3920170944,23606.2226550629,28832.6583690674,13970.6698981074],"objective_values":[5690.9135571608,2869.3838298633,16261.3699978694,16261.3699978694,16261.3699978694],"standard_deviation_evaluations":[]}