{"evaluated_points":[[0.4395674386,0.104743373],[1.0,1.0],[1.0,1.0],[1.0,1.0],[1.0,1.0],[1.0,1.0],[1.0,1.0],[1.0,1.0],[1.0,1.0],[1.0,1.0],[1.0,1.0],[0.8427722233,1.0],[0.8430427275,1.0],[0.8431226853,1.0],[0.8440863878,1.0],[0.8410476495,1.0],[0.8449815567,1.0],[0.8397369139,1.0],[0.8492947678,1.0],[0.8477938741,1.0],[0.8462527541,1.0],[0.8466188983,1.0],[0.8480265354,1.0],[0.8515002645,1.0],[0.8544664531,1.0]],"model_objective_values":[2351.7184149245,20006.7673181923,5997.8958318805,6063.9228154343,6473.6078112088,6686.0467604091,7037.5233665237,7066.1438413578,6891.2362414774,7011.4288533891,5978.3020943969,8040.9938292802,6875.323235927,7053.2580074027,5476.5890909687,7357.8471469115,6816.6323845941,8045.4921493686,6936.4701776732,6690.0893743138,6801.3018733961,7298.0008005452,7327.0328914999,7307.6490461956,6396.3552039036],"objective_values":[706.7658417817,4179.5447530225,4179.5447530225,4179.5447530225,4179.5447530225,4179.5447530225,4179.5447530225,4179.5447530225,4179.5447530225,4179.5447530225,4179.5447530225,8086.3195141308,8078.1412527397,8075.7216630331,8046.4815352044,8138.1841323053,8019.1949024795,8177.274399261,7886.1315802724,7932.7199790532,7980.2447064764,7968.9832293471,7925.5172994479,7817.16251997,7723.5335093074],"standard_deviation_evaluations":[]}