{"evaluated_points":[[0.8217000321,0.8347321229],[0.3750146556,0.8321936884]],"model_objective_values":[5144.8942452052,4962.3920170944],"objective_values":[5690.9135571608,2869.3838298633],"standard_deviation_evaluations":[]}