{"evaluated_points":[[0.6893650953,0.9007794285],[0.6825437232,0.8779269102],[0.7021388608,0.9048573267],[0.7027298208,0.919189303],[0.7000164547,0.8867664703],[0.7003237225,0.8851758889],[0.6988953417,0.8907177268],[0.6993766956,0.887714355],[0.7001433871,0.8842286487]],"model_objective_values":[4302.9529979708,4333.0860593981,6044.5074751564,5643.2659958358,6483.0668937816,6540.2379393019,6564.4484738847,6646.8893869953,6617.2066198833],"objective_values":[7010.7401000068,6484.8100807423,7292.4550109907,7574.4331694831,6926.0997115906,6901.5426368114,6981.8388516883,6934.0645369584,6881.7248180981],"standard_deviation_evaluations":[]}