{"evaluated_points":[[0.0287882503,0.9059313458],[0.0,1.0],[0.0,1.0],[0.0,1.0],[0.0,1.0],[0.0,1.0],[0.0590794422,0.9077700155],[0.0,1.0],[0.0011181502,0.9155752742],[0.0,0.916817259],[0.0,0.9141186197],[0.0,0.913683249],[0.0,0.9099872598],[0.0590794422,0.9077700155],[0.8727088695,0.5088939409],[0.0,0.9395431448]],"model_objective_values":[6075.6490718447,6143.6164928504,7088.8639454784,7470.0367023399,8042.1714760096,12002.5065353393,12136.6383292593,14727.11519555,6063.8767101996,6201.5987084237,6183.0074888354,6182.0605369974,6231.9821958429,7065.0093643587,5712.8172055547,7894.6576315228],"objective_values":[9918.7078034067,16261.3699978694,16261.3699978694,16261.3699978694,16261.3699978694,16261.3699978694,7297.251206701,16261.3699978694,13099.1658934405,13267.9385349177,13176.7485930818,13162.0718226047,13037.8667077332,7297.251206701,1626.920315934,14050.6392220023],"standard_deviation_evaluations":[]}