{"evaluated_points":[[0.0267505236,0.8311483118],[0.0527433729,0.8263394167],[0.0310538222,0.8313946674]],"model_objective_values":[4646.7811108587,3436.8217978218,3585.264587772],"objective_values":[8275.1810763137,6275.0563847866,7942.3911036194],"standard_deviation_evaluations":[]}