{"evaluated_points":[[0.728443019,1.0],[0.7376063368,1.0],[0.690695726,1.0],[0.5469828745,1.0],[0.45680915,1.0],[0.607747587,1.0],[0.7954206677,1.0],[0.9715737777,1.0]],"model_objective_values":[10140.4733183982,10639.9743189306,9779.3457397022,6860.8918448872,18659.378345999,18564.388067031,11547.1889987573,4297.9720531889],"objective_values":[9579.9808112337,9644.274254088,8984.1086143408,5047.4027779507,4351.9505878511,6585.7242449893,9260.5618183291,4510.8088292167],"standard_deviation_evaluations":[]}