{"evaluated_points":[[0.4395674386,0.104743373],[1.0,1.0],[1.0,1.0],[1.0,1.0],[1.0,1.0],[1.0,1.0],[1.0,1.0],[1.0,1.0],[1.0,1.0],[1.0,1.0],[1.0,1.0],[0.8427722233,1.0],[0.8430427275,1.0],[0.8431226853,1.0]],"model_objective_values":[2351.7184149245,20006.7673181923,5997.8958318805,6063.9228154343,6473.6078112088,6686.0467604091,7037.5233665237,7066.1438413578,6891.2362414774,7011.4288533891,5978.3020943969,8040.9938292802,6875.323235927,7053.2580074027],"objective_values":[706.7658417817,4179.5447530225,4179.5447530225,4179.5447530225,4179.5447530225,4179.5447530225,4179.5447530225,4179.5447530225,4179.5447530225,4179.5447530225,4179.5447530225,8086.3195141308,8078.1412527397,8075.7216630331],"standard_deviation_evaluations":[]}