{"evaluated_points":[[0.8994385031,0.0],[0.9096140143,0.0],[0.9416979844,1.0],[0.0,1.0],[0.0,1.0],[0.0,1.0],[0.0,0.0],[0.0760244194,0.0],[0.0964879322,0.0],[0.0122796348,0.0],[0.9052101554,0.0],[0.0,1.0],[0.0,1.0],[0.0,1.0],[0.035046136,1.0],[0.0,1.0],[0.0,1.0],[0.0,1.0],[0.0,0.6877231972],[0.0,0.686323819],[0.0,0.6837252564],[0.0,0.9949971219],[0.0,0.6877231972],[0.0,0.9717056932],[0.0,0.6922360471],[0.0,0.9085146865],[0.0,0.933390498],[0.0,0.9075028165],[0.0,0.7243817116],[0.0,0.8943170516],[0.0,0.9167469826],[0.0,0.9079984683],[0.0,0.9080390147],[0.0,1.0],[0.0,0.6893150031],[0.0,0.6893650126],[0.0,0.6893650126],[0.0,0.6893736443],[0.0,1.0],[0.0,0.9371618601],[0.0,1.0],[0.0,0.9368633898],[0.0,0.9374191628]],"model_objective_values":[4033.3425314387,3974.124661144,4921.3353657888,7993.1690886964,13549.0275519743,4406.0959219812,5274.3899966741,5068.2129374672,5189.8587572439,5582.2712314906,5015.2711856526,5309.0019418131,4917.0434628629,5622.8425509661,5738.5575748398,5905.0356848517,5972.6161217541,5966.1264692978,12919.5269463037,11624.9951357204,10776.7556859324,9871.0212955795,9721.566506942,11352.6267143453,8562.3866086021,10437.5962315702,10770.7794553315,10313.8108845892,7503.2029375014,12510.4379233807,11036.8676065938,10833.0172140555,10529.4503846669,5501.7011143376,10114.2864066918,9947.5135000138,9829.9080858766,9726.587069852,21732.3075648025,23320.3852383596,22123.3637560147,23257.5407793142,23471.6386392159],"objective_values":[1430.1109723157,1358.9326143227,5093.9539124241,16261.3699978694,16261.3699978694,16261.3699978694,3708.9998379182,1728.0959158359,1361.2540990358,3328.2991142057,1389.3489865744,16261.3699978694,16261.3699978694,16261.3699978694,11756.0304391976,16261.3699978694,16261.3699978694,16261.3699978694,6852.2928702988,6821.3484082869,6764.1519155638,16071.3382510955,6852.2928702988,15203.4697381677,6952.767517958,12988.5748630862,13836.1299996715,12954.7685212158,7698.5827841704,12519.0201749264,13265.5590983406,12971.3215919847,12972.6762596643,16261.3699978694,6887.6141869081,6888.7259692882,6888.7259692882,6888.91787714,16261.3699978694,13967.3872714095,16261.3699978694,13956.9729120059,13976.3688469478],"standard_deviation_evaluations":[]}