{"evaluated_points":[[0.4608760592,1.0],[1.0,0.0],[1.0,1.0],[0.0,1.0],[0.0,1.0]],"model_objective_values":[1627.6569952472,3585.9532396783,16516.8312601363,63175.6133134294,45851.582679613],"objective_values":[4350.100930838,953.2979578943,4179.5447530225,16261.3699978694,16261.3699978694],"standard_deviation_evaluations":[]}