{"evaluated_points":[[0.8261554571,1.0],[0.7821451842,1.0],[0.77895539,1.0],[0.7479186575,1.0],[0.7452376753,1.0],[0.7683572299,1.0],[0.8122747145,1.0],[0.8066950338,1.0],[0.78515917,1.0],[0.7547426619,0.9999616745],[0.7783187217,0.9917140412],[0.7770741269,1.0],[0.7696355798,1.0],[0.7809410513,0.9952754767],[0.797400941,1.0],[0.789424286,1.0],[0.795899591,1.0],[0.7932770963,1.0],[0.8171060976,1.0],[0.8053057355,1.0],[0.8265722868,1.0],[0.8171739472,1.0],[0.8291933741,1.0],[0.829343112,1.0],[0.8330307775,1.0],[0.8317662815,1.0],[0.8306396668,1.0],[0.8381513431,1.0]],"model_objective_values":[11624.2150656689,9568.8968155489,9470.7937641504,7307.8413203324,7294.6875555141,7764.6165577848,8065.8166015741,7885.6181847813,8028.5869624253,8377.9033866267,8887.2022850759,9090.209312452,8655.1225578321,9055.552883079,9487.8879282492,9451.0565020875,9802.9292103032,9273.7689804685,11245.6202505393,10073.6068271602,11952.6236981361,14564.4071717592,15322.3752943629,14622.3505555595,15178.205102569,14764.8793579533,15292.9440550281,11579.3538586798],"objective_values":[8562.9715210282,9465.8094701165,9505.2746276735,9675.6396694797,9671.7107802224,9607.6326635308,8912.4898698244,9037.7498156885,9424.9376770125,9671.3016462969,9328.9686961744,9526.6965521,9597.6720081881,9376.5162652994,9224.5136767159,9361.2737812098,9251.9683676595,9298.0382731212,8796.6686237885,9067.4506265841,8551.719884368,8794.9956997055,8480.0545186808,8475.9137967746,8372.4169870219,8408.2293492708,8439.8550104778,8224.1648794188],"standard_deviation_evaluations":[]}