{"evaluated_points":[[0.906083358,0.0],[0.8828222602,0.0007542483],[0.4394034695,1.0]],"model_objective_values":[2154.9446832453,2121.9947615905,11074.7571431724],"objective_values":[1383.2677449541,1547.4737604754,4375.3094907655],"standard_deviation_evaluations":[]}