{"evaluated_points":[[1.0,1.0],[1.0,0.0],[0.9964738111,0.0],[0.9699860855,0.3960947924],[0.9665419448,0.6316022059],[0.9479951185,0.0],[0.8363399155,0.0],[0.7947830131,1.0],[0.8415272145,1.0],[0.9046365144,1.0],[0.8034798793,0.1577458251],[1.0,1.0],[1.0,1.0],[1.0,1.0],[0.8423520372,1.0],[0.9049958788,1.0],[0.8903397069,1.0],[1.0,1.0],[1.0,1.0],[0.9818012031,1.0],[0.8137400938,1.0],[0.8749150013,1.0],[0.8263431953,0.990452899],[0.8261198775,1.0],[0.8119486416,1.0],[0.8374764368,1.0],[0.8343348105,1.0],[0.9230074492,1.0],[0.8805323557,1.0],[0.8694389797,1.0],[0.9664925091,1.0],[0.8397973527,1.0],[0.8380266763,1.0],[0.7306987068,0.9733358835],[0.8430474084,1.0],[0.8523995285,1.0],[0.8152353241,1.0],[0.8257142915,1.0],[0.8430606365,1.0],[0.8003245004,1.0],[0.8820786141,1.0]],"model_objective_values":[9304.2603124661,10393.2944924965,10234.9399749296,10464.2230844045,10668.7879819219,10879.1835534306,9505.6718908874,4988.0725648899,4985.0987548558,9380.8658766627,7553.9057989103,9986.1484465699,5583.4486827391,6006.8802809657,4854.9069955422,4781.6149438699,4739.3621977076,5465.5421854956,5677.8252471583,5468.6220673854,4776.5232180559,7167.276673876,4709.6330533279,4952.5293796658,5006.9020104792,5309.8921588566,5828.2082152195,5484.1227239679,6466.6975316667,6141.3937636129,5349.3427476559,6201.8357982642,6104.1996953948,4533.2309487621,5766.7704924957,4558.4332836936,5736.7084307978,5721.4568680721,10554.380197414,5621.774610994,9833.4259639751],"objective_values":[4179.5447530225,953.2979578943,960.0416365115,715.9751001326,1606.7981371214,1129.3735266573,1887.9136517135,9271.8790396094,8123.8102216046,6108.8954442658,1284.0381010054,4179.5447530225,4179.5447530225,4179.5447530225,8099.0002667565,6097.8820970842,6559.0617356085,4179.5447530225,4179.5447530225,4366.7172809536,8878.060274556,7060.9845831992,8367.6441457028,8563.9300524193,8920.0662668972,8243.9881047512,8335.1440786477,5571.9032285179,6877.2525421015,7240.1220844161,4593.0537119223,8175.4783433686,8227.8327741761,9009.7917147807,8077.9996318959,7788.8777758342,8842.2961075641,8574.8356783486,8077.599397519,9168.8405187177,6826.7952023587],"standard_deviation_evaluations":[]}