{"evaluated_points":[[0.0234550086,0.7948255242],[0.0,0.9898514214]],"model_objective_values":[4659.9649024364,6432.7165269624],"objective_values":[7700.6118047091,15877.2162504232],"standard_deviation_evaluations":[]}