{"evaluated_points":[[0.4608760592,1.0],[1.0,0.0],[1.0,1.0],[0.0,1.0],[0.0,1.0],[0.4239738313,1.0],[1.0,1.0],[1.0,1.0],[1.0,1.0],[1.0,1.0],[1.0,1.0],[1.0,1.0],[1.0,1.0],[1.0,1.0],[0.4239738313,1.0],[0.1826782948,1.0],[0.2271912867,1.0],[0.2128571036,0.9999998831],[0.1826782948,1.0],[0.2217764547,0.9999998518],[0.2271912867,1.0],[0.2244416322,0.9999999869],[0.2271912867,1.0],[0.2271912867,1.0],[0.2271912867,1.0],[0.2286820895,0.9999999752],[0.2128571036,0.9999998831],[0.2286820895,0.9999999752]],"model_objective_values":[1627.6569952472,3585.9532396783,16516.8312601363,63175.6133134294,45851.582679613,45260.3134239427,47381.2404288443,47968.217108653,44643.4059414353,48242.4030672383,35845.449632377,34318.989388088,33055.0723528715,29454.7075261493,14161.7416421308,15741.9681677597,13735.1293195017,14787.9671200133,14361.137913482,14129.8565284957,14097.0873757426,14117.6707770762,14417.1686976248,14098.7200519146,13981.8998830271,14109.0147389287,14089.9752998298,14169.7632442885],"objective_values":[4350.100930838,953.2979578943,4179.5447530225,16261.3699978694,16261.3699978694,4405.3512792689,4179.5447530225,4179.5447530225,4179.5447530225,4179.5447530225,4179.5447530225,4179.5447530225,4179.5447530225,4179.5447530225,4405.3512792689,2651.6034379573,2673.9488002616,2578.8952261471,2651.6034379573,2630.1196359452,2673.9488002616,2650.5774393143,2673.9488002616,2673.9488002616,2673.9488002616,2687.5374579083,2578.8952261471,2687.5374579083],"standard_deviation_evaluations":[]}