{"evaluated_points":[[0.380162687,0.6732420085],[1.0,1.0]],"model_objective_values":[3563.7277195102,39752.0464377398],"objective_values":[1777.1837916596,4179.5447530225],"standard_deviation_evaluations":[]}