{"evaluated_points":[[0.6893650953,0.9007794285],[0.6825437232,0.8779269102],[0.7021388608,0.9048573267]],"model_objective_values":[4302.9529979708,4333.0860593981,6044.5074751564],"objective_values":[7010.7401000068,6484.8100807423,7292.4550109907],"standard_deviation_evaluations":[]}