{"evaluated_points":[[0.0,0.0],[0.0,0.0],[0.0,0.0],[0.0,1.0],[0.0,1.0],[0.0,0.6450034648],[0.0,0.6605553741],[0.0,0.0],[0.0,1.0],[0.0,1.0],[0.0,1.0],[0.0,1.0],[0.0,1.0],[0.0,1.0],[0.0,1.0],[0.0,1.0],[0.0,1.0],[0.0,1.0],[0.0,1.0],[0.0,1.0],[0.0,1.0],[0.0,1.0],[0.0,1.0],[0.0,1.0],[0.0,1.0],[0.0,1.0],[0.0,1.0],[0.0,1.0],[0.0,1.0],[0.0,1.0],[0.0,1.0],[0.0,1.0],[0.0,1.0],[0.0,1.0],[0.0,1.0]],"model_objective_values":[9335.529723803,12307.067208872,13493.7663880171,123462.0293909952,29994.9163709964,9122.1032607967,9276.3948633392,16221.9515557612,26737.8905163967,25319.5006423488,22345.3336792694,22496.0825132207,21834.0105038586,7030.4580476409,7825.4418247372,7105.1855917283,7409.1363629499,7334.0265426294,7562.7880678825,7091.8797252282,7286.5325392577,11550.2419060583,10110.2483031782,9684.6358528851,9689.1801107508,10128.7011783868,9957.4485434355,9857.1370154115,10583.0850848107,10667.1217212232,10702.8800127028,11525.5608251783,11641.0109506697,13795.268770261,15590.1486586057],"objective_values":[3708.9998379182,3708.9998379182,3708.9998379182,16261.3699978694,16261.3699978694,5952.7494557512,6269.4244393367,3708.9998379182,16261.3699978694,16261.3699978694,16261.3699978694,16261.3699978694,16261.3699978694,16261.3699978694,16261.3699978694,16261.3699978694,16261.3699978694,16261.3699978694,16261.3699978694,16261.3699978694,16261.3699978694,16261.3699978694,16261.3699978694,16261.3699978694,16261.3699978694,16261.3699978694,16261.3699978694,16261.3699978694,16261.3699978694,16261.3699978694,16261.3699978694,16261.3699978694,16261.3699978694,16261.3699978694,16261.3699978694],"standard_deviation_evaluations":[]}