{"evaluated_points":[[0.6370131943,0.9821621937],[0.6309147555,0.9721216233],[0.6500956473,0.9812585314]],"model_objective_values":[2531.7108913126,2524.081153786,2567.580054415],"objective_values":[7186.0806774876,6836.6456529512,7555.5372407408],"standard_deviation_evaluations":[]}