{"evaluated_points":[[0.0234550086,0.7948255242],[0.0,0.9898514214],[0.0,1.0],[0.0,0.9329297873],[0.0468362007,0.8262682162],[0.0148120894,0.944555611],[0.0155520159,0.9428878172],[0.0163012281,0.94075613]],"model_objective_values":[4659.9649024364,6432.7165269624,7002.2849255472,4812.7357617941,4242.6546731198,4381.4346351793,4383.9608447474,4345.6136318779],"objective_values":[7700.6118047091,15877.2162504232,16261.3699978694,13820.1454087257,6676.0525363216,12475.7426311373,12340.2721823206,12190.8020526256],"standard_deviation_evaluations":[]}