{"evaluated_points":[[0.4395674386,0.104743373],[1.0,1.0],[1.0,1.0],[1.0,1.0],[1.0,1.0],[1.0,1.0],[1.0,1.0],[1.0,1.0],[1.0,1.0],[1.0,1.0],[1.0,1.0],[0.8427722233,1.0],[0.8430427275,1.0],[0.8431226853,1.0],[0.8440863878,1.0],[0.8410476495,1.0],[0.8449815567,1.0],[0.8397369139,1.0],[0.8492947678,1.0],[0.8477938741,1.0],[0.8462527541,1.0],[0.8466188983,1.0],[0.8480265354,1.0],[0.8515002645,1.0],[0.8544664531,1.0],[0.8557194628,1.0],[0.8425868449,1.0],[0.8528347335,1.0],[0.8414458775,1.0],[0.8365879626,1.0],[0.8369440743,1.0],[0.8405855534,1.0],[0.785527162,1.0],[0.7854135506,1.0],[0.7777980761,1.0],[0.7754964127,1.0],[0.7752179572,1.0],[0.7779815595,1.0],[0.7733373746,1.0],[0.7765577656,1.0],[0.7740219384,1.0],[0.781640539,1.0],[0.7821681355,1.0]],"model_objective_values":[2351.7184149245,20006.7673181923,5997.8958318805,6063.9228154343,6473.6078112088,6686.0467604091,7037.5233665237,7066.1438413578,6891.2362414774,7011.4288533891,5978.3020943969,8040.9938292802,6875.323235927,7053.2580074027,5476.5890909687,7357.8471469115,6816.6323845941,8045.4921493686,6936.4701776732,6690.0893743138,6801.3018733961,7298.0008005452,7327.0328914999,7307.6490461956,6396.3552039036,7597.326459385,9179.5759955611,9099.2749493453,9234.315983472,9122.4571713115,8992.7859514797,9209.6459581663,9612.8686710023,8569.7779160451,8263.2220236689,8999.857782627,8551.9935058563,9903.8422839673,8986.3139697119,9911.7182228672,8148.782339193,8570.2566327653,9717.0877715131],"objective_values":[706.7658417817,4179.5447530225,4179.5447530225,4179.5447530225,4179.5447530225,4179.5447530225,4179.5447530225,4179.5447530225,4179.5447530225,4179.5447530225,4179.5447530225,8086.3195141308,8078.1412527397,8075.7216630331,8046.4815352044,8138.1841323053,8019.1949024795,8177.274399261,7886.1315802724,7932.7199790532,7980.2447064764,7968.9832293471,7925.5172994479,7817.16251997,7723.5335093074,7683.7091937768,8091.9174786028,7775.1568700706,8126.2507817842,8269.9569883355,8259.5658764383,8151.9983719707,9419.712006614,9421.3307766828,9518.6169081059,9543.5902457952,9546.4697945879,9516.5365065105,9565.1111434968,9532.3336120113,9558.488238685,9472.3143536684,9465.5113066675],"standard_deviation_evaluations":[]}