{"evaluated_points":[[0.8924241383,1.0]],"model_objective_values":[4979.597782433],"objective_values":[6492.1944924307],"standard_deviation_evaluations":[]}