{"evaluated_points":[[0.2778468778,1.0],[0.0,1.0],[0.0,1.0],[0.0,1.0],[0.0,1.0],[0.0,1.0],[0.0,1.0],[0.0,1.0],[0.0,1.0],[0.0,1.0],[0.0576338204,1.0],[0.0,1.0],[0.0,1.0],[0.0,1.0],[0.0,1.0],[0.0,1.0],[0.0,1.0],[0.0,1.0],[0.0,1.0],[0.0,1.0],[0.0,1.0],[0.0,1.0],[0.0,1.0],[0.0,1.0],[0.0,1.0],[0.0,1.0],[0.0,1.0],[0.0,1.0],[0.0,1.0],[0.0,1.0],[0.0,1.0],[0.0,1.0],[0.0,1.0],[0.0,1.0],[0.0,1.0],[0.0,1.0],[0.0,1.0],[0.0,1.0],[0.0,1.0],[0.0,1.0],[0.0,1.0]],"model_objective_values":[6570.52841491,7412.1099370663,9034.6238122415,16559.538921717,17966.9727742554,18058.8373244786,18684.2223932843,17640.1940961184,6376.5709545549,3718.2241758385,3881.7246959546,6489.1227562505,7458.6447522935,5867.6840940328,5922.3355022377,5727.385192982,7714.2718267946,8113.2450210775,7778.5783543715,7885.6487139914,7933.8873861107,7444.9300444768,8135.7579221964,7593.3904959638,7786.7350539559,10066.6404485811,12450.9557081868,11510.3592626193,10440.514096765,11249.9760906253,20380.4968060173,12792.6775008024,15365.6566439224,14864.26261347,14857.066508112,14629.1132517224,14753.284497022,15156.676613511,15156.0410887619,15954.0148499109,8992.4228338698],"objective_values":[3364.2964858831,16261.3699978694,16261.3699978694,16261.3699978694,16261.3699978694,16261.3699978694,16261.3699978694,16261.3699978694,16261.3699978694,16261.3699978694,9298.117531283,16261.3699978694,16261.3699978694,16261.3699978694,16261.3699978694,16261.3699978694,16261.3699978694,16261.3699978694,16261.3699978694,16261.3699978694,16261.3699978694,16261.3699978694,16261.3699978694,16261.3699978694,16261.3699978694,16261.3699978694,16261.3699978694,16261.3699978694,16261.3699978694,16261.3699978694,16261.3699978694,16261.3699978694,16261.3699978694,16261.3699978694,16261.3699978694,16261.3699978694,16261.3699978694,16261.3699978694,16261.3699978694,16261.3699978694,16261.3699978694],"standard_deviation_evaluations":[]}