{"evaluated_points":[[0.2206780588,1.0]],"model_objective_values":[7436.4676471227],"objective_values":[2622.3463019232],"standard_deviation_evaluations":[]}