{"evaluated_points":[[0.0,0.9095115416]],"model_objective_values":[8827.546954221],"objective_values":[13021.9307396288],"standard_deviation_evaluations":[]}