{"evaluated_points":[[0.7368669361,0.9169717806],[0.2637393694,1.0],[0.4450649019,1.0],[0.6255566788,1.0]],"model_objective_values":[15981.0031779592,8879.3850138268,9284.0093270416,9374.1824780051],"objective_values":[7868.8303437191,3142.1898452821,4365.6124359346,7137.0986506488],"standard_deviation_evaluations":[]}