{"evaluated_points":[[0.0267505236,0.8311483118],[0.0527433729,0.8263394167],[0.0310538222,0.8313946674],[0.0399917789,0.8281097572],[0.020485641,0.8378639072],[0.0579081435,0.0],[0.0,0.9263438792],[0.0,0.9308567618],[0.0,0.9310045019],[0.0293965485,1.0],[0.0251081974,1.0],[0.0205037936,1.0],[0.0,0.9594607589],[0.0,0.975161003],[0.0341353048,0.9489030547],[0.037780375,0.9456448701],[0.0051829677,0.9919607364],[0.0,1.0],[0.0,0.9830996317],[0.0175759126,0.973997479],[0.0113742567,1.0],[0.0079691724,1.0],[0.0088015847,1.0],[0.0,1.0],[0.0,1.0],[0.0291139917,1.0],[0.0038850056,1.0],[0.0020104955,1.0],[0.0281044353,0.9518511003],[0.0,0.9656745722],[0.0,1.0],[0.0,1.0],[0.0,1.0],[0.0,1.0]],"model_objective_values":[4646.7811108587,3436.8217978218,3585.264587772,3449.9671489259,4411.2722610246,4475.1731197644,6161.34618219,6092.0705644073,6033.3479950503,5895.2143652631,6455.6994221751,6492.2990844408,6751.1667054815,6976.3174274264,5541.3169110587,5502.9460397334,6069.7172913334,6600.0622514661,6627.1748341755,5247.3630170174,6453.3179474834,6600.7035019533,6426.6889670009,8112.1809338599,7608.4018088572,6448.5785791727,7397.6376138483,7309.0514990077,6254.5572760007,7498.0001004026,7496.8227092594,6673.6477131538,7442.6923975753,7169.2661771813],"objective_values":[8275.1810763137,6275.0563847866,7942.3911036194,7199.4086034977,8947.7790894841,2114.4894134442,13592.8301866355,13748.3549902216,13753.4640707071,12427.354142923,12951.4780095345,13527.9609376047,14758.3299631102,15330.4671350907,10490.7961917037,10034.9281238225,15254.0966659367,16261.3699978694,15624.5576114216,13069.3791478425,14712.0944731131,15167.4272651719,15055.4398383649,16261.3699978694,16261.3699978694,12461.5046677774,15723.1630656607,15981.6909711559,11209.7424558601,14983.2626643512,16261.3699978694,16261.3699978694,16261.3699978694,16261.3699978694],"standard_deviation_evaluations":[]}