{"evaluated_points":[[0.4395674386,0.104743373],[1.0,1.0]],"model_objective_values":[2351.7184149245,20006.7673181923],"objective_values":[706.7658417817,4179.5447530225],"standard_deviation_evaluations":[]}