{"evaluated_points":[[0.0,0.8985332621],[0.2933462465,0.8873365541],[0.0,0.950437138],[0.5401576412,1.0],[1.0,1.0],[1.0,1.0],[0.0,1.0],[0.0,1.0],[0.0,1.0],[0.0,1.0],[0.6251522961,1.0],[1.0,1.0],[1.0,1.0],[1.0,1.0],[1.0,1.0],[1.0,1.0],[0.0,1.0],[1.0,1.0],[0.0,1.0],[0.0,1.0],[0.0,1.0],[0.0,1.0],[0.0,1.0]],"model_objective_values":[1595.1049423344,1630.0400148878,1645.6396414008,1551.5529691758,1488.2682310894,7237.2635611073,7821.9054700467,7158.3345149302,6492.4734930666,6839.3081822961,6148.7851316906,6761.1807127028,6147.7626839539,5950.4437762023,6363.5134808585,6996.5044375785,6574.8395689545,6218.5718803468,6159.5096296827,6275.9390624532,5955.9297525608,5928.5249076521,5670.7104970216],"objective_values":[12657.3861489266,2727.400739419,14435.1999689553,4926.5575342689,4179.5447530225,4179.5447530225,16261.3699978694,16261.3699978694,16261.3699978694,16261.3699978694,7124.4315376321,4179.5447530225,4179.5447530225,4179.5447530225,4179.5447530225,4179.5447530225,16261.3699978694,4179.5447530225,16261.3699978694,16261.3699978694,16261.3699978694,16261.3699978694,16261.3699978694],"standard_deviation_evaluations":[]}