{"evaluated_points":[[0.0,1.0],[0.0,1.0]],"model_objective_values":[22563.2448705492,14533.6723690462],"objective_values":[16261.3699978694,16261.3699978694],"standard_deviation_evaluations":[]}