{"evaluated_points":[[0.10086496,0.8649860734],[0.4461093064,0.8643879048],[0.4521938737,0.8644863667],[0.4379196444,0.8641350598],[0.4347214291,0.8640477314],[0.4452628859,0.8643264088],[0.4390118761,0.8644383746],[0.3615662276,0.8583288064],[0.3595694062,0.858336253],[0.3712983324,0.857777878],[0.3992563791,0.85673834],[0.3947926685,0.8570657504],[0.4104152661,0.8559451808],[0.3976126597,0.8561783598],[0.3976126597,0.8561783598],[0.4065259456,0.8563017751],[0.3911853129,0.8570564281],[0.3860370248,0.8567700345],[0.0,1.0],[0.0,1.0],[0.0,1.0],[0.0,1.0],[0.0,1.0],[0.0,1.0],[0.0,1.0],[0.0,1.0],[0.0,1.0],[0.0,1.0],[0.0,1.0],[0.0,1.0],[0.0,1.0],[0.0,1.0],[0.0,1.0],[0.0,1.0],[0.0,1.0]],"model_objective_values":[5176.6833660911,5449.6346305885,5333.2190216143,5219.2989968778,5146.8887725753,5384.4048280983,5428.592846888,5316.3563756047,5356.5046268511,5343.1064529806,5335.8520126971,5383.8056576633,5378.3770830713,5387.5524696189,5335.1392898195,5308.3547254539,5271.5528431683,5206.1600205295,14538.3777391155,13995.6304597467,13795.3962226459,14113.0123487522,16360.2438171914,15777.9819169559,14623.1534815621,12025.833911853,11178.126214197,11079.698869106,10921.4181903549,10102.2781614754,10144.3057770046,12677.9679074292,11141.3457301486,11212.6944928362,9436.4506675836],"objective_values":[4035.9424190086,3103.0988197037,3098.2480788332,3110.9763633851,3114.598413894,3103.51103186,3112.0769573009,3045.1269408181,3037.6547594909,3070.3119859063,3090.3748832582,3093.3464644048,3077.2707463521,3085.9305709534,3085.9305709534,3083.3472126336,3092.2726048043,3086.4522993196,16261.3699978694,16261.3699978694,16261.3699978694,16261.3699978694,16261.3699978694,16261.3699978694,16261.3699978694,16261.3699978694,16261.3699978694,16261.3699978694,16261.3699978694,16261.3699978694,16261.3699978694,16261.3699978694,16261.3699978694,16261.3699978694,16261.3699978694],"standard_deviation_evaluations":[]}