{"evaluated_points":[[0.7368669361,0.9169717806],[0.2637393694,1.0],[0.4450649019,1.0],[0.6255566788,1.0],[0.179011451,1.0],[0.0641905236,1.0],[0.6759787813,1.0],[0.0,1.0],[0.0,1.0],[0.0,1.0],[0.0,1.0],[0.0,1.0],[0.0,1.0],[0.0,1.0],[0.0,1.0],[0.0,1.0],[0.0,1.0],[0.0,1.0],[0.0,1.0],[0.0,1.0],[0.0,1.0],[0.0,1.0],[0.0,1.0],[0.0,1.0],[0.0,1.0],[0.0,1.0],[0.0,1.0],[0.0,1.0]],"model_objective_values":[15981.0031779592,8879.3850138268,9284.0093270416,9374.1824780051,7377.7496412266,7640.2599174572,7719.1029083341,13046.424106078,13867.6559543308,12757.7216885574,11890.5360423229,13070.8240485833,13177.2719558934,13317.3385668198,12918.0574935761,10078.7542076668,9914.4202974967,10279.5737677269,10269.7775373215,10618.6720992141,9812.0894120762,9669.7035256974,10214.9991705318,10290.0453012041,9805.4225061762,10037.9660876706,9734.6601445379,9786.6542865476],"objective_values":[7868.8303437191,3142.1898452821,4365.6124359346,7137.0986506488,2691.3928317173,8654.8312962851,8630.5137169465,16261.3699978694,16261.3699978694,16261.3699978694,16261.3699978694,16261.3699978694,16261.3699978694,16261.3699978694,16261.3699978694,16261.3699978694,16261.3699978694,16261.3699978694,16261.3699978694,16261.3699978694,16261.3699978694,16261.3699978694,16261.3699978694,16261.3699978694,16261.3699978694,16261.3699978694,16261.3699978694,16261.3699978694],"standard_deviation_evaluations":[]}