{"evaluated_points":[[0.2298824155,0.8785201881],[0.3943967943,0.87852003],[0.1027088157,0.1074907687],[0.0748419408,0.1074925989],[0.3497390644,0.246994061],[0.3497390644,0.246994061],[0.3504163737,0.3383652987],[0.3807257269,1.0],[0.3909206273,1.0],[0.3904830007,1.0],[0.0,0.0],[0.0,0.0],[0.0,0.0],[0.0,0.0],[0.0,0.0]],"model_objective_values":[3207.7623329656,3207.7623043455,7688.4300422342,7688.4283645317,6791.9092422562,6681.7438871542,6599.52322725,7190.4816534857,7722.0321588552,7632.1136788516,18272.7250977691,17422.2551158886,17024.5616252494,9195.055113822,8681.9372157431],"objective_values":[1993.1036201037,3276.845576411,888.5534518444,1230.732818031,540.8909330743,540.8909330743,588.5531579376,4422.1468591625,4435.7746514728,4435.4777358021,3708.9998379182,3708.9998379182,3708.9998379182,3708.9998379182,3708.9998379182],"standard_deviation_evaluations":[]}