{"evaluated_points":[[0.9892938679,1.0],[0.0,1.0],[0.0,1.0],[0.0,1.0],[0.0,1.0],[0.0,1.0],[0.0,1.0]],"model_objective_values":[13343.4732213908,11966.7296829642,11212.0426700922,11726.8934420353,9889.4041183326,94262.1927330191,95220.5328770697],"objective_values":[4279.1420532096,16261.3699978694,16261.3699978694,16261.3699978694,16261.3699978694,16261.3699978694,16261.3699978694],"standard_deviation_evaluations":[]}