{"evaluated_points":[[1.0,1.0],[1.0,0.0],[1.0,0.0],[1.0,0.0],[1.0,0.0],[1.0,0.0],[1.0,0.0],[1.0,0.0],[1.0,0.0],[0.0,0.0],[0.0,0.0],[0.0,0.0]],"model_objective_values":[18804.4616364368,10631.2796029362,11584.1417780961,17171.6982485771,8095.9719117426,8132.0217162299,5257.0685853114,5571.4805994923,4686.50745249,4290.9626440763,4619.4943962749,3624.9747131617],"objective_values":[4179.5447530225,953.2979578943,953.2979578943,953.2979578943,953.2979578943,953.2979578943,953.2979578943,953.2979578943,953.2979578943,3708.9998379182,3708.9998379182,3708.9998379182],"standard_deviation_evaluations":[]}