{"evaluated_points":[[0.88066881,0.8475046555]],"model_objective_values":[5082.6427253912],"objective_values":[4667.6162529321],"standard_deviation_evaluations":[]}