{"evaluated_points":[[1.0,0.0],[1.0,0.0],[1.0,0.0]],"model_objective_values":[26744.6157456745,49818.5984412232,35848.0595343114],"objective_values":[953.2979578943,953.2979578943,953.2979578943],"standard_deviation_evaluations":[]}