{"evaluated_points":[[0.0,1.0],[0.0485397161,0.8201868728]],"model_objective_values":[7376.029769739,6524.9168725507],"objective_values":[16261.3699978694,6446.998420995],"standard_deviation_evaluations":[]}