{"evaluated_points":[[0.0,1.0],[0.0,1.0],[0.0,1.0],[0.0,1.0],[0.0,1.0],[0.0,1.0],[0.0,1.0],[0.0,1.0],[0.0,1.0],[0.0,1.0],[0.0,1.0],[0.0,1.0],[0.0,1.0],[0.0,1.0],[0.0,1.0],[0.0,1.0],[0.0,1.0],[0.0,1.0],[0.0,1.0],[0.0,1.0],[0.0,1.0],[0.0,1.0]],"model_objective_values":[9536.3706742083,15741.9715824329,14749.7731719711,6544.3016532724,6602.5070000844,5601.8714298481,5591.8445995858,5652.3132065039,6449.0434428512,5704.905836339,6830.0890911987,6569.1154604732,6830.7916205477,6297.1086920032,6557.257373009,6817.6816366013,6439.9226862553,6111.8552189286,15025.4908790172,15775.0056125678,16634.8086272657,18175.758186531],"objective_values":[16261.3699978694,16261.3699978694,16261.3699978694,16261.3699978694,16261.3699978694,16261.3699978694,16261.3699978694,16261.3699978694,16261.3699978694,16261.3699978694,16261.3699978694,16261.3699978694,16261.3699978694,16261.3699978694,16261.3699978694,16261.3699978694,16261.3699978694,16261.3699978694,16261.3699978694,16261.3699978694,16261.3699978694,16261.3699978694],"standard_deviation_evaluations":[]}