{"evaluated_points":[[0.0287882503,0.9059313458],[0.0,1.0],[0.0,1.0],[0.0,1.0],[0.0,1.0],[0.0,1.0]],"model_objective_values":[6075.6490718447,6143.6164928504,7088.8639454784,7470.0367023399,8042.1714760096,12002.5065353393],"objective_values":[9918.7078034067,16261.3699978694,16261.3699978694,16261.3699978694,16261.3699978694,16261.3699978694],"standard_deviation_evaluations":[]}