{"evaluated_points":[[0.0267505236,0.8311483118],[0.0527433729,0.8263394167],[0.0310538222,0.8313946674],[0.0399917789,0.8281097572],[0.020485641,0.8378639072]],"model_objective_values":[4646.7811108587,3436.8217978218,3585.264587772,3449.9671489259,4411.2722610246],"objective_values":[8275.1810763137,6275.0563847866,7942.3911036194,7199.4086034977,8947.7790894841],"standard_deviation_evaluations":[]}