{"evaluated_points":[[0.0,1.0],[0.0,1.0],[0.0,1.0],[0.0,1.0],[0.0,1.0],[0.0879927655,1.0],[0.0,1.0],[0.0,1.0],[0.3020916906,1.0],[0.0,1.0],[0.0,1.0],[0.0,1.0],[0.0,1.0],[0.0,1.0],[0.0,1.0],[0.0,1.0],[1.0,1.0],[1.0,1.0],[1.0,1.0],[0.1444336725,1.0],[0.0992035519,1.0],[0.0790131234,1.0],[0.1556337283,1.0],[0.1783239323,1.0],[0.2689066468,1.0],[0.2417890042,1.0],[0.2654232511,1.0],[0.2652949837,1.0],[0.2842108587,1.0],[0.2678409072,1.0],[0.2769926755,1.0],[0.2525079776,1.0],[0.3267563325,1.0],[0.1291480086,1.0],[0.3386308751,1.0],[0.3499285904,1.0],[0.3488190745,1.0]],"model_objective_values":[11310.7069671888,7652.5711149479,36450.3864437035,34267.2620547015,33673.0944789046,26844.0606833306,24684.0993011069,25238.0019108683,26783.5233737303,27748.9566847635,27104.6441322531,27074.0952477371,26734.5703226124,29502.3608938385,40646.504708428,43578.2663164792,30897.1778793585,32020.4157612626,32010.9535665408,18319.1011733165,18381.0371558331,17668.911524531,17367.287882607,18114.9307380081,26039.8121961033,26331.2699570231,25596.6307276654,27582.6860581965,25441.0437694074,24767.3436447281,24745.0270162995,25147.6151338962,22642.2944646396,22415.7206081344,21088.5771012503,21151.643918191,21233.4311160747],"objective_values":[16261.3699978694,16261.3699978694,16261.3699978694,16261.3699978694,16261.3699978694,6596.0560744209,16261.3699978694,16261.3699978694,3739.6779405685,16261.3699978694,16261.3699978694,16261.3699978694,16261.3699978694,16261.3699978694,16261.3699978694,16261.3699978694,4179.5447530225,4179.5447530225,4179.5447530225,3472.4501888063,5779.3778680991,7321.2115556106,3133.9434043568,2699.6930752309,3222.6427885271,2831.3877546701,3168.23006474,3166.2398155871,3465.3735308209,3205.9267405803,3350.704757229,2975.0451450279,4063.4702592527,4078.7965920493,4186.4190623921,4280.4368847303,4272.2214258365],"standard_deviation_evaluations":[]}