{"evaluated_points":[[0.0849920226,0.9718339976],[0.445189165,1.0],[0.3741041663,1.0],[0.598465758,1.0],[0.0,1.0],[0.0,1.0],[0.0,1.0],[0.0,1.0],[0.0,1.0],[0.0,1.0],[0.0,1.0],[0.0,1.0],[0.0,1.0],[0.0,1.0]],"model_objective_values":[3351.4508630714,3581.4706049262,3765.4112389531,3706.6198129013,13949.4113317596,14144.344722623,13585.3396289761,13264.1547132315,5987.0888951492,5720.2853845643,5592.3347344845,5800.3195664302,5013.6825461312,4629.7336727096],"objective_values":[6388.9303531087,4365.4170955774,4405.1298314505,6308.582619212,16261.3699978694,16261.3699978694,16261.3699978694,16261.3699978694,16261.3699978694,16261.3699978694,16261.3699978694,16261.3699978694,16261.3699978694,16261.3699978694],"standard_deviation_evaluations":[]}