{"evaluated_points":[[0.7583828218,1.0],[0.7434044965,0.7965443513],[0.7595137296,0.8885016734]],"model_objective_values":[4753.1476512224,2916.5775205332,3703.6760250175],"objective_values":[9662.4076978171,5686.4860929367,7323.064418416],"standard_deviation_evaluations":[]}