{"evaluated_points":[[1.0,0.8667940318]],"model_objective_values":[9925.1156568718],"objective_values":[2991.2605911903],"standard_deviation_evaluations":[]}