{"evaluated_points":[[0.8994385031,0.0],[0.9096140143,0.0],[0.9416979844,1.0],[0.0,1.0],[0.0,1.0],[0.0,1.0],[0.0,0.0],[0.0760244194,0.0]],"model_objective_values":[4033.3425314387,3974.124661144,4921.3353657888,7993.1690886964,13549.0275519743,4406.0959219812,5274.3899966741,5068.2129374672],"objective_values":[1430.1109723157,1358.9326143227,5093.9539124241,16261.3699978694,16261.3699978694,16261.3699978694,3708.9998379182,1728.0959158359],"standard_deviation_evaluations":[]}