{"evaluated_points":[[1.0,1.0],[0.7506094301,1.0],[0.5161978554,1.0],[0.0739408377,1.0],[0.2401112974,1.0],[1.0,1.0],[1.0,1.0]],"model_objective_values":[2427.8802999839,3666.7490996935,3948.6859361879,4885.6942628529,4137.8670797847,3157.3694027588,2842.410726049],"objective_values":[4179.5447530225,9676.5829059698,4599.1808671207,7758.5521884201,2810.7831379132,4179.5447530225,4179.5447530225],"standard_deviation_evaluations":[]}