{"evaluated_points":[[0.7368669361,0.9169717806],[0.2637393694,1.0]],"model_objective_values":[15981.0031779592,8879.3850138268],"objective_values":[7868.8303437191,3142.1898452821],"standard_deviation_evaluations":[]}