{"evaluated_points":[[0.6370131943,0.9821621937],[0.6309147555,0.9721216233],[0.6500956473,0.9812585314],[0.6483538156,1.0],[0.1117162676,0.9749057488],[0.7690710044,0.9325851523]],"model_objective_values":[2531.7108913126,2524.081153786,2567.580054415,2623.6900781408,2829.6255944399,3152.8719377931],"objective_values":[7186.0806774876,6836.6456529512,7555.5372407408,7845.330482275,4696.0537677184,8153.5810925515],"standard_deviation_evaluations":[]}