{"evaluated_points":[[0.906083358,0.0],[0.8828222602,0.0007542483],[0.4394034695,1.0],[0.0,1.0],[0.0,1.0],[0.0,1.0],[0.0,1.0],[0.0,1.0],[0.0,1.0],[0.0,1.0],[0.0,1.0]],"model_objective_values":[2154.9446832453,2121.9947615905,11074.7571431724,11735.2859116057,11837.5053494563,12211.7252606375,12565.2299120916,13455.8449179279,8237.5013566159,8468.1821005454,11640.5786959327],"objective_values":[1383.2677449541,1547.4737604754,4375.3094907655,16261.3699978694,16261.3699978694,16261.3699978694,16261.3699978694,16261.3699978694,16261.3699978694,16261.3699978694,16261.3699978694],"standard_deviation_evaluations":[]}