{"evaluated_points":[[0.7419807828,1.0],[0.506284762,1.0]],"model_objective_values":[3171.3600620191,3248.4157492012],"objective_values":[9662.9350152024,4506.8541144665],"standard_deviation_evaluations":[]}