{"evaluated_points":[[0.4455393094,0.0712509032]],"model_objective_values":[3146.3058466855],"objective_values":[781.6260872801],"standard_deviation_evaluations":[]}