{"evaluated_points":[[0.0,1.0],[0.0,1.0],[0.0,1.0],[0.0,1.0],[0.0,1.0],[0.0879927655,1.0],[0.0,1.0],[0.0,1.0],[0.3020916906,1.0],[0.0,1.0],[0.0,1.0],[0.0,1.0],[0.0,1.0],[0.0,1.0],[0.0,1.0],[0.0,1.0],[1.0,1.0],[1.0,1.0],[1.0,1.0]],"model_objective_values":[11310.7069671888,7652.5711149479,36450.3864437035,34267.2620547015,33673.0944789046,26844.0606833306,24684.0993011069,25238.0019108683,26783.5233737303,27748.9566847635,27104.6441322531,27074.0952477371,26734.5703226124,29502.3608938385,40646.504708428,43578.2663164792,30897.1778793585,32020.4157612626,32010.9535665408],"objective_values":[16261.3699978694,16261.3699978694,16261.3699978694,16261.3699978694,16261.3699978694,6596.0560744209,16261.3699978694,16261.3699978694,3739.6779405685,16261.3699978694,16261.3699978694,16261.3699978694,16261.3699978694,16261.3699978694,16261.3699978694,16261.3699978694,4179.5447530225,4179.5447530225,4179.5447530225],"standard_deviation_evaluations":[]}