{"evaluated_points":[[0.0,1.0],[0.0488908558,0.8333739032]],"model_objective_values":[4491.1718898697,8042.5707295823],"objective_values":[16261.3699978694,6665.4601334679],"standard_deviation_evaluations":[]}