{"evaluated_points":[[0.9547201273,0.0]],"model_objective_values":[1850.0934827838],"objective_values":[1097.2401487999],"standard_deviation_evaluations":[]}