{"evaluated_points":[[0.8217000321,0.8347321229],[0.3750146556,0.8321936884],[0.0,1.0],[0.0,1.0],[0.0,1.0],[0.0,1.0],[0.0,1.0],[0.0,1.0],[0.0,1.0],[0.0,1.0],[0.0,1.0],[0.0,1.0],[0.0,1.0],[0.0,1.0],[0.0,1.0],[0.0,1.0],[0.0,1.0],[0.0,1.0],[0.0,1.0],[0.0,1.0],[0.0,1.0],[0.0,1.0],[0.0,1.0],[0.0,1.0],[0.0,1.0],[0.0,1.0],[0.0,1.0],[0.0,1.0],[0.0,1.0],[0.0,1.0],[0.0,1.0],[0.0,1.0],[0.0,1.0],[0.0,1.0],[0.0,1.0],[0.0,1.0],[0.0,1.0],[0.0,1.0],[0.0,1.0]],"model_objective_values":[5144.8942452052,4962.3920170944,23606.2226550629,28832.6583690674,13970.6698981074,6548.2827010141,6941.3668239618,6667.6643713344,6648.051446641,6759.2389027443,6530.9736360683,6699.4724875108,6835.1368774651,6867.3692691707,15965.4767905726,15979.6151633608,16033.9703790491,15938.5202267051,15889.0848469237,15915.0933561689,15869.8642604778,15511.2643269719,15344.8924728284,14904.99533436,14878.2155332011,14552.0034591462,14859.8079017962,15159.5009403953,14817.5992549428,13738.8020278204,15000.2462362644,15173.6148634691,15678.1042542939,15052.5315605546,15658.8131313178,15100.5408519187,15709.4926146096,15648.6333874086,18200.6614528157],"objective_values":[5690.9135571608,2869.3838298633,16261.3699978694,16261.3699978694,16261.3699978694,16261.3699978694,16261.3699978694,16261.3699978694,16261.3699978694,16261.3699978694,16261.3699978694,16261.3699978694,16261.3699978694,16261.3699978694,16261.3699978694,16261.3699978694,16261.3699978694,16261.3699978694,16261.3699978694,16261.3699978694,16261.3699978694,16261.3699978694,16261.3699978694,16261.3699978694,16261.3699978694,16261.3699978694,16261.3699978694,16261.3699978694,16261.3699978694,16261.3699978694,16261.3699978694,16261.3699978694,16261.3699978694,16261.3699978694,16261.3699978694,16261.3699978694,16261.3699978694,16261.3699978694,16261.3699978694],"standard_deviation_evaluations":[]}