{"evaluated_points":[[0.6977381067,1.0]],"model_objective_values":[1742.0474187333],"objective_values":[9131.9602663026],"standard_deviation_evaluations":[]}