{"evaluated_points":[[0.906083358,0.0],[0.8828222602,0.0007542483],[0.4394034695,1.0],[0.0,1.0],[0.0,1.0],[0.0,1.0],[0.0,1.0],[0.0,1.0],[0.0,1.0],[0.0,1.0],[0.0,1.0],[0.0,1.0],[0.0,1.0],[0.0,0.9967013865],[0.0,0.999197155],[0.0105738233,0.9754426897],[0.0143299025,0.9753695206],[0.0,0.9594890698],[0.0,1.0],[0.0,1.0],[0.0,1.0],[0.0,1.0],[0.0,1.0],[0.0,0.6839926175],[0.0,1.0],[0.0,1.0]],"model_objective_values":[2154.9446832453,2121.9947615905,11074.7571431724,11735.2859116057,11837.5053494563,12211.7252606375,12565.2299120916,13455.8449179279,8237.5013566159,8468.1821005454,11640.5786959327,10277.9928131315,11136.555265045,7596.97098035,7306.3126370663,7912.471504664,8204.0879605511,9148.8645786164,15210.4812375231,14853.6299853934,14754.9009091974,14595.0895530425,14344.3023213145,13188.4105564926,13594.1924666021,14983.3944521747],"objective_values":[1383.2677449541,1547.4737604754,4375.3094907655,16261.3699978694,16261.3699978694,16261.3699978694,16261.3699978694,16261.3699978694,16261.3699978694,16261.3699978694,16261.3699978694,16261.3699978694,16261.3699978694,16135.9301719618,16230.7881561798,13979.6267501507,13509.6773952663,14759.350309015,16261.3699978694,16261.3699978694,16261.3699978694,16261.3699978694,16261.3699978694,6770.0208199389,16261.3699978694,16261.3699978694],"standard_deviation_evaluations":[]}