{"evaluated_points":[[1.0,1.0],[1.0,1.0],[1.0,1.0],[0.8932078478,1.0],[0.0,1.0],[0.0,1.0],[0.0,1.0],[0.0,1.0],[0.0,1.0],[0.0,1.0],[0.0,1.0],[0.0,1.0]],"model_objective_values":[5267.2887273291,6361.1984261739,6554.4263787455,3889.1423847762,20830.1244291218,23033.5780967585,74158.8285333125,38242.0096783158,65054.8841805371,80765.534508615,40961.4371324113,29699.999934404],"objective_values":[4179.5447530225,4179.5447530225,4179.5447530225,6467.1440275207,16261.3699978694,16261.3699978694,16261.3699978694,16261.3699978694,16261.3699978694,16261.3699978694,16261.3699978694,16261.3699978694],"standard_deviation_evaluations":[]}