{"evaluated_points":[[0.8901395145,0.9752802919]],"model_objective_values":[5038.2018993118],"objective_values":[6191.4252417113],"standard_deviation_evaluations":[]}