{"evaluated_points":[[0.0,0.8985332621],[0.2933462465,0.8873365541],[0.0,0.950437138],[0.5401576412,1.0],[1.0,1.0],[1.0,1.0]],"model_objective_values":[1595.1049423344,1630.0400148878,1645.6396414008,1551.5529691758,1488.2682310894,7237.2635611073],"objective_values":[12657.3861489266,2727.400739419,14435.1999689553,4926.5575342689,4179.5447530225,4179.5447530225],"standard_deviation_evaluations":[]}