{"evaluated_points":[[0.8696923747,1.0]],"model_objective_values":[8027.7058247318],"objective_values":[7231.8437814355],"standard_deviation_evaluations":[]}