{"evaluated_points":[[0.0287882503,0.9059313458],[0.0,1.0],[0.0,1.0],[0.0,1.0],[0.0,1.0],[0.0,1.0],[0.0590794422,0.9077700155],[0.0,1.0],[0.0011181502,0.9155752742]],"model_objective_values":[6075.6490718447,6143.6164928504,7088.8639454784,7470.0367023399,8042.1714760096,12002.5065353393,12136.6383292593,14727.11519555,6063.8767101996],"objective_values":[9918.7078034067,16261.3699978694,16261.3699978694,16261.3699978694,16261.3699978694,16261.3699978694,7297.251206701,16261.3699978694,13099.1658934405],"standard_deviation_evaluations":[]}