{"evaluated_points":[[0.2545900131,1.0],[0.2569740139,0.0680036081],[0.1603036393,0.8919258093]],"model_objective_values":[3401.1354094081,3832.1898557939,2497.9811016728],"objective_values":[3004.979208922,550.098173641,2308.915172821],"standard_deviation_evaluations":[]}