{"evaluated_points":[[0.4402684536,0.6771459226],[0.4409277423,0.6770836397],[0.4380300398,0.6784420305],[0.0,0.0],[0.0,0.0],[0.0,0.0],[0.0,0.0],[0.1773753941,0.0],[1.0,0.0],[1.0,0.0]],"model_objective_values":[3070.2558816375,3105.226345207,2778.7457226079,2137.4590011405,2281.9463835143,2365.8097786458,1880.8218482853,1619.0619031692,2549.2395787817,1868.1304489956],"objective_values":[1780.7847973651,1779.9434302771,1790.0112787372,3708.9998379182,3708.9998379182,3708.9998379182,3708.9998379182,618.4765034188,953.2979578943,953.2979578943],"standard_deviation_evaluations":[]}