{"evaluated_points":[[1.0,0.7843725473]],"model_objective_values":[3462.9665779494],"objective_values":[2372.7625664485],"standard_deviation_evaluations":[]}