{"evaluated_points":[[0.0,1.0],[0.0,1.0],[0.0025412955,1.0],[0.0072070525,1.0],[0.3892794112,1.0],[0.035957036,1.0],[0.0,1.0],[0.045432493,1.0]],"model_objective_values":[22563.2448705492,14533.6723690462,29203.4218939331,29188.4932813045,29280.3441099143,29252.8634067414,29224.7080980386,29211.037401821],"objective_values":[16261.3699978694,16261.3699978694,15908.2647915356,15270.3395962655,4434.5344920026,11649.8583150254,16261.3699978694,10580.1097852072],"standard_deviation_evaluations":[]}