{"evaluated_points":[[1.0,0.746051602]],"model_objective_values":[14282.5128790438],"objective_values":[2115.5956955846],"standard_deviation_evaluations":[]}