{"evaluated_points":[[0.0234550086,0.7948255242],[0.0,0.9898514214],[0.0,1.0],[0.0,0.9329297873],[0.0468362007,0.8262682162],[0.0148120894,0.944555611],[0.0155520159,0.9428878172],[0.0163012281,0.94075613],[0.0154842485,0.951782007],[0.0161001863,0.9481857318],[0.0116116547,0.9665317294],[0.0114070399,0.9701375628],[0.0114070399,0.9701375628],[0.0,1.0],[0.0,1.0],[0.0,1.0],[0.0,1.0],[0.9755794707,1.0],[0.0,1.0],[0.0,1.0],[0.0,1.0],[0.0,1.0],[0.9467626503,1.0],[0.9505894607,1.0],[0.9494058063,1.0],[0.9501872593,1.0],[0.9493898184,1.0],[0.9527818425,1.0],[0.9488982852,1.0],[0.9502515085,1.0],[0.9435103813,1.0],[0.9504006449,1.0],[0.9315875536,1.0],[0.0,1.0],[0.9316336621,1.0],[0.9344730032,1.0]],"model_objective_values":[4659.9649024364,6432.7165269624,7002.2849255472,4812.7357617941,4242.6546731198,4381.4346351793,4383.9608447474,4345.6136318779,4431.2843407259,4407.4084205393,4634.5314869516,4662.7976953756,4794.9768883842,9362.1580705167,8915.2567771137,7527.0749064237,7658.6139339267,7119.1687113156,7561.0251676995,7441.7009647733,6885.2163588102,5926.9550756241,5185.0502575244,5462.961084959,5369.0941548754,5348.3714629027,5286.2148332782,5254.727460943,5554.8205728409,5652.4735145398,5883.8084482753,5563.3291995195,6176.0304580911,6574.828923993,6239.8028057048,5989.1140461221],"objective_values":[7700.6118047091,15877.2162504232,16261.3699978694,13820.1454087257,6676.0525363216,12475.7426311373,12340.2721823206,12190.8020526256,12622.5091656713,12440.4871024958,13554.9108141567,13698.9718552666,13698.9718552666,16261.3699978694,16261.3699978694,16261.3699978694,16261.3699978694,4450.9662031902,16261.3699978694,16261.3699978694,16261.3699978694,16261.3699978694,4978.6032204603,4895.7653510688,4920.9839725401,4904.2937375196,4921.3270920253,4850.0203930022,4931.908256762,4902.9285565028,5051.938913909,4899.7638123975,5342.7909704235,16261.3699978694,5341.602545878,5269.3429227887],"standard_deviation_evaluations":[]}