{"evaluated_points":[[0.2545900131,1.0],[0.2569740139,0.0680036081]],"model_objective_values":[3401.1354094081,3832.1898557939],"objective_values":[3004.979208922,550.098173641],"standard_deviation_evaluations":[]}