{"evaluated_points":[[0.0,1.0],[0.0,1.0]],"model_objective_values":[11228.0517627799,10480.3849525056],"objective_values":[16261.3699978694,16261.3699978694],"standard_deviation_evaluations":[]}