{"evaluated_points":[[0.7496167576,0.9416052501],[0.2927504705,0.8807375457],[0.4802005578,0.8411175969],[0.3270283903,0.8775935337],[0.3731378546,0.8636349672],[0.4047168706,0.8711914589],[0.5956878633,0.8460043912]],"model_objective_values":[2740.9634725673,2798.7298286861,2838.4514269484,2851.010576041,2823.3030527587,2765.6802250898,4246.3512980188],"objective_values":[8404.0943601061,2673.460237283,2916.7181517713,2995.6769095905,3123.8172243876,3210.9510469767,4212.1059435186],"standard_deviation_evaluations":[]}