{"evaluated_points":[[0.0,1.0],[0.0,1.0],[0.0,1.0],[0.0,1.0],[0.0,1.0],[0.3628868899,1.0],[0.2919225742,1.0],[0.2858298177,1.0],[0.0,1.0],[0.0,1.0],[0.5253401785,0.9964410439],[0.0,1.0],[0.0,1.0],[0.0,1.0],[0.0,1.0],[0.0,1.0],[0.0,1.0],[0.0,1.0],[0.0,1.0],[0.0,1.0],[0.0170970024,1.0],[0.0252478029,1.0],[0.0378635564,1.0],[0.0389254853,1.0],[0.0609543332,1.0],[0.0651757205,1.0],[0.0,1.0],[0.0,1.0],[0.0,1.0],[0.0,1.0],[0.0,1.0],[0.0,1.0],[0.0,1.0],[0.0,1.0],[0.0,1.0],[0.0,1.0],[0.0,1.0]],"model_objective_values":[11228.0517627799,10480.3849525056,12060.0439668635,19378.8880424938,20009.7400326106,25603.7206966817,25560.0925532306,28619.2331270003,29250.670644525,52070.4635604863,19572.4143089197,33198.4075233947,22898.2485451349,19845.2763724503,19993.2975302695,20352.9124235626,21452.8085832268,22125.6511286248,23133.9531530632,23624.8287632833,33984.8525184925,34668.4580028515,36617.0149038534,30484.9065400791,33173.529235613,36754.8046956167,38882.2852137085,44654.2525196889,45432.0335020309,46322.0150735296,47242.8267327583,12882.0407743947,13350.0671189906,14979.1527529009,20858.9742289452,22927.4178439272,19219.0287183488],"objective_values":[16261.3699978694,16261.3699978694,16261.3699978694,16261.3699978694,16261.3699978694,4359.9791837365,3586.1981121904,3490.947380598,16261.3699978694,16261.3699978694,4667.2052080946,16261.3699978694,16261.3699978694,16261.3699978694,16261.3699978694,16261.3699978694,16261.3699978694,16261.3699978694,16261.3699978694,16261.3699978694,13963.5102512863,12934.2199863486,11429.5162122979,11307.8924144792,8968.298408465,8560.9746352802,16261.3699978694,16261.3699978694,16261.3699978694,16261.3699978694,16261.3699978694,16261.3699978694,16261.3699978694,16261.3699978694,16261.3699978694,16261.3699978694,16261.3699978694],"standard_deviation_evaluations":[]}