{"evaluated_points":[[0.380162687,0.6732420085],[1.0,1.0],[0.2515250741,1.0],[0.8130928613,1.0],[0.4136617068,1.0],[0.0,1.0],[0.0,1.0],[0.0393905797,1.0],[0.0,1.0],[0.0,1.0],[0.0,1.0],[0.2659911524,1.0],[0.003528664,1.0],[0.0046096487,1.0],[0.0094572503,1.0],[0.0069146591,1.0],[0.004735051,1.0],[0.012508772,1.0],[0.0171654723,1.0],[0.0000600475,1.0],[0.0173846245,1.0],[0.0,1.0],[0.0,1.0],[0.0,1.0],[0.0,1.0],[0.0,1.0],[0.0,1.0],[0.0,1.0],[0.0,1.0],[0.0,1.0],[0.0,1.0],[0.0,1.0],[0.0,1.0],[0.0,1.0]],"model_objective_values":[3563.7277195102,39752.0464377398,46443.0407255421,45984.4661956181,32777.9489203762,35681.1794636517,35180.5847735837,32601.762487186,30026.0583551537,26884.8821061153,27400.2766929624,27222.0186476999,17607.5881456375,18046.5194088668,17280.6655239387,17244.3926063195,17733.4792227718,17863.3047709399,17622.2088974044,17612.3448507119,17827.7544382631,15931.0857897533,17995.7759925408,17875.7528747766,21319.6769333105,22128.9165994545,18171.1390089512,24623.9252057335,24525.2651493526,24015.0601459291,22211.2581694121,20944.8069279283,22677.3059470886,23803.3935692209],"objective_values":[1777.1837916596,4179.5447530225,2961.1146220741,8893.343706907,4423.2589752313,16261.3699978694,16261.3699978694,11254.874927252,16261.3699978694,16261.3699978694,16261.3699978694,3177.0542761889,15772.142120069,15623.8032860834,14967.5380222798,15309.9193025848,15606.641687579,14562.0191906239,13954.6818642525,16252.9810649084,13926.4452609613,16261.3699978694,16261.3699978694,16261.3699978694,16261.3699978694,16261.3699978694,16261.3699978694,16261.3699978694,16261.3699978694,16261.3699978694,16261.3699978694,16261.3699978694,16261.3699978694,16261.3699978694],"standard_deviation_evaluations":[]}