{"evaluated_points":[[0.8201916907,0.8761725208],[0.6833917597,0.0428978747],[0.6982763877,0.0159579869],[1.0,0.9340318652],[1.0,1.0],[0.6804220514,0.0009647382],[0.9604062548,0.9891114711],[0.9276471515,0.9511300754],[0.9005773883,0.933911084],[0.6187506602,0.0],[0.0,1.0],[0.0,1.0],[0.0,1.0],[0.0,1.0],[0.0,1.0],[0.0,1.0],[0.0,1.0],[0.0,1.0],[0.0,1.0],[0.0,1.0],[0.0,1.0],[0.0,1.0],[0.0,1.0],[0.0,1.0],[0.0,1.0],[0.0,1.0],[0.0,1.0]],"model_objective_values":[2970.7829964636,3108.3415196892,3256.3767053612,2944.230925233,3026.0711133929,3238.0098351071,2977.2185879384,2912.905073622,2870.8200216523,3744.5487708702,18732.7678470353,18341.1315872407,19999.9760423587,19706.4109995688,19337.7119726709,17663.4857548356,6781.6688198271,6865.6779217209,7286.1856439749,14139.1125669259,13981.9826253766,11568.7752109807,13990.6901475681,13376.0043887446,7800.0854106903,7960.20974847,10210.0525459066],"objective_values":[6398.9680275104,1733.726015316,1972.2663625999,3561.926555341,4179.5447530225,1987.448722842,4581.7694638007,4842.7370437908,5311.5664341532,1579.3735836145,16261.3699978694,16261.3699978694,16261.3699978694,16261.3699978694,16261.3699978694,16261.3699978694,16261.3699978694,16261.3699978694,16261.3699978694,16261.3699978694,16261.3699978694,16261.3699978694,16261.3699978694,16261.3699978694,16261.3699978694,16261.3699978694,16261.3699978694],"standard_deviation_evaluations":[]}