{"evaluated_points":[[1.0,1.0],[0.7506094301,1.0]],"model_objective_values":[2427.8802999839,3666.7490996935],"objective_values":[4179.5447530225,9676.5829059698],"standard_deviation_evaluations":[]}