{"evaluated_points":[[0.0,0.8985332621],[0.2933462465,0.8873365541]],"model_objective_values":[1595.1049423344,1630.0400148878],"objective_values":[12657.3861489266,2727.400739419],"standard_deviation_evaluations":[]}