{"evaluated_points":[[0.10086496,0.8649860734],[0.4461093064,0.8643879048]],"model_objective_values":[5176.6833660911,5449.6346305885],"objective_values":[4035.9424190086,3103.0988197037],"standard_deviation_evaluations":[]}