{"evaluated_points":[[1.0,1.0],[1.0,1.0]],"model_objective_values":[7163.9808980956,7897.9407874609],"objective_values":[4179.5447530225,4179.5447530225],"standard_deviation_evaluations":[]}