{"evaluated_points":[[0.0,1.0],[0.0,1.0],[0.0,1.0],[0.0104404153,1.0],[0.0279139249,1.0],[0.0521964138,1.0],[0.04081469,1.0],[0.1093780973,1.0],[0.0,1.0],[0.0,1.0],[0.0,1.0],[0.0,1.0],[0.0,1.0],[0.0,1.0],[0.0,1.0],[0.0,1.0]],"model_objective_values":[12883.2391055219,14061.0381121022,95036.8554497514,27742.3059118338,24506.9623466308,25866.1208590182,29182.2788430608,31490.9990529575,21758.2931964447,21390.9462285823,28009.9874342923,32059.6211254471,29742.9983454244,11892.4882979355,13652.2284346075,18424.9457092869],"objective_values":[16261.3699978694,16261.3699978694,16261.3699978694,14836.239005052,12607.1529723801,9855.9276689872,11093.4875707442,5123.5462773263,16261.3699978694,16261.3699978694,16261.3699978694,16261.3699978694,16261.3699978694,16261.3699978694,16261.3699978694,16261.3699978694],"standard_deviation_evaluations":[]}