{"evaluated_points":[[0.8201916907,0.8761725208],[0.6833917597,0.0428978747],[0.6982763877,0.0159579869]],"model_objective_values":[2970.7829964636,3108.3415196892,3256.3767053612],"objective_values":[6398.9680275104,1733.726015316,1972.2663625999],"standard_deviation_evaluations":[]}