{"evaluated_points":[[1.0,0.0],[1.0,0.0],[1.0,0.0],[1.0,0.0],[0.1017023414,0.0],[0.1261169946,0.0],[0.0144645527,0.0],[0.0330221347,0.0],[0.0264847568,0.0],[0.0,0.0],[0.0,0.0],[0.0,0.0],[0.0,0.0],[0.0,0.0],[0.0,0.0],[0.7079608678,1.0],[0.7049003403,1.0],[0.7075702931,1.0],[0.7009770654,1.0],[0.7138646806,1.0],[0.7119269175,1.0],[0.7128721369,1.0],[0.7135790964,1.0],[0.7045933567,1.0],[0.7112160809,1.0],[0.7131329359,1.0],[0.7130228607,1.0],[0.7132959636,1.0],[0.7124223557,1.0]],"model_objective_values":[26744.6157456745,49818.5984412232,35848.0595343114,25030.8352913482,6558.4009503173,6133.8953942774,5075.0304403138,4944.4288691101,4872.045385176,4647.8250260331,4785.5386583496,3937.5893483616,4388.1027173688,4463.9415444113,4385.1446510501,9730.0140419009,13856.1168132787,9459.1787444782,8464.2594515095,8960.6081272388,9979.2321326277,7900.6018164085,10949.2928852152,8472.7769434629,9513.3359439289,11598.8822517346,14429.022445196,14406.1531858257,13028.9961242454],"objective_values":[953.2979578943,953.2979578943,953.2979578943,953.2979578943,1279.7470961727,962.4308714298,3262.8327153684,2735.671644864,2915.3749889916,3708.9998379182,3708.9998379182,3708.9998379182,3708.9998379182,3708.9998379182,3708.9998379182,9318.4792148589,9266.3042346977,9312.0005931925,9194.7913555238,9409.8390909397,9381.2270488873,9395.3535606407,9405.7078809693,9260.894215321,9370.391685312,9399.1944101538,9397.5763132084,9401.58282703,9388.6716884211],"standard_deviation_evaluations":[]}