{"evaluated_points":[[0.3943718709,0.940475018],[0.4382195046,0.9752155546],[0.4250270932,0.9743549892],[0.4196012562,0.9797577271],[0.7606794677,0.0],[0.7628079761,0.0],[0.7928035225,0.0],[0.847418141,0.0],[1.0,1.0],[1.0,1.0],[1.0,1.0],[1.0,1.0]],"model_objective_values":[1574.578305501,1656.0620133478,1659.0968750698,1663.8400691338,11802.6772310794,11775.3998382619,7466.3485969272,9867.697982582,4895.7769264244,5012.2623269123,4817.2023175413,5583.8313643852],"objective_values":[3842.947762052,4127.4448951567,4143.2101018645,4206.9220051914,2201.8161003146,2199.4734006943,2122.5959477702,1811.9963538165,4179.5447530225,4179.5447530225,4179.5447530225,4179.5447530225],"standard_deviation_evaluations":[]}