{"evaluated_points":[[0.0,1.0],[0.0,1.0],[0.0,1.0],[0.0,1.0],[0.0,1.0],[0.0431669126,0.8621215561],[0.0,1.0],[0.0,0.8997742812],[0.0,1.0],[0.0,1.0],[0.0,1.0],[0.0,1.0],[0.0,1.0],[0.0,1.0],[0.0,1.0],[0.0,1.0],[0.0,1.0],[0.0,1.0],[0.0,1.0],[0.0,1.0],[0.0,1.0],[0.0,0.9827998185],[0.0,0.986146418],[1.0,1.0],[0.0,1.0],[0.0,0.9099445294],[0.0,0.9226645632],[0.0,0.9198985093],[0.0,0.9394954752],[0.0,0.9194377346],[0.0,0.917778971],[0.0,0.9151175881],[0.0,0.9131592658],[0.0,0.9233184003],[0.0,0.9212298126],[0.0,0.9528255091],[0.0,0.9170091061],[0.0,0.9110540126],[0.0234906543,0.8808694936],[0.0234906543,0.8808694936],[0.0317411728,0.9157691193]],"model_objective_values":[5522.7582110474,5589.6301825597,6251.7071638107,6402.9513165166,6701.7027575468,9258.8705138231,6470.1279470429,8361.945115342,5339.8740892295,5433.0275887389,5555.2824890038,5538.37697587,5737.2896853333,6000.3642701579,6289.9477844648,6250.2902180941,7021.2443954084,7859.1339273373,7873.0278702534,8493.4196830087,10102.0463499556,9182.5628833059,9231.844947668,10992.8331505542,11897.174326873,4136.125225779,4266.8627670775,4050.8376080765,4793.1827159236,4559.9286079382,4080.6067955245,4220.7508124785,4077.1706230337,4013.0947105086,3974.0409739879,5637.5086512798,3980.464302556,3823.40121545,3201.0395972015,4230.5323409283,4001.2339110162],"objective_values":[16261.3699978694,16261.3699978694,16261.3699978694,16261.3699978694,16261.3699978694,7653.9447547624,16261.3699978694,12698.2865408808,16261.3699978694,16261.3699978694,16261.3699978694,16261.3699978694,16261.3699978694,16261.3699978694,16261.3699978694,16261.3699978694,16261.3699978694,16261.3699978694,16261.3699978694,16261.3699978694,16261.3699978694,15613.3923435973,15738.282833927,4179.5447530225,16261.3699978694,13036.4348194119,13466.8025183829,13372.5125210786,14048.9698048254,13356.8435085735,13300.525799995,13210.4614192407,13144.4206865355,13489.147849952,13417.8455281513,14520.3209241374,13274.4354277436,13073.6436489688,9773.5014116548,9773.5014116548,9883.7149807825],"standard_deviation_evaluations":[]}