{"evaluated_points":[[0.6893650953,0.9007794285],[0.6825437232,0.8779269102]],"model_objective_values":[4302.9529979708,4333.0860593981],"objective_values":[7010.7401000068,6484.8100807423],"standard_deviation_evaluations":[]}