{"evaluated_points":[[0.380162687,0.6732420085],[1.0,1.0],[0.2515250741,1.0],[0.8130928613,1.0],[0.4136617068,1.0],[0.0,1.0],[0.0,1.0],[0.0393905797,1.0],[0.0,1.0],[0.0,1.0],[0.0,1.0],[0.2659911524,1.0],[0.003528664,1.0]],"model_objective_values":[3563.7277195102,39752.0464377398,46443.0407255421,45984.4661956181,32777.9489203762,35681.1794636517,35180.5847735837,32601.762487186,30026.0583551537,26884.8821061153,27400.2766929624,27222.0186476999,17607.5881456375],"objective_values":[1777.1837916596,4179.5447530225,2961.1146220741,8893.343706907,4423.2589752313,16261.3699978694,16261.3699978694,11254.874927252,16261.3699978694,16261.3699978694,16261.3699978694,3177.0542761889,15772.142120069],"standard_deviation_evaluations":[]}