{"evaluated_points":[[0.6649787301,1.0]],"model_objective_values":[2818.7027998081],"objective_values":[8333.2678109905],"standard_deviation_evaluations":[]}