{"evaluated_points":[[1.0,0.9164600641],[0.1968210163,0.9343982862],[0.0,0.9292046471],[0.0,0.9290991136],[0.3061881187,0.9382535949],[0.0,1.0],[0.0,1.0],[0.0,1.0]],"model_objective_values":[16503.0695064145,13004.6984301258,13861.1720738937,13847.8378183619,12194.8942079996,15729.7003221349,16372.9005351333,16274.6014039957],"objective_values":[3407.0565044592,2187.729214525,13691.2983342279,13687.6584224799,3271.8320658016,16261.3699978694,16261.3699978694,16261.3699978694],"standard_deviation_evaluations":[]}