{"evaluated_points":[[1.0,1.0],[0.3613711816,0.4710283193]],"model_objective_values":[6728.7783051031,4410.5073173946],"objective_values":[4179.5447530225,870.6329227627],"standard_deviation_evaluations":[]}