{"evaluated_points":[[0.0499708813,1.0],[0.1338106397,0.9233343108],[0.1427222521,0.9072140352],[0.1325919441,0.911983759],[0.1255840674,0.95021458],[0.0,1.0],[0.103861607,1.0],[0.0,1.0],[0.0,1.0],[0.0937828965,1.0],[0.0905085043,1.0],[0.0,1.0],[0.0,1.0],[0.0,1.0],[0.0007529299,1.0],[0.0024259327,1.0],[0.0,1.0],[0.0059937395,1.0],[0.002859684,1.0],[0.0024355708,1.0],[0.0083405846,0.9977866871],[0.0071474469,1.0],[0.0,1.0],[0.0854621133,1.0],[0.0060457775,1.0],[0.0792698879,1.0],[0.0512388302,1.0],[0.0104611645,0.9944675432],[0.0,1.0],[0.0617014441,1.0],[0.0168285588,1.0],[0.065064213,1.0]],"model_objective_values":[4655.1629753944,3881.4311911297,3776.829886191,3754.5432123358,4145.2790401196,7348.3648227091,9829.0167469154,7622.2603634697,7574.3746462063,8962.4900790987,8894.318434157,8796.6470384373,7729.5716763099,6735.4843988608,6463.0218566484,6442.5663440308,6648.9510715264,6663.2755463949,6971.0501985216,6710.6328905588,6715.108382369,6380.5689910941,7103.3242392288,6873.5484670508,6659.2777881643,6834.1604809681,6877.955451683,6605.0756616134,6767.2904440145,6756.543886914,6619.1600135566,6734.7561488996],"objective_values":[10090.5255025665,3215.0673322957,2811.6285279609,3164.8822508848,3766.2659648343,16261.3699978694,5469.0650893705,16261.3699978694,16261.3699978694,6161.9386452313,6404.206187309,16261.3699978694,16261.3699978694,16261.3699978694,16156.3409567155,15924.2083434308,16261.3699978694,15434.9283014672,15864.3048481649,15922.8760125,15039.1020562803,15278.4037342171,16261.3699978694,6794.0458703864,15427.8503687485,7299.6033629171,9956.42360078,14641.8482522026,16261.3699978694,8895.229713299,13998.152324523,8571.5606598747],"standard_deviation_evaluations":[]}