{"evaluated_points":[[0.7496167576,0.9416052501]],"model_objective_values":[2740.9634725673],"objective_values":[8404.0943601061],"standard_deviation_evaluations":[]}