{"evaluated_points":[[1.0,0.9164600641],[0.1968210163,0.9343982862],[0.0,0.9292046471],[0.0,0.9290991136],[0.3061881187,0.9382535949],[0.0,1.0],[0.0,1.0],[0.0,1.0],[0.0,1.0],[0.0251566645,1.0],[0.0597075791,0.9974343972],[0.0169128227,1.0],[0.0243971449,1.0],[0.0209567463,1.0],[0.0269559001,1.0],[0.0238268982,1.0],[0.0216903488,1.0],[0.0,1.0],[0.0,1.0],[0.0,1.0],[0.0,1.0],[0.0,1.0],[0.0,1.0],[0.0,1.0],[0.0,1.0],[0.0,1.0],[0.0,1.0],[0.0,1.0],[0.0,1.0],[0.0,1.0],[0.0,1.0],[0.0,1.0],[0.0,1.0],[0.0,1.0],[0.0,1.0],[0.0,1.0],[0.0,1.0],[0.0,1.0],[0.0,1.0],[0.0,1.0],[0.0,1.0],[0.0,1.0],[0.0,1.0]],"model_objective_values":[16503.0695064145,13004.6984301258,13861.1720738937,13847.8378183619,12194.8942079996,15729.7003221349,16372.9005351333,16274.6014039957,16166.2894181463,12130.8641792577,12408.4015444128,15302.5230582681,15265.3716402914,15305.9518248885,15218.8378646205,15243.3668401489,15152.0552905547,17451.9664315653,16898.2067798474,13113.4959756456,13672.83267784,24853.3634836824,13230.2261634489,40042.1270527359,22096.6167087832,38536.1004844606,14774.4522450749,12151.6131866499,12495.859164917,13560.9035821167,15045.9170133779,35101.3175685415,12624.2082415397,13844.0474269944,33757.4938431447,33063.6939246082,32669.3719755174,33370.4811888883,32748.6589594913,28499.9681853176,32381.3796310777,32910.1019985807,33390.6431786496],"objective_values":[3407.0565044592,2187.729214525,13691.2983342279,13687.6584224799,3271.8320658016,16261.3699978694,16261.3699978694,16261.3699978694,16261.3699978694,12945.485025773,9036.5952475737,13987.2732112541,13039.5810473309,13470.6262410186,12724.1265472351,13110.4820436812,13378.0544609189,16261.3699978694,16261.3699978694,16261.3699978694,16261.3699978694,16261.3699978694,16261.3699978694,16261.3699978694,16261.3699978694,16261.3699978694,16261.3699978694,16261.3699978694,16261.3699978694,16261.3699978694,16261.3699978694,16261.3699978694,16261.3699978694,16261.3699978694,16261.3699978694,16261.3699978694,16261.3699978694,16261.3699978694,16261.3699978694,16261.3699978694,16261.3699978694,16261.3699978694,16261.3699978694],"standard_deviation_evaluations":[]}