{"evaluated_points":[[0.1136283546,0.7740942294],[0.0954753717,0.7189754024],[0.2242036122,0.7779194372]],"model_objective_values":[4707.0528943582,4943.3544085757,9201.5192448914],"objective_values":[2684.105401033,2811.5481064498,1475.3669491614],"standard_deviation_evaluations":[]}