{"evaluated_points":[[1.0,1.0],[1.0,0.0],[0.9964738111,0.0],[0.9699860855,0.3960947924],[0.9665419448,0.6316022059],[0.9479951185,0.0],[0.8363399155,0.0],[0.7947830131,1.0],[0.8415272145,1.0],[0.9046365144,1.0],[0.8034798793,0.1577458251]],"model_objective_values":[9304.2603124661,10393.2944924965,10234.9399749296,10464.2230844045,10668.7879819219,10879.1835534306,9505.6718908874,4988.0725648899,4985.0987548558,9380.8658766627,7553.9057989103],"objective_values":[4179.5447530225,953.2979578943,960.0416365115,715.9751001326,1606.7981371214,1129.3735266573,1887.9136517135,9271.8790396094,8123.8102216046,6108.8954442658,1284.0381010054],"standard_deviation_evaluations":[]}