{"evaluated_points":[[0.10086496,0.8649860734],[0.4461093064,0.8643879048],[0.4521938737,0.8644863667]],"model_objective_values":[5176.6833660911,5449.6346305885,5333.2190216143],"objective_values":[4035.9424190086,3103.0988197037,3098.2480788332],"standard_deviation_evaluations":[]}