{"evaluated_points":[[0.2315712646,1.0],[0.0,1.0],[1.0,1.0],[1.0,1.0],[1.0,1.0],[1.0,1.0],[1.0,1.0],[1.0,1.0],[1.0,1.0],[1.0,1.0],[1.0,1.0],[1.0,1.0],[1.0,1.0],[1.0,1.0],[1.0,1.0],[1.0,0.9956998229],[1.0,1.0],[0.7296826948,0.9932221132],[0.9263982111,1.0],[1.0,1.0],[1.0,1.0],[0.6712443431,1.0],[0.8652626002,1.0],[0.6945831018,1.0],[1.0,1.0],[1.0,1.0],[1.0,1.0],[0.6442180006,1.0],[0.7016038455,1.0],[0.0,1.0]],"model_objective_values":[13794.8305718253,8960.2288537177,13925.8372207589,13656.1222590479,14823.2756128999,7885.1790973578,7507.0596519249,7077.8112208612,7129.9623533183,7159.1782632559,7018.1245134896,8502.2301333111,8380.2543237602,7491.8926342426,9471.231012724,9423.7068190729,9637.8902869987,16491.7256743303,20222.6103237925,19648.8327507372,20029.5455253097,20965.1806926601,21779.7776461432,20863.4351503838,22496.2886088434,20852.7039586524,21138.0646481146,15003.5984968426,14360.1631966541,18763.1267096633],"objective_values":[2715.6169138466,16261.3699978694,4179.5447530225,4179.5447530225,4179.5447530225,4179.5447530225,4179.5447530225,4179.5447530225,4179.5447530225,4179.5447530225,4179.5447530225,4179.5447530225,4179.5447530225,4179.5447530225,4179.5447530225,4137.5427751729,4179.5447530225,9438.9889689449,5479.5097366716,4179.5447530225,4179.5447530225,8505.6093570963,7376.2621142177,9067.5791480243,4179.5447530225,4179.5447530225,4179.5447530225,7718.8966454442,9206.5583701491,16261.3699978694],"standard_deviation_evaluations":[]}