{"evaluated_points":[[0.4608760592,1.0],[1.0,0.0]],"model_objective_values":[1627.6569952472,3585.9532396783],"objective_values":[4350.100930838,953.2979578943],"standard_deviation_evaluations":[]}