{"evaluated_points":[[1.0,1.0],[0.0,0.0],[1.0,1.0],[0.0,1.0],[0.0,1.0],[0.0,1.0],[0.0,1.0],[0.0,1.0],[0.0,1.0],[0.0,1.0],[0.5809928761,1.0],[0.3735476719,1.0],[0.0,1.0],[0.0,1.0],[0.0,1.0],[0.0,1.0],[0.0,1.0],[0.0,1.0],[0.0,1.0],[0.0,1.0],[0.0,1.0],[0.0,1.0],[0.0,1.0],[0.0,1.0],[0.0,1.0],[0.0,1.0],[0.0,1.0],[0.0,1.0],[0.0,1.0],[0.0,1.0],[0.0,1.0],[0.0,1.0],[0.0,1.0],[0.0,1.0],[0.0,1.0],[0.0,1.0],[0.0,1.0],[0.0,1.0]],"model_objective_values":[7164.7081455242,3848.5306758876,15195.711361064,75190.8315659333,14422.911283252,45412.2955489064,10098.3256278583,28156.3752228142,9987.3082477343,36027.0850165462,28262.7230508639,28270.298065289,50489.220190197,15361.0887484671,12315.2438527266,12520.0841616613,11859.2006213846,12212.5654947583,12248.0553532274,12367.7770389749,11019.8168085794,18228.7528265772,25655.1926319911,22611.841692464,15516.1655342398,14625.7850888882,23452.8326999023,33982.0849827617,19832.1544417963,18625.7268176178,20720.1960600167,24320.1314186785,36242.1646581955,36482.7555924503,34060.7570602312,32401.0077648082,30454.3849401502,22389.1192183364],"objective_values":[4179.5447530225,3708.9998379182,4179.5447530225,16261.3699978694,16261.3699978694,16261.3699978694,16261.3699978694,16261.3699978694,16261.3699978694,16261.3699978694,5819.9052771497,4403.3845441801,16261.3699978694,16261.3699978694,16261.3699978694,16261.3699978694,16261.3699978694,16261.3699978694,16261.3699978694,16261.3699978694,16261.3699978694,16261.3699978694,16261.3699978694,16261.3699978694,16261.3699978694,16261.3699978694,16261.3699978694,16261.3699978694,16261.3699978694,16261.3699978694,16261.3699978694,16261.3699978694,16261.3699978694,16261.3699978694,16261.3699978694,16261.3699978694,16261.3699978694,16261.3699978694],"standard_deviation_evaluations":[]}