{"evaluated_points":[[0.728443019,1.0],[0.7376063368,1.0],[0.690695726,1.0],[0.5469828745,1.0]],"model_objective_values":[10140.4733183982,10639.9743189306,9779.3457397022,6860.8918448872],"objective_values":[9579.9808112337,9644.274254088,8984.1086143408,5047.4027779507],"standard_deviation_evaluations":[]}