{"evaluated_points":[[0.8994385031,0.0],[0.9096140143,0.0],[0.9416979844,1.0],[0.0,1.0],[0.0,1.0],[0.0,1.0],[0.0,0.0],[0.0760244194,0.0],[0.0964879322,0.0],[0.0122796348,0.0],[0.9052101554,0.0],[0.0,1.0],[0.0,1.0],[0.0,1.0],[0.035046136,1.0],[0.0,1.0],[0.0,1.0],[0.0,1.0],[0.0,0.6877231972],[0.0,0.686323819],[0.0,0.6837252564],[0.0,0.9949971219],[0.0,0.6877231972],[0.0,0.9717056932],[0.0,0.6922360471],[0.0,0.9085146865]],"model_objective_values":[4033.3425314387,3974.124661144,4921.3353657888,7993.1690886964,13549.0275519743,4406.0959219812,5274.3899966741,5068.2129374672,5189.8587572439,5582.2712314906,5015.2711856526,5309.0019418131,4917.0434628629,5622.8425509661,5738.5575748398,5905.0356848517,5972.6161217541,5966.1264692978,12919.5269463037,11624.9951357204,10776.7556859324,9871.0212955795,9721.566506942,11352.6267143453,8562.3866086021,10437.5962315702],"objective_values":[1430.1109723157,1358.9326143227,5093.9539124241,16261.3699978694,16261.3699978694,16261.3699978694,3708.9998379182,1728.0959158359,1361.2540990358,3328.2991142057,1389.3489865744,16261.3699978694,16261.3699978694,16261.3699978694,11756.0304391976,16261.3699978694,16261.3699978694,16261.3699978694,6852.2928702988,6821.3484082869,6764.1519155638,16071.3382510955,6852.2928702988,15203.4697381677,6952.767517958,12988.5748630862],"standard_deviation_evaluations":[]}