{"evaluated_points":[[0.0,1.0],[0.0,1.0]],"model_objective_values":[12883.2391055219,14061.0381121022],"objective_values":[16261.3699978694,16261.3699978694],"standard_deviation_evaluations":[]}