{"evaluated_points":[[0.0,1.0],[0.0,1.0],[0.0,1.0]],"model_objective_values":[9536.3706742083,15741.9715824329,14749.7731719711],"objective_values":[16261.3699978694,16261.3699978694,16261.3699978694],"standard_deviation_evaluations":[]}