{"evaluated_points":[[0.742131634,0.8532787434],[0.7407806855,0.8579236222],[0.742131634,0.8532787434]],"model_objective_values":[7299.110783162,6887.9004214446,7039.7376990514],"objective_values":[6667.3948414656,6748.8371726929,6667.3948414656],"standard_deviation_evaluations":[]}