{"evaluated_points":[[1.0,1.0],[1.0,1.0],[0.0,0.0],[1.0,1.0],[1.0,0.7064451143],[1.0,1.0],[1.0,1.0]],"model_objective_values":[7163.9808980956,7897.9407874609,9631.7659369788,15970.3853678833,5307.8863079859,5579.2695361635,5505.6197487294],"objective_values":[4179.5447530225,4179.5447530225,3708.9998379182,4179.5447530225,1870.0780406014,4179.5447530225,4179.5447530225],"standard_deviation_evaluations":[]}