{"evaluated_points":[[0.9873023031,1.0],[0.4360775643,1.0],[0.8769271306,1.0],[0.6682789999,1.0],[1.0,1.0],[1.0,1.0],[1.0,1.0],[1.0,1.0],[1.0,1.0],[1.0,1.0],[1.0,1.0],[1.0,1.0]],"model_objective_values":[3382.4908239234,3084.2575249241,6776.7789160891,5813.7664560201,5427.4555306645,5230.5724098833,4981.4763835927,4856.3318297026,4812.226225524,4788.4392590475,4667.8716737043,3726.2008371239],"objective_values":[4300.9565434357,4381.5634451142,6995.1248053369,8424.9870670925,4179.5447530225,4179.5447530225,4179.5447530225,4179.5447530225,4179.5447530225,4179.5447530225,4179.5447530225,4179.5447530225],"standard_deviation_evaluations":[]}