{"evaluated_points":[[1.0,1.0],[0.3613711816,0.4710283193],[1.0,1.0],[0.1749012325,0.473086802],[1.0,0.4948890432],[0.8290423542,0.5087946949],[0.6901849251,1.0]],"model_objective_values":[6728.7783051031,4410.5073173946,8032.4490878983,4361.1317557065,3206.3189922382,3773.5959481335,4016.2189245937],"objective_values":[4179.5447530225,870.6329227627,4179.5447530225,552.9950276283,907.7280699778,1934.3861021519,8972.8110278006],"standard_deviation_evaluations":[]}