{"evaluated_points":[[0.2943230796,1.0]],"model_objective_values":[2644.8566018096],"objective_values":[3623.1516609649],"standard_deviation_evaluations":[]}