{"evaluated_points":[[0.4402684536,0.6771459226],[0.4409277423,0.6770836397],[0.4380300398,0.6784420305],[0.0,0.0],[0.0,0.0],[0.0,0.0],[0.0,0.0],[0.1773753941,0.0],[1.0,0.0],[1.0,0.0],[1.0,0.0],[1.0,0.0],[1.0,0.0],[1.0,0.0],[1.0,0.0],[1.0,0.0],[1.0,0.0],[1.0,0.0],[1.0,0.0],[1.0,0.0],[1.0,0.0],[0.0,1.0],[0.0,1.0],[0.0,1.0],[1.0,0.0],[1.0,0.0],[0.5430550662,0.0],[0.0000023989,0.779455443],[0.0000023989,0.779455443],[0.0000023989,0.779455443],[0.0000023989,0.779455443],[0.0000023989,0.779455443],[0.0000023989,0.779455443],[0.0000023989,0.779455443],[0.0000023989,0.779455443]],"model_objective_values":[3070.2558816375,3105.226345207,2778.7457226079,2137.4590011405,2281.9463835143,2365.8097786458,1880.8218482853,1619.0619031692,2549.2395787817,1868.1304489956,1889.4471110634,1859.5185397449,1860.2704974552,1907.4205404507,1812.4927354475,1914.0003201509,1835.0366583942,1917.6247830837,2480.08188488,2483.9603330509,2399.5002913603,3343.5882892084,3234.6168695778,3269.2626523098,3157.1855371232,3191.7449016163,2754.9123008184,6133.5752643232,6035.8154532425,5985.1833530237,5896.6742578473,5811.4126855946,5933.1364228772,5853.3616169952,5789.9182531201],"objective_values":[1780.7847973651,1779.9434302771,1790.0112787372,3708.9998379182,3708.9998379182,3708.9998379182,3708.9998379182,618.4765034188,953.2979578943,953.2979578943,953.2979578943,953.2979578943,953.2979578943,953.2979578943,953.2979578943,953.2979578943,953.2979578943,953.2979578943,953.2979578943,953.2979578943,953.2979578943,16261.3699978694,16261.3699978694,16261.3699978694,953.2979578943,953.2979578943,1135.043763049,9098.9445579683,9098.9445579683,9098.9445579683,9098.9445579683,9098.9445579683,9098.9445579683,9098.9445579683,9098.9445579683],"standard_deviation_evaluations":[]}