{"evaluated_points":[[1.0,1.0],[0.0,0.0],[1.0,1.0],[0.0,1.0],[0.0,1.0],[0.0,1.0],[0.0,1.0],[0.0,1.0]],"model_objective_values":[7164.7081455242,3848.5306758876,15195.711361064,75190.8315659333,14422.911283252,45412.2955489064,10098.3256278583,28156.3752228142],"objective_values":[4179.5447530225,3708.9998379182,4179.5447530225,16261.3699978694,16261.3699978694,16261.3699978694,16261.3699978694,16261.3699978694],"standard_deviation_evaluations":[]}