{"evaluated_points":[[0.2078090297,0.7311200785],[0.1414505361,0.7214380245],[0.1251349471,0.6678119016]],"model_objective_values":[2868.7795274624,2878.6661154706,2912.5072706578],"objective_values":[1239.0225780569,1678.1484123363,1684.8636140593],"standard_deviation_evaluations":[]}