{"evaluated_points":[[0.6100225318,0.0],[0.6039476324,0.0],[0.608671236,0.0],[0.6083677046,0.0],[0.6216055994,0.0],[0.2659126501,0.0],[0.2124346793,0.0],[0.4514157637,1.0]],"model_objective_values":[3001.5602903856,3028.2776801075,3035.3051276716,3042.1857850399,3021.6108021715,5089.5565687054,3786.2619978697,12966.1962128941],"objective_values":[1517.9192107291,1475.9699695037,1508.5190053065,1506.4125837827,1599.6798059215,724.3648714291,587.8192880514,4356.8878770543],"standard_deviation_evaluations":[]}