{"evaluated_points":[[0.6893650953,0.9007794285],[0.6825437232,0.8779269102],[0.7021388608,0.9048573267],[0.7027298208,0.919189303],[0.7000164547,0.8867664703],[0.7003237225,0.8851758889],[0.6988953417,0.8907177268],[0.6993766956,0.887714355],[0.7001433871,0.8842286487],[0.6981273014,0.8914188825],[0.694409362,0.9054941807],[0.6945267949,0.9047139246],[0.6908594143,0.9194299247],[0.6929517976,0.9110984617],[0.6842352643,0.9492526648],[0.7028965017,0.8766414806],[0.0,0.8465757927],[0.0,0.7031594112],[0.0,0.7714818452],[0.0,0.7935495901],[0.0,0.8429767005],[0.6460933963,1.0],[0.6395319663,1.0],[0.0,1.0],[0.0,1.0],[0.0,1.0],[0.0,1.0],[0.0,1.0],[0.0,1.0],[0.0,1.0],[0.0,1.0],[0.0,1.0],[0.0,1.0]],"model_objective_values":[4302.9529979708,4333.0860593981,6044.5074751564,5643.2659958358,6483.0668937816,6540.2379393019,6564.4484738847,6646.8893869953,6617.2066198833,6702.6096014449,6726.9918208099,6709.7948187347,6708.3697394903,6695.6070244577,6510.8939691687,5455.6101171259,7742.2054643361,7797.6517733493,7786.4947658926,7901.7060941533,7818.7746652844,7981.6440134574,8210.8418691044,21334.915604014,22315.6251873043,22159.2465069077,20183.1471048661,27447.9720859392,27435.8633819089,28261.4884663195,15879.4326382419,15810.4524477873,15777.1070802074],"objective_values":[7010.7401000068,6484.8100807423,7292.4550109907,7574.4331694831,6926.0997115906,6901.5426368114,6981.8388516883,6934.0645369584,6881.7248180981,6983.1422342612,7183.5552845769,7171.0333703186,7382.2248952203,7263.1628642636,7820.685455377,6782.5032618254,11015.6678608109,7200.2764585962,8886.7607492893,9482.469967283,10907.0568900313,7776.4123184045,7574.0711875542,16261.3699978694,16261.3699978694,16261.3699978694,16261.3699978694,16261.3699978694,16261.3699978694,16261.3699978694,16261.3699978694,16261.3699978694,16261.3699978694],"standard_deviation_evaluations":[]}