{"evaluated_points":[[0.1136283546,0.7740942294],[0.0954753717,0.7189754024],[0.2242036122,0.7779194372],[0.0,0.7199348859],[0.0,0.7225522301],[0.0,0.7319509775],[0.0,0.7155783316],[0.0,0.706158781],[0.0,0.6976504744],[0.0,0.7070019072],[0.0,0.7125670296],[0.0,0.7123724727],[0.0,0.7136843278],[0.0,0.7202114095],[0.0,0.717861391],[0.0,0.6173068074],[0.0,0.0],[0.0,0.7284124351],[0.0,0.6937436229],[0.0,0.7625858197],[0.0,0.8523181883],[0.0,0.8523497153],[0.0,0.0],[0.0,0.0],[0.0,0.8320261956],[0.0,0.8212281348],[0.0,0.9154359445],[0.0,0.0],[0.0,0.0],[0.0,0.5771801197],[0.0,1.0],[0.0,1.0],[0.0,1.0]],"model_objective_values":[4707.0528943582,4943.3544085757,9201.5192448914,5130.7422060817,5578.741541462,5565.9512271793,5478.0133418817,5463.8485546321,5548.310547402,5539.4273556628,5458.24804409,5384.6646327043,5369.7074839956,5290.9334213691,5287.8873260262,7532.570974348,7962.3528975744,8589.1118654473,8450.847561632,8462.2847824231,8422.9591824485,8507.1416889889,5447.8963783829,8431.0882903121,7400.7373008685,7485.305331364,7221.9153935442,10563.8629472631,10489.9646857027,7961.8331453191,27434.4194546646,26368.981108726,14127.330470442],"objective_values":[2684.105401033,2811.5481064498,1475.3669491614,7592.2631967237,7654.7191404048,7881.8818557294,7489.0822032332,7269.305569679,7074.6888614495,7288.7925367666,7418.3293714731,7413.7740522404,7444.5270535561,7598.8451508119,7543.0333723641,5419.3944370508,3708.9998379182,7795.8271457294,6986.5643619142,8653.6570069835,11190.329094677,11191.2926762084,3708.9998379182,3708.9998379182,10580.6723147279,10264.8339694021,13221.2159155087,3708.9998379182,3708.9998379182,4716.236281859,16261.3699978694,16261.3699978694,16261.3699978694],"standard_deviation_evaluations":[]}