{"evaluated_points":[[0.0,1.0],[0.0,1.0],[0.0,1.0],[0.0,1.0],[0.0,1.0],[0.0431669126,0.8621215561],[0.0,1.0],[0.0,0.8997742812],[0.0,1.0],[0.0,1.0],[0.0,1.0],[0.0,1.0],[0.0,1.0],[0.0,1.0],[0.0,1.0],[0.0,1.0],[0.0,1.0],[0.0,1.0],[0.0,1.0],[0.0,1.0],[0.0,1.0],[0.0,0.9827998185],[0.0,0.986146418],[1.0,1.0],[0.0,1.0],[0.0,0.9099445294],[0.0,0.9226645632],[0.0,0.9198985093]],"model_objective_values":[5522.7582110474,5589.6301825597,6251.7071638107,6402.9513165166,6701.7027575468,9258.8705138231,6470.1279470429,8361.945115342,5339.8740892295,5433.0275887389,5555.2824890038,5538.37697587,5737.2896853333,6000.3642701579,6289.9477844648,6250.2902180941,7021.2443954084,7859.1339273373,7873.0278702534,8493.4196830087,10102.0463499556,9182.5628833059,9231.844947668,10992.8331505542,11897.174326873,4136.125225779,4266.8627670775,4050.8376080765],"objective_values":[16261.3699978694,16261.3699978694,16261.3699978694,16261.3699978694,16261.3699978694,7653.9447547624,16261.3699978694,12698.2865408808,16261.3699978694,16261.3699978694,16261.3699978694,16261.3699978694,16261.3699978694,16261.3699978694,16261.3699978694,16261.3699978694,16261.3699978694,16261.3699978694,16261.3699978694,16261.3699978694,16261.3699978694,15613.3923435973,15738.282833927,4179.5447530225,16261.3699978694,13036.4348194119,13466.8025183829,13372.5125210786],"standard_deviation_evaluations":[]}