{"evaluated_points":[[0.0499708813,1.0],[0.1338106397,0.9233343108],[0.1427222521,0.9072140352],[0.1325919441,0.911983759],[0.1255840674,0.95021458],[0.0,1.0],[0.103861607,1.0],[0.0,1.0],[0.0,1.0],[0.0937828965,1.0],[0.0905085043,1.0]],"model_objective_values":[4655.1629753944,3881.4311911297,3776.829886191,3754.5432123358,4145.2790401196,7348.3648227091,9829.0167469154,7622.2603634697,7574.3746462063,8962.4900790987,8894.318434157],"objective_values":[10090.5255025665,3215.0673322957,2811.6285279609,3164.8822508848,3766.2659648343,16261.3699978694,5469.0650893705,16261.3699978694,16261.3699978694,6161.9386452313,6404.206187309],"standard_deviation_evaluations":[]}