{"evaluated_points":[[0.1275577451,1.0]],"model_objective_values":[3407.5788466626],"objective_values":[4151.800477555],"standard_deviation_evaluations":[]}