{"evaluated_points":[[0.0499708813,1.0],[0.1338106397,0.9233343108],[0.1427222521,0.9072140352],[0.1325919441,0.911983759]],"model_objective_values":[4655.1629753944,3881.4311911297,3776.829886191,3754.5432123358],"objective_values":[10090.5255025665,3215.0673322957,2811.6285279609,3164.8822508848],"standard_deviation_evaluations":[]}