{"evaluated_points":[[0.939255254,1.0],[0.8848739484,0.9874123754],[0.8519566029,0.9502129],[1.0,1.0],[1.0,1.0],[1.0,0.0],[0.0,1.0],[0.0,1.0],[0.0,1.0],[0.0,1.0],[0.0,1.0],[0.0,1.0],[0.0,1.0],[0.0,1.0],[0.0,1.0],[0.0,1.0],[0.0,1.0],[0.0,1.0],[0.0,1.0],[0.0,1.0],[0.0,1.0],[0.0,1.0],[0.0,1.0],[0.0,1.0],[0.0,1.0],[0.0,1.0],[0.0,1.0],[0.0,1.0],[0.0,1.0],[0.0,1.0],[0.0,1.0],[0.0,1.0],[0.0,1.0],[0.0,1.0],[0.0,1.0],[0.0,1.0],[0.0,1.0]],"model_objective_values":[765.6420899115,711.7712653209,672.9625581679,1093.63237312,1044.0172692416,3696.2280982219,32799.4093777367,61114.1527936883,32288.0332701753,35772.4357303353,39181.8760417679,43700.9394561021,47617.7254391898,45685.3714761077,33101.2683543588,35789.0829304011,9911.8717474154,9746.9555234846,9673.2502692917,9721.8275148124,19024.8649364409,13096.5118580068,11052.610434777,12986.6205769029,10450.7928385126,11747.3242896901,11455.8156106244,9603.3927409582,10954.4368954821,9818.7391065541,10383.5018229398,9799.2889009337,19327.6582720531,9609.1716463515,10722.5976867852,10585.1474602038,8707.2757222884],"objective_values":[5151.855910987,6538.760001548,6922.727546262,4179.5447530225,4179.5447530225,953.2979578943,16261.3699978694,16261.3699978694,16261.3699978694,16261.3699978694,16261.3699978694,16261.3699978694,16261.3699978694,16261.3699978694,16261.3699978694,16261.3699978694,16261.3699978694,16261.3699978694,16261.3699978694,16261.3699978694,16261.3699978694,16261.3699978694,16261.3699978694,16261.3699978694,16261.3699978694,16261.3699978694,16261.3699978694,16261.3699978694,16261.3699978694,16261.3699978694,16261.3699978694,16261.3699978694,16261.3699978694,16261.3699978694,16261.3699978694,16261.3699978694,16261.3699978694],"standard_deviation_evaluations":[]}