{"evaluated_points":[[0.0267505236,0.8311483118],[0.0527433729,0.8263394167],[0.0310538222,0.8313946674],[0.0399917789,0.8281097572],[0.020485641,0.8378639072],[0.0579081435,0.0],[0.0,0.9263438792],[0.0,0.9308567618],[0.0,0.9310045019],[0.0293965485,1.0],[0.0251081974,1.0],[0.0205037936,1.0],[0.0,0.9594607589],[0.0,0.975161003],[0.0341353048,0.9489030547],[0.037780375,0.9456448701]],"model_objective_values":[4646.7811108587,3436.8217978218,3585.264587772,3449.9671489259,4411.2722610246,4475.1731197644,6161.34618219,6092.0705644073,6033.3479950503,5895.2143652631,6455.6994221751,6492.2990844408,6751.1667054815,6976.3174274264,5541.3169110587,5502.9460397334],"objective_values":[8275.1810763137,6275.0563847866,7942.3911036194,7199.4086034977,8947.7790894841,2114.4894134442,13592.8301866355,13748.3549902216,13753.4640707071,12427.354142923,12951.4780095345,13527.9609376047,14758.3299631102,15330.4671350907,10490.7961917037,10034.9281238225],"standard_deviation_evaluations":[]}