{"evaluated_points":[[1.0,0.945207856],[0.0,0.6086008673],[0.0,0.6751747736],[0.0,0.7076608111],[0.6716294104,0.7542065246],[0.6863398921,0.7476344717],[0.5216876077,0.7926221728],[0.6332513748,0.7951140982],[0.6637783409,0.7978947539],[0.6357599562,0.8001505286],[0.0,1.0],[0.0,1.0],[0.0,1.0],[0.0,1.0],[0.0,1.0],[0.0,1.0],[0.0,1.0],[0.0,1.0],[0.0,1.0],[0.0,1.0],[0.0,1.0],[0.0,1.0],[0.0,1.0],[0.0,1.0],[0.0,1.0]],"model_objective_values":[3610.3517212716,4325.2971144472,5190.0592845821,5375.7273447265,2829.6344759407,2824.140337278,3316.207620396,3091.9647734484,3092.7213309113,3189.9334692063,15099.3823447694,14581.5235758544,33561.0581196769,33990.7827983717,30798.9526146207,26926.8819793369,27140.7001402346,27735.4253641806,14583.7665624567,16346.5019361301,12262.1163521267,14291.1545343759,20571.4901602275,20362.8599836692,26566.363825447],"objective_values":[3662.5374574651,5259.8444356666,6578.3854014697,7304.0469161986,4418.8039659928,4519.3692373739,2710.6155848924,4322.0298789605,4900.9904703207,4432.089514477,16261.3699978694,16261.3699978694,16261.3699978694,16261.3699978694,16261.3699978694,16261.3699978694,16261.3699978694,16261.3699978694,16261.3699978694,16261.3699978694,16261.3699978694,16261.3699978694,16261.3699978694,16261.3699978694,16261.3699978694],"standard_deviation_evaluations":[]}