{"evaluated_points":[[0.5553172126,0.5421917723]],"model_objective_values":[2588.3479405734],"objective_values":[1336.445232645],"standard_deviation_evaluations":[]}