{"evaluated_points":[[0.8217000321,0.8347321229]],"model_objective_values":[5144.8942452052],"objective_values":[5690.9135571608],"standard_deviation_evaluations":[]}