{"evaluated_points":[[0.7496167576,0.9416052501],[0.2927504705,0.8807375457],[0.4802005578,0.8411175969],[0.3270283903,0.8775935337],[0.3731378546,0.8636349672],[0.4047168706,0.8711914589],[0.5956878633,0.8460043912],[0.5956551371,0.845903244],[0.5980343242,0.851020257],[0.6092609727,0.8993946892],[0.6079777486,0.8936139155],[0.6038391377,0.8799821889],[0.6150940561,0.8482067917],[0.6403721515,0.0],[0.6274640459,0.7622965415]],"model_objective_values":[2740.9634725673,2798.7298286861,2838.4514269484,2851.010576041,2823.3030527587,2765.6802250898,4246.3512980188,4254.6373964333,3631.490273721,2908.5784984275,2894.3020192019,2858.4455597472,3065.6015476789,3579.584293183,3172.5112188284],"objective_values":[8404.0943601061,2673.460237283,2916.7181517713,2995.6769095905,3123.8172243876,3210.9510469767,4212.1059435186,4210.2946567766,4317.2435990076,5173.5532621078,5066.1637664159,4794.9429513141,4634.5521371816,1733.48960327,3826.5651145548],"standard_deviation_evaluations":[]}