{"evaluated_points":[[0.0,1.0],[0.0,1.0],[0.0,1.0],[0.0,1.0],[0.0,1.0],[0.0431669126,0.8621215561],[0.0,1.0],[0.0,0.8997742812],[0.0,1.0],[0.0,1.0]],"model_objective_values":[5522.7582110474,5589.6301825597,6251.7071638107,6402.9513165166,6701.7027575468,9258.8705138231,6470.1279470429,8361.945115342,5339.8740892295,5433.0275887389],"objective_values":[16261.3699978694,16261.3699978694,16261.3699978694,16261.3699978694,16261.3699978694,7653.9447547624,16261.3699978694,12698.2865408808,16261.3699978694,16261.3699978694],"standard_deviation_evaluations":[]}