{"evaluated_points":[[0.0849920226,0.9718339976],[0.445189165,1.0],[0.3741041663,1.0],[0.598465758,1.0],[0.0,1.0],[0.0,1.0],[0.0,1.0],[0.0,1.0],[0.0,1.0],[0.0,1.0],[0.0,1.0],[0.0,1.0],[0.0,1.0],[0.0,1.0],[0.0,1.0],[0.0,1.0],[0.0,1.0],[0.0223338919,1.0],[0.0,1.0],[0.0,1.0],[0.0,1.0],[0.0,1.0],[0.0,1.0],[0.0,1.0],[0.0,1.0],[0.0,1.0],[0.0,1.0],[0.0,1.0],[0.0,1.0],[0.0,1.0],[0.0,1.0],[0.0,1.0],[0.0,1.0],[0.0,1.0],[0.0,1.0],[0.0,1.0],[0.0,1.0],[0.0,1.0],[0.0,1.0],[0.0,1.0],[0.0,1.0],[0.0,1.0],[0.0,1.0]],"model_objective_values":[3351.4508630714,3581.4706049262,3765.4112389531,3706.6198129013,13949.4113317596,14144.344722623,13585.3396289761,13264.1547132315,5987.0888951492,5720.2853845643,5592.3347344845,5800.3195664302,5013.6825461312,4629.7336727096,4480.5106044872,4627.3314985696,4679.2295783818,3641.5466404155,4921.5665461067,5092.5767971865,5261.2630856343,5398.265286645,5514.4392244651,5805.8617747043,6324.1258657007,32247.7406069863,5381.8472934397,5023.7220786052,5117.1324876177,5234.6072826638,5488.6747940709,5089.4070114764,5189.8233217655,5147.9499143185,5125.7745058931,5201.5521177614,5142.7828052035,5046.7996688085,5037.6584579523,5083.5917385989,5159.0958787599,5174.0620430434,5261.631474315],"objective_values":[6388.9303531087,4365.4170955774,4405.1298314505,6308.582619212,16261.3699978694,16261.3699978694,16261.3699978694,16261.3699978694,16261.3699978694,16261.3699978694,16261.3699978694,16261.3699978694,16261.3699978694,16261.3699978694,16261.3699978694,16261.3699978694,16261.3699978694,13297.1405505476,16261.3699978694,16261.3699978694,16261.3699978694,16261.3699978694,16261.3699978694,16261.3699978694,16261.3699978694,16261.3699978694,16261.3699978694,16261.3699978694,16261.3699978694,16261.3699978694,16261.3699978694,16261.3699978694,16261.3699978694,16261.3699978694,16261.3699978694,16261.3699978694,16261.3699978694,16261.3699978694,16261.3699978694,16261.3699978694,16261.3699978694,16261.3699978694,16261.3699978694],"standard_deviation_evaluations":[]}