{"evaluated_points":[[1.0,1.0],[1.0,1.0],[1.0,1.0]],"model_objective_values":[5267.2887273291,6361.1984261739,6554.4263787455],"objective_values":[4179.5447530225,4179.5447530225,4179.5447530225],"standard_deviation_evaluations":[]}