{"evaluated_points":[[0.8201916907,0.8761725208],[0.6833917597,0.0428978747]],"model_objective_values":[2970.7829964636,3108.3415196892],"objective_values":[6398.9680275104,1733.726015316],"standard_deviation_evaluations":[]}