{"evaluated_points":[[0.701046944,0.435444533],[0.0,0.54841399],[0.6980784303,0.4376548064],[0.0,1.0],[0.0,1.0],[0.0,0.7970027253],[0.0,0.7191385529],[0.0,0.8997757203]],"model_objective_values":[5256.0970081152,4720.9719889302,5211.5220536387,10462.3862032851,11885.4453652208,4740.973433733,4703.4844122302,3882.487288627],"objective_values":[1635.1310940267,4262.8086041953,1636.4896617644,16261.3699978694,16261.3699978694,9577.9383832821,7573.330313591,12698.3340146482],"standard_deviation_evaluations":[]}