{"evaluated_points":[[0.742131634,0.8532787434],[0.7407806855,0.8579236222],[0.742131634,0.8532787434],[0.7105990495,1.0],[0.0586453136,1.0],[0.7013551542,1.0],[0.7091286884,1.0],[0.6984596014,1.0],[0.6527004869,1.0],[0.7117091637,1.0],[0.7087436879,1.0],[0.7040512968,0.8373924641],[0.7043537617,0.8372701067],[0.704826759,0.839510815],[0.7070767044,0.8631790378],[0.7136318202,0.8796298773],[0.7026683005,0.9093896769],[0.7118937073,1.0],[0.7156801481,1.0],[0.7027227545,1.0],[0.7034790115,1.0],[0.7043586054,1.0],[0.7133142317,1.0],[0.7126098723,1.0],[0.705375066,0.8359847271],[0.7056384237,0.8356357734],[0.7048312756,0.8387401168],[0.705932626,1.0],[0.7050228608,0.8397709547],[0.7049857153,0.8397833194],[0.722651019,1.0],[0.7054048693,0.8401386751],[0.7158516927,1.0],[0.7056214521,0.8398012287],[0.7065367541,0.8393976475],[0.706619182,0.8394311339],[0.7081511429,0.8395972128]],"model_objective_values":[7299.110783162,6887.9004214446,7039.7376990514,5041.0943138049,5012.1526549638,5398.5017108876,6732.4208719928,6809.2684566751,5288.9196257383,6903.669525122,6585.7016788165,5734.2627039777,5605.9754011842,5819.1280940342,5697.8022170799,5804.7056564795,4628.9695334486,6186.6366151014,6370.4116547372,5517.8005472438,5598.7006341056,5545.1745742806,5950.1674523181,5926.3013986976,6005.9808769691,5996.7596113157,5928.6896367183,5163.2955458834,5168.3918715466,5168.1717611867,6220.2543317433,5158.1664647385,6060.6036610766,5157.6718192258,5151.8053166252,5146.2966725958,5126.8883448024],"objective_values":[6667.3948414656,6748.8371726929,6667.3948414656,9360.8396757774,9196.7740762855,9201.9048900008,9337.5327294438,9146.2465252143,7976.4108893812,9377.9270599125,9331.3040419686,6110.0133392145,6111.4951380601,6155.1244619274,6594.0450351178,6966.9820990138,7385.9639394505,9380.7248590837,9435.4032070034,9227.2433448087,9240.9889685562,9256.7356612804,9401.8498603258,9391.4662910536,6101.5334453313,6098.6243397223,6142.0528300403,9284.2615639132,6161.8480302229,6161.6258372792,9522.1253447592,6172.561179125,9437.7560606608,6169.3004448043,6172.8489066085,6174.3518765589,6194.2113188088],"standard_deviation_evaluations":[]}