{"evaluated_points":[[0.0287882503,0.9059313458]],"model_objective_values":[6075.6490718447],"objective_values":[9918.7078034067],"standard_deviation_evaluations":[]}