{"evaluated_points":[[0.0,1.0],[0.0,1.0],[0.0,1.0],[0.0,1.0],[0.0,1.0],[0.3628868899,1.0],[0.2919225742,1.0],[0.2858298177,1.0],[0.0,1.0]],"model_objective_values":[11228.0517627799,10480.3849525056,12060.0439668635,19378.8880424938,20009.7400326106,25603.7206966817,25560.0925532306,28619.2331270003,29250.670644525],"objective_values":[16261.3699978694,16261.3699978694,16261.3699978694,16261.3699978694,16261.3699978694,4359.9791837365,3586.1981121904,3490.947380598,16261.3699978694],"standard_deviation_evaluations":[]}