{"evaluated_points":[[0.728443019,1.0],[0.7376063368,1.0],[0.690695726,1.0],[0.5469828745,1.0],[0.45680915,1.0],[0.607747587,1.0],[0.7954206677,1.0],[0.9715737777,1.0],[1.0,0.9993163033],[0.9737260937,1.0],[0.9854488117,0.9959879033],[0.9609160609,0.9969190548],[0.9986844962,1.0],[1.0,1.0],[0.9478242114,1.0],[0.9056371011,1.0],[0.9529567287,1.0],[1.0,1.0],[1.0,0.9957784422],[1.0,1.0],[1.0,1.0],[0.9427899393,0.9933389421],[0.9098149617,0.9850846717],[0.0,0.0],[0.909382915,0.9864120506],[0.8164884691,0.9767557136],[0.0,0.0],[0.0,0.0],[0.0,0.0],[0.5299333667,1.0],[0.0,0.0],[0.0,0.0],[0.0,0.0],[0.0,0.0],[0.0,0.0],[0.0,0.0],[0.0,1.0],[0.0,0.0],[0.7707610204,1.0],[0.0,0.0],[0.0,0.0],[0.0,0.0],[0.0,0.0]],"model_objective_values":[10140.4733183982,10639.9743189306,9779.3457397022,6860.8918448872,18659.378345999,18564.388067031,11547.1889987573,4297.9720531889,4338.6618277001,4781.2700468669,4633.752685447,4745.6730907309,4996.2675327467,7510.185772635,6537.5306250177,6210.6615646382,7166.3364507807,7563.710576165,6826.222425823,9067.3004203735,4982.4322359356,4661.0352969975,4687.8457201706,4482.0279416084,4358.7285721684,4275.6009168702,4593.6790656376,4792.9034531369,4753.3719759368,5800.6792505461,7888.2867773496,7939.3199544226,7409.2823495361,7628.9425387946,7589.2005779606,7459.9354229609,7354.4065448561,6500.370302631,5721.3408036337,7276.4677610393,7178.4286245364,7276.6610393747,6550.281174801],"objective_values":[9579.9808112337,9644.274254088,8984.1086143408,5047.4027779507,4351.9505878511,6585.7242449893,9260.5618183291,4510.8088292167,4172.8505018732,4478.1075517245,4281.6727052881,4657.6353244578,4190.2102153819,4179.5447530225,4955.2463703322,6078.2742146579,4846.4256356632,4179.5447530225,4138.3085087203,4179.5447530225,4179.5447530225,4989.7674463881,5745.9677228367,3708.9998379182,5776.6656539931,8339.2671362065,3708.9998379182,3708.9998379182,3708.9998379182,4768.4348799272,3708.9998379182,3708.9998379182,3708.9998379182,3708.9998379182,3708.9998379182,3708.9998379182,16261.3699978694,3708.9998379182,9588.3557595468,3708.9998379182,3708.9998379182,3708.9998379182,3708.9998379182],"standard_deviation_evaluations":[]}