{"evaluated_points":[[0.2315712646,1.0],[0.0,1.0]],"model_objective_values":[13794.8305718253,8960.2288537177],"objective_values":[2715.6169138466,16261.3699978694],"standard_deviation_evaluations":[]}