{"evaluated_points":[[0.10086496,0.8649860734],[0.4461093064,0.8643879048],[0.4521938737,0.8644863667],[0.4379196444,0.8641350598],[0.4347214291,0.8640477314],[0.4452628859,0.8643264088],[0.4390118761,0.8644383746],[0.3615662276,0.8583288064],[0.3595694062,0.858336253],[0.3712983324,0.857777878],[0.3992563791,0.85673834],[0.3947926685,0.8570657504]],"model_objective_values":[5176.6833660911,5449.6346305885,5333.2190216143,5219.2989968778,5146.8887725753,5384.4048280983,5428.592846888,5316.3563756047,5356.5046268511,5343.1064529806,5335.8520126971,5383.8056576633],"objective_values":[4035.9424190086,3103.0988197037,3098.2480788332,3110.9763633851,3114.598413894,3103.51103186,3112.0769573009,3045.1269408181,3037.6547594909,3070.3119859063,3090.3748832582,3093.3464644048],"standard_deviation_evaluations":[]}