{"evaluated_points":[[0.184324339,1.0]],"model_objective_values":[3002.7575844749],"objective_values":[2636.150517744],"standard_deviation_evaluations":[]}