{"evaluated_points":[[1.0,1.0],[1.0,1.0],[0.0,0.0],[1.0,1.0],[1.0,0.7064451143],[1.0,1.0],[1.0,1.0],[1.0,1.0],[1.0,0.7730501664],[1.0,0.9307740639],[0.0,1.0],[1.0,0.9666954722],[0.0,1.0]],"model_objective_values":[7163.9808980956,7897.9407874609,9631.7659369788,15970.3853678833,5307.8863079859,5579.2695361635,5505.6197487294,5572.4340562391,5355.3464357725,5524.6740833948,6320.7268641748,5955.1662350831,8782.7707060201],"objective_values":[4179.5447530225,4179.5447530225,3708.9998379182,4179.5447530225,1870.0780406014,4179.5447530225,4179.5447530225,4179.5447530225,2294.7713253289,3532.9073908628,16261.3699978694,3860.5887771349,16261.3699978694],"standard_deviation_evaluations":[]}