{"evaluated_points":[[0.6936065487,1.0]],"model_objective_values":[22154.3647920408],"objective_values":[9047.0335223816],"standard_deviation_evaluations":[]}