{"evaluated_points":[[0.2078090297,0.7311200785],[0.1414505361,0.7214380245],[0.1251349471,0.6678119016],[0.0267060242,0.7272475721],[0.8599205884,0.0],[0.779122856,1.0],[0.0,1.0],[0.0,1.0],[0.0,1.0],[0.0,1.0],[0.0,1.0]],"model_objective_values":[2868.7795274624,2878.6661154706,2912.5072706578,2884.3499326913,2791.271406442,23614.9001508534,39532.994586278,39699.2236774319,20683.3971091201,23039.721019144,20364.7212589463],"objective_values":[1239.0225780569,1678.1484123363,1684.8636140593,6092.6106493638,1721.86266726,9503.3006941893,16261.3699978694,16261.3699978694,16261.3699978694,16261.3699978694,16261.3699978694],"standard_deviation_evaluations":[]}