{"evaluated_points":[[1.0,1.0],[1.0,1.0],[0.0,0.0],[1.0,1.0],[1.0,0.7064451143],[1.0,1.0],[1.0,1.0],[1.0,1.0],[1.0,0.7730501664],[1.0,0.9307740639]],"model_objective_values":[7163.9808980956,7897.9407874609,9631.7659369788,15970.3853678833,5307.8863079859,5579.2695361635,5505.6197487294,5572.4340562391,5355.3464357725,5524.6740833948],"objective_values":[4179.5447530225,4179.5447530225,3708.9998379182,4179.5447530225,1870.0780406014,4179.5447530225,4179.5447530225,4179.5447530225,2294.7713253289,3532.9073908628],"standard_deviation_evaluations":[]}