{"evaluated_points":[[1.0,1.0],[0.3613711816,0.4710283193],[1.0,1.0],[0.1749012325,0.473086802],[1.0,0.4948890432],[0.8290423542,0.5087946949],[0.6901849251,1.0],[0.6688350837,1.0],[0.7832764321,1.0],[0.8004473856,1.0],[0.8111604815,0.9841563833],[0.0,1.0],[0.0,1.0],[0.0,1.0],[0.0,1.0],[0.0,1.0],[0.0,1.0],[0.0,1.0],[0.0,1.0],[0.0,1.0],[0.0,1.0],[0.0,1.0],[0.0,1.0],[0.0,1.0],[0.0,1.0],[0.0,1.0],[0.0,1.0],[0.0,1.0],[0.0,1.0],[0.0,1.0],[0.0,1.0],[0.0,1.0],[0.0,1.0],[0.0,1.0],[0.0,1.0],[0.0,1.0],[0.0,1.0],[0.0,1.0],[0.0,1.0],[0.0,1.0]],"model_objective_values":[6728.7783051031,4410.5073173946,8032.4490878983,4361.1317557065,3206.3189922382,3773.5959481335,4016.2189245937,5042.0215764257,4850.9368447381,4540.9290812225,4513.2257705994,67844.4667109029,62808.1099445289,49829.063314264,16293.8989399441,23912.0625305746,16502.6080772986,18359.9887720659,17212.845582768,21517.9703780998,36637.2391212866,28877.1283168927,53440.1269889357,70790.2111922941,34939.4682171388,60310.0693657256,33822.7387669421,23400.1566067873,28869.8547503782,27669.9120254347,27621.3014275099,27242.8015902967,26680.7587697603,27354.1776337324,27650.4435096461,15616.1825384195,14723.7279319845,28945.0555317257,28468.4597994734,27193.3958251728],"objective_values":[4179.5447530225,870.6329227627,4179.5447530225,552.9950276283,907.7280699778,1934.3861021519,8972.8110278006,8440.2389554914,9450.8736528701,9166.4373272731,8609.8707937882,16261.3699978694,16261.3699978694,16261.3699978694,16261.3699978694,16261.3699978694,16261.3699978694,16261.3699978694,16261.3699978694,16261.3699978694,16261.3699978694,16261.3699978694,16261.3699978694,16261.3699978694,16261.3699978694,16261.3699978694,16261.3699978694,16261.3699978694,16261.3699978694,16261.3699978694,16261.3699978694,16261.3699978694,16261.3699978694,16261.3699978694,16261.3699978694,16261.3699978694,16261.3699978694,16261.3699978694,16261.3699978694,16261.3699978694],"standard_deviation_evaluations":[]}