{"evaluated_points":[[0.0,1.0],[0.0488908558,0.8333739032],[0.0485066358,0.0],[0.0480241645,0.0],[0.0,0.6750532836],[0.7367603717,0.3613480345],[0.7367173209,0.8366726855]],"model_objective_values":[4491.1718898697,8042.5707295823,8027.7188615047,8013.1137954651,5837.6694657099,15060.4878116757,15057.6313079334],"objective_values":[16261.3699978694,6665.4601334679,2337.1684436598,2348.9948771786,6575.7728579278,1390.8017661348,6353.7334283222],"standard_deviation_evaluations":[]}