{"0":{"std":56737.9622744872,"n_samples":171,"ci_up":160357.1346730488,"ci_low":143348.8018351137,"mean":151852.9682540813},"1":{"std":54855.5108228417,"n_samples":170,"ci_up":155189.7411082053,"ci_low":138697.4166595938,"mean":146943.5788838996},"2":{"std":48599.241236399,"n_samples":170,"ci_up":144701.0587380408,"ci_low":130089.6834649976,"mean":137395.3711015192},"3":{"std":41544.0459565646,"n_samples":170,"ci_up":132257.8012697723,"ci_low":119767.5724022219,"mean":126012.6868359971},"4":{"std":31741.093375749,"n_samples":170,"ci_up":120467.6219269967,"ci_low":110924.6534548383,"mean":115696.1376909175},"5":{"std":25844.3222746622,"n_samples":170,"ci_up":117091.7995237041,"ci_low":109321.6969084036,"mean":113206.7482160538},"6":{"std":21620.1204563807,"n_samples":170,"ci_up":110168.9419585608,"ci_low":103668.8467842357,"mean":106918.8943713982},"7":{"std":14623.5847678825,"n_samples":170,"ci_up":106230.8531625963,"ci_low":101834.2683714605,"mean":104032.5607670284},"8":{"std":20107.8320371037,"n_samples":166,"ci_up":107130.4332247115,"ci_low":101012.6050973978,"mean":104071.5191610546},"9":{"std":17758.1811401027,"n_samples":144,"ci_up":105108.5298144265,"ci_low":99307.5239753263,"mean":102208.0268948764},"10":{"std":15464.2515623292,"n_samples":99,"ci_up":103625.5825852412,"ci_low":97533.0568041509,"mean":100579.319694696},"11":{"std":14117.3011968596,"n_samples":71,"ci_up":102684.8195942136,"ci_low":96117.1911777502,"mean":99401.0053859819},"12":{"std":13711.2091206361,"n_samples":70,"ci_up":100292.3582201031,"ci_low":93868.2506915592,"mean":97080.3044558312},"13":{"std":13508.734150853,"n_samples":59,"ci_up":99207.4991068558,"ci_low":92313.4445465661,"mean":95760.471826711},"14":{"std":13634.5941918405,"n_samples":26,"ci_up":99508.1828571562,"ci_low":89026.2443021975,"mean":94267.2135796769},"15":{"std":6042.7661245904,"n_samples":19,"ci_up":92039.0840535306,"ci_low":86604.7660032127,"mean":89321.9250283717},"16":{"std":5754.5626646684,"n_samples":19,"ci_up":92029.3557325548,"ci_low":86854.2218426243,"mean":89441.7887875896},"17":{"std":0.0,"n_samples":1,"ci_up":111829.7437399415,"ci_low":111829.7437399415,"mean":111829.7437399415}}