{"0":{"std":57336.7504110325,"n_samples":131,"ci_up":160614.4839871049,"ci_low":140977.1062265918,"mean":150795.7951068484},"1":{"std":51699.1535362187,"n_samples":125,"ci_up":154862.3865850126,"ci_low":136735.8641446189,"mean":145799.1253648158},"2":{"std":47858.6936485291,"n_samples":100,"ci_up":144793.6102679647,"ci_low":126033.0023577412,"mean":135413.3063128529},"3":{"std":39424.4470691314,"n_samples":100,"ci_up":130603.0839988233,"ci_low":115148.7007477238,"mean":122875.8923732736},"4":{"std":29402.3120059141,"n_samples":96,"ci_up":120690.3033601332,"ci_low":108926.9286202757,"mean":114808.6159902044},"5":{"std":28179.2107665874,"n_samples":65,"ci_up":124609.9764693405,"ci_low":110908.7888301417,"mean":117759.3826497411},"6":{"std":16501.734158952,"n_samples":20,"ci_up":112325.365394255,"ci_low":97860.9576584445,"mean":105093.1615263498},"7":{"std":14957.9125226947,"n_samples":6,"ci_up":115405.1635552323,"ci_low":91467.5180673436,"mean":103436.340811288}}