{"0":{"std":56737.9622744872,"n_samples":171,"ci_up":160357.1346730488,"ci_low":143348.8018351137,"mean":151852.9682540813},"1":{"std":54855.5108228417,"n_samples":170,"ci_up":155189.7411082053,"ci_low":138697.4166595938,"mean":146943.5788838996},"2":{"std":48599.241236399,"n_samples":170,"ci_up":144701.0587380408,"ci_low":130089.6834649976,"mean":137395.3711015192},"3":{"std":41544.0459565646,"n_samples":170,"ci_up":132257.8012697723,"ci_low":119767.5724022219,"mean":126012.6868359971},"4":{"std":31741.093375749,"n_samples":170,"ci_up":120467.6219269967,"ci_low":110924.6534548383,"mean":115696.1376909175},"5":{"std":25844.3222746622,"n_samples":170,"ci_up":117091.7995237041,"ci_low":109321.6969084036,"mean":113206.7482160538},"6":{"std":21620.1204563807,"n_samples":170,"ci_up":110168.9419585608,"ci_low":103668.8467842357,"mean":106918.8943713982},"7":{"std":14623.5847678825,"n_samples":170,"ci_up":106230.8531625963,"ci_low":101834.2683714605,"mean":104032.5607670284},"8":{"std":20009.6312326408,"n_samples":170,"ci_up":106846.2069166866,"ci_low":100830.3057713751,"mean":103838.2563440309},"9":{"std":17231.9239160165,"n_samples":170,"ci_up":104366.2242198419,"ci_low":99185.4415448879,"mean":101775.8328823649},"10":{"std":14671.7338175974,"n_samples":170,"ci_up":101286.0598329849,"ci_low":96874.9990167811,"mean":99080.529424883},"11":{"std":14412.8909673405,"n_samples":170,"ci_up":100952.4904982293,"ci_low":96619.2508562997,"mean":98785.8706772645},"12":{"std":19092.7949609723,"n_samples":170,"ci_up":100414.4744698834,"ci_low":94674.2204023549,"mean":97544.3474361191},"13":{"std":12886.7103740942,"n_samples":170,"ci_up":97528.7615615001,"ci_low":93654.3685355883,"mean":95591.5650485442},"14":{"std":14016.2774310976,"n_samples":156,"ci_up":98192.8502038489,"ci_low":93793.8249724562,"mean":95993.3375881525},"15":{"std":10505.8494936451,"n_samples":131,"ci_up":94720.1019628651,"ci_low":91121.932660928,"mean":92921.0173118965},"16":{"std":10231.7705775134,"n_samples":106,"ci_up":94627.9532921396,"ci_low":90732.2674414815,"mean":92680.1103668105},"17":{"std":9706.0577573703,"n_samples":90,"ci_up":94106.3382671751,"ci_low":90095.7536508887,"mean":92101.0459590319},"18":{"std":9092.9475096796,"n_samples":72,"ci_up":93356.986579897,"ci_low":89156.2591477861,"mean":91256.6228638415},"19":{"std":8704.4270471937,"n_samples":70,"ci_up":92381.7412428919,"ci_low":88303.4593909012,"mean":90342.6003168966},"20":{"std":5406.5917573,"n_samples":70,"ci_up":90263.5045387845,"ci_low":87730.3561850364,"mean":88996.9303619105},"21":{"std":8266.9651859087,"n_samples":45,"ci_up":92364.0522388518,"ci_low":87533.1759186252,"mean":89948.6140787385}}