{"0":{"std":56737.9622744872,"n_samples":171,"ci_up":-143348.8018351137,"ci_low":-160357.1346730488,"mean":-151852.9682540813},"1":{"std":53077.8186319592,"n_samples":153,"ci_up":-137072.0785480034,"ci_low":-153893.1407868274,"mean":-145482.6096674154},"2":{"std":47656.1037477148,"n_samples":117,"ci_up":-126696.7734887584,"ci_low":-143967.5422208807,"mean":-135332.1578548196},"3":{"std":39424.4470691314,"n_samples":100,"ci_up":-115148.7007477238,"ci_low":-130603.0839988233,"mean":-122875.8923732736},"4":{"std":30762.221649897,"n_samples":100,"ci_up":-109364.9645243525,"ci_low":-121423.7554111121,"mean":-115394.3599677323},"5":{"std":26137.7024251525,"n_samples":87,"ci_up":-110368.2276910756,"ci_low":-121353.0705846072,"mean":-115860.6491378414},"6":{"std":15550.9528438092,"n_samples":61,"ci_up":-100763.7082005196,"ci_low":-108568.8024903709,"mean":-104666.2553454453},"7":{"std":14504.8767059652,"n_samples":19,"ci_up":-91831.9738212573,"ci_low":-104876.3498033253,"mean":-98354.1618122913},"8":{"std":11765.1301423233,"n_samples":7,"ci_up":-98367.1973617046,"ci_low":-115798.6581210871,"mean":-107082.9277413958}}