{"0":{"std":57336.7504110325,"n_samples":131,"ci_up":160614.4839871049,"ci_low":140977.1062265918,"mean":150795.7951068484},"1":{"std":52027.2898794501,"n_samples":100,"ci_up":155749.9651840671,"ci_low":135355.2675513226,"mean":145552.6163676948},"2":{"std":47858.6936485291,"n_samples":100,"ci_up":144793.6102679647,"ci_low":126033.0023577412,"mean":135413.3063128529},"3":{"std":39424.4470691314,"n_samples":100,"ci_up":130603.0839988233,"ci_low":115148.7007477238,"mean":122875.8923732736},"4":{"std":30427.2310222667,"n_samples":86,"ci_up":122699.5938286215,"ci_low":109837.8672366533,"mean":116268.7305326374},"5":{"std":30046.3225119059,"n_samples":45,"ci_up":129534.5993107686,"ci_low":111976.7573858903,"mean":120755.6783483294},"6":{"std":13231.7647441927,"n_samples":12,"ci_up":116132.7038031331,"ci_low":101159.5524467827,"mean":108646.1281249579}}