{"0":{"std":56737.9622744872,"n_samples":171,"ci_up":160357.1346730488,"ci_low":143348.8018351137,"mean":151852.9682540813},"1":{"std":54855.5108228417,"n_samples":170,"ci_up":155189.7411082053,"ci_low":138697.4166595938,"mean":146943.5788838996},"2":{"std":48599.241236399,"n_samples":170,"ci_up":144701.0587380408,"ci_low":130089.6834649976,"mean":137395.3711015192},"3":{"std":41544.0459565646,"n_samples":170,"ci_up":132257.8012697723,"ci_low":119767.5724022219,"mean":126012.6868359971},"4":{"std":31741.093375749,"n_samples":170,"ci_up":120467.6219269967,"ci_low":110924.6534548383,"mean":115696.1376909175},"5":{"std":25844.3222746622,"n_samples":170,"ci_up":117091.7995237041,"ci_low":109321.6969084036,"mean":113206.7482160538},"6":{"std":21620.1204563807,"n_samples":170,"ci_up":110168.9419585608,"ci_low":103668.8467842357,"mean":106918.8943713982},"7":{"std":14234.9373933185,"n_samples":167,"ci_up":106065.7730259701,"ci_low":101747.7655206716,"mean":103906.7692733209},"8":{"std":19907.0449640391,"n_samples":138,"ci_up":107266.6613410601,"ci_low":100623.8285438315,"mean":103945.2449424458},"9":{"std":19053.8398811659,"n_samples":96,"ci_up":106485.6639989589,"ci_low":98862.540391866,"mean":102674.1021954125},"10":{"std":14488.4970468401,"n_samples":71,"ci_up":102226.4960532238,"ci_low":95486.1804936294,"mean":98856.3382734266},"11":{"std":14196.7913267341,"n_samples":70,"ci_up":102635.160448926,"ci_low":95983.5432763765,"mean":99309.3518626512},"12":{"std":14998.3408510857,"n_samples":49,"ci_up":103250.2477517132,"ci_low":94851.1768751052,"mean":99050.7123134092},"13":{"std":11560.5682959862,"n_samples":21,"ci_up":97623.7856114783,"ci_low":87734.7121434397,"mean":92679.248877459},"14":{"std":5853.9101522107,"n_samples":19,"ci_up":92080.8879750667,"ci_low":86816.4099282263,"mean":89448.6489516465},"15":{"std":7623.1116694594,"n_samples":11,"ci_up":94779.6738275567,"ci_low":85769.7316022022,"mean":90274.7027148794}}