{"0":{"std":56737.9622744872,"n_samples":171,"ci_up":160357.1346730488,"ci_low":143348.8018351137,"mean":151852.9682540813},"1":{"std":54855.5108228417,"n_samples":170,"ci_up":155189.7411082053,"ci_low":138697.4166595938,"mean":146943.5788838996},"2":{"std":48599.241236399,"n_samples":170,"ci_up":144701.0587380408,"ci_low":130089.6834649976,"mean":137395.3711015192},"3":{"std":41544.0459565646,"n_samples":170,"ci_up":132257.8012697723,"ci_low":119767.5724022219,"mean":126012.6868359971},"4":{"std":31741.093375749,"n_samples":170,"ci_up":120467.6219269967,"ci_low":110924.6534548383,"mean":115696.1376909175},"5":{"std":27159.1076443141,"n_samples":138,"ci_up":119522.2131814764,"ci_low":110459.4210227699,"mean":114990.8171021231},"6":{"std":16318.4325500815,"n_samples":100,"ci_up":109317.3315560334,"ci_low":102920.5059964015,"mean":106118.9187762175},"7":{"std":14541.9431955837,"n_samples":97,"ci_up":107913.3760629664,"ci_low":102125.4544101335,"mean":105019.41523655},"8":{"std":15465.3897414642,"n_samples":70,"ci_up":107355.3897745948,"ci_low":100109.396675381,"mean":103732.3932249879},"9":{"std":16537.5653387268,"n_samples":62,"ci_up":105949.1709573687,"ci_low":97716.1011960631,"mean":101832.6360767159},"10":{"std":15948.0987013332,"n_samples":25,"ci_up":103806.1612359865,"ci_low":91302.8518541412,"mean":97554.5065450639},"11":{"std":7610.0518808864,"n_samples":19,"ci_up":95746.6752570396,"ci_low":88902.8819598169,"mean":92324.7786084282},"12":{"std":15557.7492822587,"n_samples":5,"ci_up":114860.6925538457,"ci_low":87586.7555357749,"mean":101223.7240448103}}